0 Batman color
0 Name: 
0 Author: 
0 STEP
1 0 0 24 270 0 0 1 0 -1 0 1 0 0 3004.DAT 
1 0 0 24 310 0 0 1 0 -1 0 1 0 0 3004.DAT 
1 0 20 24 230 0 0 1 0 -1 0 1 0 0 3004.DAT 
1 0 50 24 210 0 0 1 0 -1 0 1 0 0 3003.DAT 
1 0 80 24 210 0 0 1 0 -1 0 1 0 0 3004.DAT 
1 0 110 24 220 -1 0 0 0 -1 0 0 0 1 3004.DAT 
1 0 130 24 240 -1 0 0 0 -1 0 0 0 1 3004.DAT 
1 0 150 24 220 -1 0 0 0 -1 0 0 0 1 3004.DAT 
1 0 170 24 200 -1 0 0 0 -1 0 0 0 1 3004.DAT 
1 0 190 24 220 -1 0 0 0 -1 0 0 0 1 3004.DAT 
1 0 210 24 200 -1 0 0 0 -1 0 0 0 1 3004.DAT 
1 0 270 24 190 1 0 0 0 -1 0 0 0 -1 3001.DAT 
1 0 330 24 190 0 0 1 0 -1 0 1 0 0 3003.DAT 
1 0 330 24 220 -1 0 0 0 -1 0 0 0 1 3004.DAT 
1 0 370 24 200 -1 0 0 0 -1 0 0 0 1 3004.DAT 
1 0 390 24 220 -1 0 0 0 -1 0 0 0 1 3004.DAT 
1 0 410 24 200 -1 0 0 0 -1 0 0 0 1 3004.DAT 
1 0 430 24 220 -1 0 0 0 -1 0 0 0 1 3004.DAT 
1 0 450 24 200 -1 0 0 0 -1 0 0 0 1 3004.DAT 
1 0 470 24 220 -1 0 0 0 -1 0 0 0 1 3004.DAT 
1 0 490 24 190 0 0 1 0 -1 0 1 0 0 3003.DAT 
1 256 500 24 350 0 0 1 0 -1 0 1 0 0 3004.DAT 
1 256 500 24 390 0 0 1 0 -1 0 1 0 0 3004.DAT 
1 0 530 24 200 -1 0 0 0 -1 0 0 0 1 3004.DAT 
1 256 520 24 330 0 0 1 0 -1 0 1 0 0 3004.DAT 
1 256 520 24 410 0 0 1 0 -1 0 1 0 0 3004.DAT 
1 256 540 24 310 0 0 1 0 -1 0 1 0 0 3004.DAT 
1 256 550 24 420 -1 0 0 0 -1 0 0 0 1 3004.DAT 
1 0 570 24 200 -1 0 0 0 -1 0 0 0 1 3004.DAT 
1 256 560 24 290 0 0 1 0 -1 0 1 0 0 3004.DAT 
1 0 590 24 180 -1 0 0 0 -1 0 0 0 1 3004.DAT 
1 256 590 24 290 0 0 1 0 -1 0 1 0 0 3001.DAT 
1 256 590 24 380 -1 0 0 0 -1 0 0 0 1 3004.DAT 
1 256 580 24 420 -1 0 0 0 -1 0 0 0 1 3005.dat 
1 0 610 24 200 -1 0 0 0 -1 0 0 0 1 3004.DAT 
1 256 630 24 230 1 0 0 0 -1 0 0 0 -1 3001.DAT 
1 256 610 24 360 -1 0 0 0 -1 0 0 0 1 3004.DAT 
1 256 600 24 400 -1 0 0 0 -1 0 0 0 1 3005.dat 
1 0 630 24 180 -1 0 0 0 -1 0 0 0 1 3004.DAT 
1 256 630 24 290 0 0 1 0 -1 0 1 0 0 3001.DAT 
1 256 620 24 340 -1 0 0 0 -1 0 0 0 1 3005.dat 
1 0 670 24 160 -1 0 0 0 -1 0 0 0 1 3004.DAT 
1 256 670 24 270 0 0 1 0 -1 0 1 0 0 3003.DAT 
1 256 660 24 300 -1 0 0 0 -1 0 0 0 1 3005.dat 
1 256 680 24 230 0 0 1 0 -1 0 1 0 0 3004.DAT 
1 0 700 24 170 0 0 1 0 -1 0 1 0 0 3004.DAT 
1 0 710 24 200 -1 0 0 0 -1 0 0 0 1 3004.DAT 
1 0 750 24 160 -1 0 0 0 -1 0 0 0 1 3004.DAT 
1 0 740 24 210 0 0 1 0 -1 0 1 0 0 3004.DAT 
1 0 830 24 160 -1 0 0 0 -1 0 0 0 1 3004.DAT 
1 0 850 24 180 -1 0 0 0 -1 0 0 0 1 3004.DAT 
1 0 870 24 160 -1 0 0 0 -1 0 0 0 1 3004.DAT 
1 0 890 24 180 -1 0 0 0 -1 0 0 0 1 3004.DAT 
1 0 910 24 160 -1 0 0 0 -1 0 0 0 1 3004.DAT 
1 256 920 24 430 0 0 1 0 -1 0 1 0 0 3004.DAT 
1 256 920 24 470 0 0 1 0 -1 0 1 0 0 3004.DAT 
1 256 930 24 500 -1 0 0 0 -1 0 0 0 1 3004.DAT 
1 0 950 24 180 -1 0 0 0 -1 0 0 0 1 3004.DAT 
1 256 950 24 410 0 0 1 0 -1 0 1 0 0 3003.DAT 
1 256 940 24 530 0 0 1 0 -1 0 1 0 0 3004.DAT 
1 0 970 24 160 -1 0 0 0 -1 0 0 0 1 3004.DAT 
1 256 960 24 550 0 0 1 0 -1 0 1 0 0 3004.DAT 
1 256 970 24 580 -1 0 0 0 -1 0 0 0 1 3004.DAT 
1 0 990 24 140 -1 0 0 0 -1 0 0 0 1 3004.DAT 
1 0 990 24 180 -1 0 0 0 -1 0 0 0 1 3004.DAT 
1 256 990 24 420 -1 0 0 0 -1 0 0 0 1 3004.DAT 
1 256 990 24 490 0 0 1 0 -1 0 1 0 0 3003.DAT 
1 256 990 24 610 0 0 1 0 -1 0 1 0 0 3003.DAT 
1 0 1000 24 160 -1 0 0 0 -1 0 0 0 1 3005.dat 
1 256 1000 24 450 0 0 1 0 -1 0 1 0 0 3004.DAT 
1 0 1020 24 140 -1 0 0 0 -1 0 0 0 1 3005.dat 
1 256 1020 24 490 0 0 1 0 -1 0 1 0 0 3004.DAT 
1 256 1020 24 630 0 0 1 0 -1 0 1 0 0 3004.DAT 
1 256 1040 24 510 0 0 1 0 -1 0 1 0 0 3004.DAT 
1 256 1050 24 640 -1 0 0 0 -1 0 0 0 1 3004.DAT 
1 256 1060 24 530 0 0 1 0 -1 0 1 0 0 3004.DAT 
1 256 1070 24 560 -1 0 0 0 -1 0 0 0 1 3004.DAT 
1 256 1060 24 610 0 0 1 0 -1 0 1 0 0 3004.DAT 
1 256 1080 24 590 0 0 1 0 -1 0 1 0 0 3004.DAT 
1 256 1080 24 620 -1 0 0 0 -1 0 0 0 1 3005.dat 
1 0 670 24 180 -1 0 0 0 -1 0 0 0 1 3004.DAT 
1 0 790 24 160 -1 0 0 0 -1 0 0 0 1 3004.DAT 
1 0 730 24 180 -1 0 0 0 -1 0 0 0 1 3004.DAT 
0 STEP
1 0 10 48 250 0 0 1 0 -1 0 1 0 0 3003.DAT 
1 0 0 48 290 0 0 1 0 -1 0 1 0 0 3004.DAT 
1 0 0 48 330 0 0 1 0 -1 0 1 0 0 3004.DAT 
1 0 50 48 220 -1 0 0 0 -1 0 0 0 1 3004.DAT 
1 0 50 48 240 -1 0 0 0 -1 0 0 0 1 3004.DAT 
1 0 100 48 250 0 0 1 0 -1 0 1 0 0 3004.DAT 
1 0 130 48 240 -1 0 0 0 -1 0 0 0 1 3004.DAT 
1 0 170 48 250 0 0 1 0 -1 0 1 0 0 3003.DAT 
1 0 210 48 230 0 0 1 0 -1 0 1 0 0 3003.DAT 
1 0 240 48 230 0 0 1 0 -1 0 1 0 0 3004.DAT 
1 0 270 48 220 -1 0 0 0 -1 0 0 0 1 3004.DAT 
1 0 290 48 200 -1 0 0 0 -1 0 0 0 1 3004.DAT 
1 0 290 48 240 -1 0 0 0 -1 0 0 0 1 3004.DAT 
1 0 310 48 220 -1 0 0 0 -1 0 0 0 1 3004.DAT 
1 0 320 48 240 -1 0 0 0 -1 0 0 0 1 3005.dat 
1 0 350 48 220 -1 0 0 0 -1 0 0 0 1 3004.DAT 
1 0 370 48 240 -1 0 0 0 -1 0 0 0 1 3004.DAT 
1 0 390 48 220 -1 0 0 0 -1 0 0 0 1 3004.DAT 
1 0 410 48 240 -1 0 0 0 -1 0 0 0 1 3004.DAT 
1 0 430 48 220 -1 0 0 0 -1 0 0 0 1 3004.DAT 
1 0 470 48 220 -1 0 0 0 -1 0 0 0 1 3004.DAT 
1 0 490 48 200 -1 0 0 0 -1 0 0 0 1 3004.DAT 
1 0 510 48 220 -1 0 0 0 -1 0 0 0 1 3004.DAT 
1 256 500 48 350 0 0 1 0 -1 0 1 0 0 3004.DAT 
1 256 500 48 390 0 0 1 0 -1 0 1 0 0 3004.DAT 
1 0 530 48 200 -1 0 0 0 -1 0 0 0 1 3004.DAT 
1 256 520 48 330 0 0 1 0 -1 0 1 0 0 3004.DAT 
1 256 530 48 420 -1 0 0 0 -1 0 0 0 1 3004.DAT 
1 256 540 48 290 0 0 1 0 -1 0 1 0 0 3004.DAT 
1 0 570 48 200 -1 0 0 0 -1 0 0 0 1 3004.DAT 
1 256 560 48 270 0 0 1 0 -1 0 1 0 0 3004.DAT 
1 256 570 48 420 -1 0 0 0 -1 0 0 0 1 3004.DAT 
1 256 580 48 250 0 0 1 0 -1 0 1 0 0 3004.DAT 
1 256 590 48 400 -1 0 0 0 -1 0 0 0 1 3004.DAT 
1 0 610 48 200 -1 0 0 0 -1 0 0 0 1 3004.DAT 
1 256 600 48 230 0 0 1 0 -1 0 1 0 0 3004.DAT 
1 256 610 48 370 0 0 1 0 -1 0 1 0 0 3003.DAT 
1 256 630 48 340 1 0 0 0 -1 0 0 0 -1 3004.DAT 
1 0 650 48 200 -1 0 0 0 -1 0 0 0 1 3004.DAT 
1 256 660 48 290 0 0 1 0 -1 0 1 0 0 3004.DAT 
1 256 660 48 320 -1 0 0 0 -1 0 0 0 1 3005.dat 
1 0 690 48 200 -1 0 0 0 -1 0 0 0 1 3004.DAT 
1 256 680 48 250 0 0 1 0 -1 0 1 0 0 3004.DAT 
1 256 680 48 280 -1 0 0 0 -1 0 0 0 1 3005.dat 
1 0 710 48 180 -1 0 0 0 -1 0 0 0 1 3004.DAT 
1 0 710 48 220 -1 0 0 0 -1 0 0 0 1 3004.DAT 
1 0 730 48 240 -1 0 0 0 -1 0 0 0 1 3004.DAT 
1 0 750 48 220 -1 0 0 0 -1 0 0 0 1 3004.DAT 
1 0 790 48 180 -1 0 0 0 -1 0 0 0 1 3004.DAT 
1 0 760 48 200 -1 0 0 0 -1 0 0 0 1 3005.dat 
1 0 770 48 240 -1 0 0 0 -1 0 0 0 1 3004.DAT 
1 0 830 48 180 -1 0 0 0 -1 0 0 0 1 3004.DAT 
1 0 870 48 180 -1 0 0 0 -1 0 0 0 1 3004.DAT 
1 0 900 48 190 0 0 1 0 -1 0 1 0 0 3004.DAT 
1 256 920 48 430 0 0 1 0 -1 0 1 0 0 3004.DAT 
1 256 920 48 470 0 0 1 0 -1 0 1 0 0 3004.DAT 
1 0 950 48 200 -1 0 0 0 -1 0 0 0 1 3004.DAT 
1 256 940 48 410 0 0 1 0 -1 0 1 0 0 3004.DAT 
1 256 940 48 510 0 0 1 0 -1 0 1 0 0 3004.DAT 
1 256 940 48 540 -1 0 0 0 -1 0 0 0 1 3005.dat 
1 256 970 48 400 -1 0 0 0 -1 0 0 0 1 3004.DAT 
1 256 960 48 570 0 0 1 0 -1 0 1 0 0 3004.DAT 
1 256 980 48 420 -1 0 0 0 -1 0 0 0 1 3005.dat 
1 256 980 48 590 0 0 1 0 -1 0 1 0 0 3004.DAT 
1 256 1000 48 450 0 0 1 0 -1 0 1 0 0 3004.DAT 
1 256 1000 48 610 0 0 1 0 -1 0 1 0 0 3004.DAT 
1 256 1020 48 470 0 0 1 0 -1 0 1 0 0 3004.DAT 
1 256 1030 48 630 0 0 1 0 -1 0 1 0 0 3003.DAT 
1 256 1040 48 510 0 0 1 0 -1 0 1 0 0 3004.DAT 
1 256 1050 48 540 -1 0 0 0 -1 0 0 0 1 3004.DAT 
1 256 1060 48 520 -1 0 0 0 -1 0 0 0 1 3005.dat 
1 256 1070 48 560 -1 0 0 0 -1 0 0 0 1 3004.DAT 
1 256 1060 48 630 0 0 1 0 -1 0 1 0 0 3004.DAT 
1 256 1080 48 590 0 0 1 0 -1 0 1 0 0 3004.DAT 
1 256 1080 48 620 -1 0 0 0 -1 0 0 0 1 3005.dat 
1 0 730 48 200 -1 0 0 0 -1 0 0 0 1 3004.DAT 
1 0 920 48 190 0 0 1 0 -1 0 1 0 0 3004.DAT 
1 0 890 48 220 -1 0 0 0 -1 0 0 0 1 3004.DAT 
1 0 850 48 220 -1 0 0 0 -1 0 0 0 1 3004.DAT 
1 0 810 48 220 -1 0 0 0 -1 0 0 0 1 3004.DAT 
1 0 870 48 200 -1 0 0 0 -1 0 0 0 1 3004.DAT 
1 0 830 48 200 -1 0 0 0 -1 0 0 0 1 3004.DAT 
1 0 790 48 200 -1 0 0 0 -1 0 0 0 1 3004.DAT 
1 0 750 48 170 0 0 1 0 -1 0 1 0 0 3003.DAT 
1 0 990 48 200 -1 0 0 0 -1 0 0 0 1 3004.DAT 
1 0 1010 48 180 -1 0 0 0 -1 0 0 0 1 3004.DAT 
1 0 1030 48 160 -1 0 0 0 -1 0 0 0 1 3004.DAT 
1 0 1030 48 140 -1 0 0 0 -1 0 0 0 1 3004.DAT 
1 0 80 48 230 0 0 1 0 -1 0 1 0 0 3004.DAT 
0 STEP
1 0 0 72 270 0 0 1 0 -1 0 1 0 0 3004.DAT 
1 0 0 72 310 0 0 1 0 -1 0 1 0 0 3004.DAT 
1 0 0 72 340 -1 0 0 0 -1 0 0 0 1 3005.dat 
1 0 20 72 250 0 0 1 0 -1 0 1 0 0 3004.DAT 
1 0 130 72 260 -1 0 0 0 -1 0 0 0 1 3004.DAT 
1 0 170 72 260 -1 0 0 0 -1 0 0 0 1 3004.DAT 
1 0 210 72 260 -1 0 0 0 -1 0 0 0 1 3004.DAT 
1 0 230 72 240 -1 0 0 0 -1 0 0 0 1 3004.DAT 
1 0 250 72 260 -1 0 0 0 -1 0 0 0 1 3004.DAT 
1 0 270 72 240 -1 0 0 0 -1 0 0 0 1 3004.DAT 
1 0 290 72 260 -1 0 0 0 -1 0 0 0 1 3004.DAT 
1 0 330 72 250 0 0 1 0 -1 0 1 0 0 3003.DAT 
1 0 450 72 220 -1 0 0 0 -1 0 0 0 1 3004.DAT 
1 0 510 72 210 1 0 0 0 -1 0 0 0 -1 3001.DAT 
1 256 510 72 370 0 0 1 0 -1 0 1 0 0 3003.DAT 
1 256 510 72 400 -1 0 0 0 -1 0 0 0 1 3004.DAT 
1 256 520 72 330 0 0 1 0 -1 0 1 0 0 3004.DAT 
1 256 530 72 420 -1 0 0 0 -1 0 0 0 1 3004.DAT 
1 256 540 72 310 0 0 1 0 -1 0 1 0 0 3004.DAT 
1 0 560 72 210 0 0 1 0 -1 0 1 0 0 3004.DAT 
1 256 560 72 270 0 0 1 0 -1 0 1 0 0 3004.DAT 
1 256 560 72 420 -1 0 0 0 -1 0 0 0 1 3005.dat 
1 256 580 72 250 0 0 1 0 -1 0 1 0 0 3004.DAT 
1 256 580 72 390 0 0 1 0 -1 0 1 0 0 3004.DAT 
1 256 600 72 370 0 0 1 0 -1 0 1 0 0 3004.DAT 
1 256 620 72 360 -1 0 0 0 -1 0 0 0 1 3005.dat 
1 256 640 72 330 0 0 1 0 -1 0 1 0 0 3004.DAT 
1 0 660 72 210 0 0 1 0 -1 0 1 0 0 3004.DAT 
1 256 660 72 290 0 0 1 0 -1 0 1 0 0 3004.DAT 
1 256 660 72 320 -1 0 0 0 -1 0 0 0 1 3005.dat 
1 0 690 72 220 -1 0 0 0 -1 0 0 0 1 3004.DAT 
1 256 680 72 250 0 0 1 0 -1 0 1 0 0 3004.DAT 
1 256 680 72 280 -1 0 0 0 -1 0 0 0 1 3005.dat 
1 0 710 72 240 -1 0 0 0 -1 0 0 0 1 3004.DAT 
1 0 720 72 220 -1 0 0 0 -1 0 0 0 1 3005.dat 
1 0 740 72 250 0 0 1 0 -1 0 1 0 0 3004.DAT 
1 0 770 72 230 0 0 1 0 -1 0 1 0 0 3003.DAT 
1 0 770 72 260 -1 0 0 0 -1 0 0 0 1 3004.DAT 
1 0 810 72 250 0 0 1 0 -1 0 1 0 0 3003.DAT 
1 256 920 72 430 0 0 1 0 -1 0 1 0 0 3004.DAT 
1 256 920 72 470 0 0 1 0 -1 0 1 0 0 3004.DAT 
1 256 920 72 500 -1 0 0 0 -1 0 0 0 1 3005.dat 
1 256 950 72 420 -1 0 0 0 -1 0 0 0 1 3004.DAT 
1 256 940 72 530 0 0 1 0 -1 0 1 0 0 3004.DAT 
1 0 970 72 220 -1 0 0 0 -1 0 0 0 1 3004.DAT 
1 256 970 72 560 -1 0 0 0 -1 0 0 0 1 3004.DAT 
1 256 980 72 430 0 0 1 0 -1 0 1 0 0 3004.DAT 
1 256 1010 72 590 1 0 0 0 -1 0 0 0 -1 3001.DAT 
1 0 1010 72 180 -1 0 0 0 -1 0 0 0 1 3004.DAT 
1 256 1000 72 450 0 0 1 0 -1 0 1 0 0 3004.DAT 
1 256 1010 72 620 -1 0 0 0 -1 0 0 0 1 3004.DAT 
1 0 1030 72 160 -1 0 0 0 -1 0 0 0 1 3004.DAT 
1 256 1020 72 470 0 0 1 0 -1 0 1 0 0 3004.DAT 
1 0 1040 72 140 -1 0 0 0 -1 0 0 0 1 3005.dat 
1 256 1040 72 510 0 0 1 0 -1 0 1 0 0 3004.DAT 
1 256 1050 72 550 0 0 1 0 -1 0 1 0 0 3003.DAT 
1 256 1050 72 620 -1 0 0 0 -1 0 0 0 1 3004.DAT 
1 256 1070 72 590 0 0 1 0 -1 0 1 0 0 3003.DAT 
1 0 850 72 240 -1 0 0 0 -1 0 0 0 1 3004.DAT 
1 0 890 72 240 -1 0 0 0 -1 0 0 0 1 3004.DAT 
1 0 930 72 220 -1 0 0 0 -1 0 0 0 1 3004.DAT 
1 0 70 72 250 1 0 0 0 -1 0 0 0 -1 3001.dat 
1 0 390 72 250 1 0 0 0 -1 0 0 0 -1 3001.dat 
1 0 610 72 210 1 0 0 0 -1 0 0 0 -1 3001.dat 
1 0 990 72 200 -1 0 0 0 -1 0 0 0 1 3004.DAT 
0 STEP
1 0 0 96 290 0 0 1 0 -1 0 1 0 0 3004.DAT 
1 0 0 96 330 0 0 1 0 -1 0 1 0 0 3004.DAT 
1 0 20 96 270 0 0 1 0 -1 0 1 0 0 3004.DAT 
1 0 170 96 280 -1 0 0 0 -1 0 0 0 1 3004.DAT 
1 0 210 96 280 -1 0 0 0 -1 0 0 0 1 3004.DAT 
1 0 230 96 260 -1 0 0 0 -1 0 0 0 1 3004.DAT 
1 0 250 96 280 -1 0 0 0 -1 0 0 0 1 3004.DAT 
1 0 280 96 270 0 0 1 0 -1 0 1 0 0 3004.DAT 
1 0 310 96 260 -1 0 0 0 -1 0 0 0 1 3004.DAT 
1 0 350 96 260 -1 0 0 0 -1 0 0 0 1 3004.DAT 
1 0 390 96 260 -1 0 0 0 -1 0 0 0 1 3004.DAT 
1 0 410 96 240 -1 0 0 0 -1 0 0 0 1 3004.DAT 
1 0 450 96 220 -1 0 0 0 -1 0 0 0 1 3004.DAT 
1 0 470 96 200 -1 0 0 0 -1 0 0 0 1 3004.DAT 
1 0 490 96 220 -1 0 0 0 -1 0 0 0 1 3004.DAT 
1 0 510 96 200 -1 0 0 0 -1 0 0 0 1 3004.DAT 
1 0 530 96 220 -1 0 0 0 -1 0 0 0 1 3004.DAT 
1 256 530 96 370 0 0 1 0 -1 0 1 0 0 3001.DAT 
1 0 550 96 200 -1 0 0 0 -1 0 0 0 1 3004.DAT 
1 256 550 96 310 0 0 1 0 -1 0 1 0 0 3003.DAT 
1 0 560 96 220 -1 0 0 0 -1 0 0 0 1 3005.dat 
1 256 560 96 270 0 0 1 0 -1 0 1 0 0 3004.DAT 
1 256 560 96 350 0 0 1 0 -1 0 1 0 0 3004.DAT 
1 256 560 96 390 0 0 1 0 -1 0 1 0 0 3004.DAT 
1 0 590 96 200 -1 0 0 0 -1 0 0 0 1 3004.DAT 
1 256 580 96 250 0 0 1 0 -1 0 1 0 0 3004.DAT 
1 256 590 96 370 0 0 1 0 -1 0 1 0 0 3003.DAT 
1 256 600 96 230 0 0 1 0 -1 0 1 0 0 3004.DAT 
1 0 650 96 200 -1 0 0 0 -1 0 0 0 1 3004.DAT 
1 256 620 96 350 0 0 1 0 -1 0 1 0 0 3004.DAT 
1 256 640 96 330 0 0 1 0 -1 0 1 0 0 3004.DAT 
1 0 620 96 210 0 0 1 0 -1 0 1 0 0 3004.DAT 
1 256 660 96 290 0 0 1 0 -1 0 1 0 0 3004.DAT 
1 256 660 96 320 -1 0 0 0 -1 0 0 0 1 3005.dat 
1 256 680 96 250 0 0 1 0 -1 0 1 0 0 3004.DAT 
1 256 680 96 280 -1 0 0 0 -1 0 0 0 1 3005.dat 
1 0 710 96 240 -1 0 0 0 -1 0 0 0 1 3004.DAT 
1 0 730 96 260 -1 0 0 0 -1 0 0 0 1 3004.DAT 
1 0 740 96 240 -1 0 0 0 -1 0 0 0 1 3005.dat 
1 0 770 96 260 -1 0 0 0 -1 0 0 0 1 3004.DAT 
1 0 810 96 270 0 0 1 0 -1 0 1 0 0 3003.DAT 
1 0 840 96 250 0 0 1 0 -1 0 1 0 0 3004.DAT 
1 0 870 96 260 -1 0 0 0 -1 0 0 0 1 3004.DAT 
1 0 910 96 260 -1 0 0 0 -1 0 0 0 1 3004.DAT 
1 0 930 96 240 -1 0 0 0 -1 0 0 0 1 3004.DAT 
1 256 920 96 450 0 0 1 0 -1 0 1 0 0 3004.DAT 
1 256 920 96 490 0 0 1 0 -1 0 1 0 0 3004.DAT 
1 256 930 96 520 -1 0 0 0 -1 0 0 0 1 3004.DAT 
1 0 950 96 220 -1 0 0 0 -1 0 0 0 1 3004.DAT 
1 256 950 96 420 -1 0 0 0 -1 0 0 0 1 3004.DAT 
1 256 950 96 540 -1 0 0 0 -1 0 0 0 1 3004.DAT 
1 0 970 96 200 -1 0 0 0 -1 0 0 0 1 3004.DAT 
1 256 970 96 560 -1 0 0 0 -1 0 0 0 1 3004.DAT 
1 0 980 96 180 -1 0 0 0 -1 0 0 0 1 3005.dat 
1 256 980 96 420 -1 0 0 0 -1 0 0 0 1 3005.dat 
1 256 990 96 580 -1 0 0 0 -1 0 0 0 1 3004.DAT 
1 0 1010 96 160 -1 0 0 0 -1 0 0 0 1 3004.DAT 
1 256 1000 96 450 0 0 1 0 -1 0 1 0 0 3004.DAT 
1 256 1010 96 560 -1 0 0 0 -1 0 0 0 1 3004.DAT 
1 256 1020 96 470 0 0 1 0 -1 0 1 0 0 3004.DAT 
1 256 1030 96 500 -1 0 0 0 -1 0 0 0 1 3004.DAT 
1 256 1030 96 540 -1 0 0 0 -1 0 0 0 1 3004.DAT 
1 256 1020 96 580 -1 0 0 0 -1 0 0 0 1 3005.dat 
1 0 1040 96 160 -1 0 0 0 -1 0 0 0 1 3005.dat 
1 256 1040 96 520 -1 0 0 0 -1 0 0 0 1 3005.dat 
1 256 1040 96 560 -1 0 0 0 -1 0 0 0 1 3005.dat 
1 0 130 96 260 -1 0 0 0 -1 0 0 0 1 3004.DAT 
1 0 70 96 250 1 0 0 0 -1 0 0 0 -1 3001.dat 
1 0 670 96 220 -1 0 0 0 -1 0 0 0 1 3004.DAT 
0 STEP
1 0 0 120 310 0 0 1 0 -1 0 1 0 0 3004.DAT 
1 0 10 120 340 -1 0 0 0 -1 0 0 0 1 3004.DAT 
1 0 20 120 290 0 0 1 0 -1 0 1 0 0 3004.DAT 
1 0 50 120 260 -1 0 0 0 -1 0 0 0 1 3004.DAT 
1 0 60 120 240 -1 0 0 0 -1 0 0 0 1 3005.dat 
1 0 90 120 260 -1 0 0 0 -1 0 0 0 1 3004.DAT 
1 0 110 120 280 -1 0 0 0 -1 0 0 0 1 3004.DAT 
1 0 150 120 280 -1 0 0 0 -1 0 0 0 1 3004.DAT 
1 0 190 120 290 0 0 1 0 -1 0 1 0 0 3003.DAT 
1 0 230 120 300 -1 0 0 0 -1 0 0 0 1 3004.DAT 
1 0 250 120 280 -1 0 0 0 -1 0 0 0 1 3004.DAT 
1 0 290 120 280 -1 0 0 0 -1 0 0 0 1 3004.DAT 
1 0 310 120 260 -1 0 0 0 -1 0 0 0 1 3004.DAT 
1 0 330 120 280 -1 0 0 0 -1 0 0 0 1 3004.DAT 
1 0 410 120 240 -1 0 0 0 -1 0 0 0 1 3004.DAT 
1 256 550 120 320 -1 0 0 0 -1 0 0 0 1 3004.DAT 
1 256 560 120 290 0 0 1 0 -1 0 1 0 0 3004.DAT 
1 256 570 120 340 -1 0 0 0 -1 0 0 0 1 3004.DAT 
1 256 580 120 250 0 0 1 0 -1 0 1 0 0 3004.DAT 
1 256 580 120 280 -1 0 0 0 -1 0 0 0 1 3005.dat 
1 256 590 120 360 -1 0 0 0 -1 0 0 0 1 3004.DAT 
1 256 610 120 340 -1 0 0 0 -1 0 0 0 1 3004.DAT 
1 256 640 120 330 0 0 1 0 -1 0 1 0 0 3004.DAT 
1 256 660 120 310 0 0 1 0 -1 0 1 0 0 3004.DAT 
1 0 680 120 230 0 0 1 0 -1 0 1 0 0 3004.DAT 
1 256 680 120 270 0 0 1 0 -1 0 1 0 0 3004.DAT 
1 256 680 120 300 -1 0 0 0 -1 0 0 0 1 3005.dat 
1 0 710 120 240 -1 0 0 0 -1 0 0 0 1 3004.DAT 
1 0 730 120 260 -1 0 0 0 -1 0 0 0 1 3004.DAT 
1 0 790 120 270 1 0 0 0 -1 0 0 0 -1 3001.DAT 
1 0 920 120 260 -1 0 0 0 -1 0 0 0 1 3005.dat 
1 256 920 120 450 0 0 1 0 -1 0 1 0 0 3004.DAT 
1 256 920 120 490 0 0 1 0 -1 0 1 0 0 3004.DAT 
1 256 930 120 520 -1 0 0 0 -1 0 0 0 1 3004.DAT 
1 0 940 120 230 0 0 1 0 -1 0 1 0 0 3004.DAT 
1 256 940 120 430 0 0 1 0 -1 0 1 0 0 3004.DAT 
1 256 950 120 540 -1 0 0 0 -1 0 0 0 1 3004.DAT 
1 0 960 120 210 0 0 1 0 -1 0 1 0 0 3004.DAT 
1 256 970 120 420 -1 0 0 0 -1 0 0 0 1 3004.DAT 
1 256 970 120 560 -1 0 0 0 -1 0 0 0 1 3004.DAT 
1 0 990 120 180 -1 0 0 0 -1 0 0 0 1 3004.DAT 
1 256 990 120 440 -1 0 0 0 -1 0 0 0 1 3004.DAT 
1 0 1010 120 160 -1 0 0 0 -1 0 0 0 1 3004.DAT 
1 256 1010 120 560 -1 0 0 0 -1 0 0 0 1 3004.DAT 
1 0 1040 120 160 -1 0 0 0 -1 0 0 0 1 3005.dat 
1 0 630 120 210 1 0 0 0 -1 0 0 0 -1 3001.DAT 
1 0 370 120 260 -1 0 0 0 -1 0 0 0 1 3004.DAT 
1 0 870 120 270 1 0 0 0 -1 0 0 0 -1 3001.DAT 
1 0 550 120 210 1 0 0 0 -1 0 0 0 -1 3001.DAT 
1 0 470 120 210 1 0 0 0 -1 0 0 0 -1 3001.DAT 
1 256 1030 120 540 -1 0 0 0 -1 0 0 0 1 3004.DAT 
1 256 1010 120 490 0 0 1 0 -1 0 1 0 0 3001.dat 
0 STEP
1 0 10 144 320 -1 0 0 0 -1 0 0 0 1 3004.DAT 
1 0 20 144 300 -1 0 0 0 -1 0 0 0 1 3005.dat 
1 0 20 144 340 -1 0 0 0 -1 0 0 0 1 3005.dat 
1 0 130 144 280 -1 0 0 0 -1 0 0 0 1 3004.DAT 
1 0 160 144 290 0 0 1 0 -1 0 1 0 0 3004.DAT 
1 0 190 144 300 -1 0 0 0 -1 0 0 0 1 3004.DAT 
1 0 230 144 300 -1 0 0 0 -1 0 0 0 1 3004.DAT 
1 0 260 144 290 0 0 1 0 -1 0 1 0 0 3004.DAT 
1 0 290 144 280 -1 0 0 0 -1 0 0 0 1 3004.DAT 
1 0 310 144 300 -1 0 0 0 -1 0 0 0 1 3004.DAT 
1 0 330 144 280 -1 0 0 0 -1 0 0 0 1 3004.DAT 
1 0 360 144 280 -1 0 0 0 -1 0 0 0 1 3005.dat 
1 0 390 144 260 -1 0 0 0 -1 0 0 0 1 3004.DAT 
1 0 410 144 240 -1 0 0 0 -1 0 0 0 1 3004.DAT 
1 0 430 144 220 -1 0 0 0 -1 0 0 0 1 3004.DAT 
1 0 450 144 200 -1 0 0 0 -1 0 0 0 1 3004.DAT 
1 0 490 144 200 -1 0 0 0 -1 0 0 0 1 3004.DAT 
1 0 530 144 200 -1 0 0 0 -1 0 0 0 1 3004.DAT 
1 0 570 144 200 -1 0 0 0 -1 0 0 0 1 3004.DAT 
1 256 570 144 290 0 0 1 0 -1 0 1 0 0 3003.DAT 
1 256 570 144 320 -1 0 0 0 -1 0 0 0 1 3004.DAT 
1 256 580 144 250 0 0 1 0 -1 0 1 0 0 3004.DAT 
1 256 590 144 340 -1 0 0 0 -1 0 0 0 1 3004.DAT 
1 0 610 144 200 -1 0 0 0 -1 0 0 0 1 3004.DAT 
1 256 600 144 240 -1 0 0 0 -1 0 0 0 1 3005.dat 
1 256 630 144 220 -1 0 0 0 -1 0 0 0 1 3004.DAT 
1 256 630 144 340 -1 0 0 0 -1 0 0 0 1 3004.DAT 
1 0 650 144 200 -1 0 0 0 -1 0 0 0 1 3004.DAT 
1 256 650 144 320 -1 0 0 0 -1 0 0 0 1 3004.DAT 
1 0 670 144 220 -1 0 0 0 -1 0 0 0 1 3004.DAT 
1 0 690 144 240 -1 0 0 0 -1 0 0 0 1 3004.DAT 
1 256 680 144 270 0 0 1 0 -1 0 1 0 0 3004.DAT 
1 256 680 144 300 -1 0 0 0 -1 0 0 0 1 3005.dat 
1 0 730 144 260 -1 0 0 0 -1 0 0 0 1 3004.DAT 
1 0 750 144 280 -1 0 0 0 -1 0 0 0 1 3004.DAT 
1 0 770 144 260 -1 0 0 0 -1 0 0 0 1 3004.DAT 
1 0 790 144 280 -1 0 0 0 -1 0 0 0 1 3004.DAT 
1 0 830 144 280 -1 0 0 0 -1 0 0 0 1 3004.DAT 
1 0 870 144 280 -1 0 0 0 -1 0 0 0 1 3004.DAT 
1 0 890 144 260 -1 0 0 0 -1 0 0 0 1 3004.DAT 
1 256 900 144 470 0 0 1 0 -1 0 1 0 0 3004.DAT 
1 0 920 144 230 0 0 1 0 -1 0 1 0 0 3004.DAT 
1 256 920 144 450 0 0 1 0 -1 0 1 0 0 3004.DAT 
1 256 920 144 490 0 0 1 0 -1 0 1 0 0 3004.DAT 
1 0 940 144 210 0 0 1 0 -1 0 1 0 0 3004.DAT 
1 256 940 144 430 0 0 1 0 -1 0 1 0 0 3004.DAT 
1 256 950 144 540 -1 0 0 0 -1 0 0 0 1 3004.DAT 
1 0 960 144 190 0 0 1 0 -1 0 1 0 0 3004.DAT 
1 256 970 144 420 -1 0 0 0 -1 0 0 0 1 3004.DAT 
1 256 970 144 560 -1 0 0 0 -1 0 0 0 1 3004.DAT 
1 0 990 144 180 -1 0 0 0 -1 0 0 0 1 3004.DAT 
1 256 990 144 440 -1 0 0 0 -1 0 0 0 1 3004.DAT 
1 256 1010 144 460 -1 0 0 0 -1 0 0 0 1 3004.DAT 
1 0 1010 144 160 -1 0 0 0 -1 0 0 0 1 3004.DAT 
1 0 1040 144 170 0 0 1 0 -1 0 1 0 0 3004.DAT 
1 0 70 144 270 1 0 0 0 -1 0 0 0 -1 3001.dat 
1 256 1010 144 510 0 0 1 0 -1 0 1 0 0 3001.dat 
1 256 930 144 520 -1 0 0 0 -1 0 0 0 1 3004.DAT 
0 STEP
1 0 20 168 310 0 0 1 0 -1 0 1 0 0 3004.DAT 
1 0 30 168 340 -1 0 0 0 -1 0 0 0 1 3004.DAT 
1 0 40 168 290 0 0 1 0 -1 0 1 0 0 3004.DAT 
1 0 70 168 280 -1 0 0 0 -1 0 0 0 1 3004.DAT 
1 0 90 168 260 -1 0 0 0 -1 0 0 0 1 3004.DAT 
1 0 110 168 280 -1 0 0 0 -1 0 0 0 1 3004.DAT 
1 0 150 168 280 -1 0 0 0 -1 0 0 0 1 3004.DAT 
1 0 170 168 300 -1 0 0 0 -1 0 0 0 1 3004.DAT 
1 0 210 168 300 -1 0 0 0 -1 0 0 0 1 3004.DAT 
1 0 250 168 300 -1 0 0 0 -1 0 0 0 1 3004.DAT 
1 0 290 168 300 -1 0 0 0 -1 0 0 0 1 3004.DAT 
1 0 330 168 300 -1 0 0 0 -1 0 0 0 1 3004.DAT 
1 0 360 168 290 0 0 1 0 -1 0 1 0 0 3004.DAT 
1 0 380 168 270 0 0 1 0 -1 0 1 0 0 3004.DAT 
1 0 400 168 250 0 0 1 0 -1 0 1 0 0 3004.DAT 
1 0 420 168 230 0 0 1 0 -1 0 1 0 0 3004.DAT 
1 0 530 168 200 -1 0 0 0 -1 0 0 0 1 3004.DAT 
1 0 570 168 200 -1 0 0 0 -1 0 0 0 1 3004.DAT 
1 256 560 168 310 0 0 1 0 -1 0 1 0 0 3004.DAT 
1 256 580 168 250 0 0 1 0 -1 0 1 0 0 3004.DAT 
1 256 580 168 290 0 0 1 0 -1 0 1 0 0 3004.DAT 
1 256 580 168 330 0 0 1 0 -1 0 1 0 0 3004.DAT 
1 0 610 168 200 -1 0 0 0 -1 0 0 0 1 3004.DAT 
1 256 610 168 230 0 0 1 0 -1 0 1 0 0 3003.DAT 
1 0 650 168 200 -1 0 0 0 -1 0 0 0 1 3004.DAT 
1 0 670 168 220 -1 0 0 0 -1 0 0 0 1 3004.DAT 
1 0 690 168 240 -1 0 0 0 -1 0 0 0 1 3004.DAT 
1 256 680 168 270 0 0 1 0 -1 0 1 0 0 3004.DAT 
1 256 680 168 300 -1 0 0 0 -1 0 0 0 1 3005.dat 
1 0 730 168 260 -1 0 0 0 -1 0 0 0 1 3004.DAT 
1 0 750 168 280 -1 0 0 0 -1 0 0 0 1 3004.DAT 
1 0 790 168 280 -1 0 0 0 -1 0 0 0 1 3004.DAT 
1 0 830 168 280 -1 0 0 0 -1 0 0 0 1 3004.DAT 
1 0 850 168 260 -1 0 0 0 -1 0 0 0 1 3004.DAT 
1 0 890 168 260 -1 0 0 0 -1 0 0 0 1 3004.DAT 
1 0 900 168 240 -1 0 0 0 -1 0 0 0 1 3005.dat 
1 256 900 168 470 0 0 1 0 -1 0 1 0 0 3004.DAT 
1 0 920 168 210 0 0 1 0 -1 0 1 0 0 3004.DAT 
1 256 920 168 450 0 0 1 0 -1 0 1 0 0 3004.DAT 
1 256 920 168 490 0 0 1 0 -1 0 1 0 0 3004.DAT 
1 0 940 168 190 0 0 1 0 -1 0 1 0 0 3004.DAT 
1 256 940 168 530 0 0 1 0 -1 0 1 0 0 3004.DAT 
1 0 970 168 180 -1 0 0 0 -1 0 0 0 1 3004.DAT 
1 256 960 168 550 0 0 1 0 -1 0 1 0 0 3004.DAT 
1 0 990 168 160 -1 0 0 0 -1 0 0 0 1 3004.DAT 
1 256 990 168 540 -1 0 0 0 -1 0 0 0 1 3004.DAT 
1 0 1010 168 180 -1 0 0 0 -1 0 0 0 1 3004.DAT 
1 0 1020 168 160 -1 0 0 0 -1 0 0 0 1 3005.dat 
1 256 1020 168 450 0 0 1 0 -1 0 1 0 0 3004.DAT 
1 256 1020 168 490 0 0 1 0 -1 0 1 0 0 3004.DAT 
1 0 1040 168 180 -1 0 0 0 -1 0 0 0 1 3005.dat 
1 256 630 168 330 1 0 0 0 -1 0 0 0 -1 3001.dat 
1 0 470 168 210 1 0 0 0 -1 0 0 0 -1 3001.DAT 
1 256 970 168 430 1 0 0 0 -1 0 0 0 -1 3001.dat 
1 256 1010 168 520 -1 0 0 0 -1 0 0 0 1 3004.DAT 
0 STEP
1 0 40 192 290 0 0 1 0 -1 0 1 0 0 3004.DAT 
1 0 40 192 330 0 0 1 0 -1 0 1 0 0 3004.DAT 
1 0 70 192 280 -1 0 0 0 -1 0 0 0 1 3004.DAT 
1 0 90 192 260 -1 0 0 0 -1 0 0 0 1 3004.DAT 
1 0 110 192 280 -1 0 0 0 -1 0 0 0 1 3004.DAT 
1 0 150 192 280 -1 0 0 0 -1 0 0 0 1 3004.DAT 
1 0 170 192 300 -1 0 0 0 -1 0 0 0 1 3004.DAT 
1 0 200 192 300 -1 0 0 0 -1 0 0 0 1 3005.dat 
1 0 230 192 320 -1 0 0 0 -1 0 0 0 1 3004.DAT 
1 0 250 192 300 -1 0 0 0 -1 0 0 0 1 3004.DAT 
1 0 270 192 320 -1 0 0 0 -1 0 0 0 1 3004.DAT 
1 0 290 192 300 -1 0 0 0 -1 0 0 0 1 3004.DAT 
1 0 320 192 310 0 0 1 0 -1 0 1 0 0 3004.DAT 
1 0 350 192 300 -1 0 0 0 -1 0 0 0 1 3004.DAT 
1 0 370 192 280 -1 0 0 0 -1 0 0 0 1 3004.DAT 
1 0 400 192 250 0 0 1 0 -1 0 1 0 0 3004.DAT 
1 0 420 192 230 0 0 1 0 -1 0 1 0 0 3004.DAT 
1 0 450 192 220 -1 0 0 0 -1 0 0 0 1 3004.DAT 
1 0 480 192 210 0 0 1 0 -1 0 1 0 0 3004.DAT 
1 0 510 192 200 -1 0 0 0 -1 0 0 0 1 3004.DAT 
1 0 550 192 200 -1 0 0 0 -1 0 0 0 1 3004.DAT 
1 0 590 192 200 -1 0 0 0 -1 0 0 0 1 3004.DAT 
1 256 580 192 330 0 0 1 0 -1 0 1 0 0 3004.DAT 
1 256 610 192 220 1 0 0 0 -1 0 0 0 -1 3004.DAT 
1 0 630 192 200 -1 0 0 0 -1 0 0 0 1 3004.DAT 
1 256 620 192 360 -1 0 0 0 -1 0 0 0 1 3005.dat 
1 0 650 192 220 -1 0 0 0 -1 0 0 0 1 3004.DAT 
1 0 690 192 240 -1 0 0 0 -1 0 0 0 1 3004.DAT 
1 0 730 192 260 -1 0 0 0 -1 0 0 0 1 3004.DAT 
1 0 750 192 280 -1 0 0 0 -1 0 0 0 1 3004.DAT 
1 0 760 192 260 -1 0 0 0 -1 0 0 0 1 3005.dat 
1 0 790 192 280 -1 0 0 0 -1 0 0 0 1 3004.DAT 
1 0 830 192 280 -1 0 0 0 -1 0 0 0 1 3004.DAT 
1 0 850 192 260 -1 0 0 0 -1 0 0 0 1 3004.DAT 
1 0 870 192 240 -1 0 0 0 -1 0 0 0 1 3004.DAT 
1 0 900 192 210 0 0 1 0 -1 0 1 0 0 3004.DAT 
1 256 900 192 470 0 0 1 0 -1 0 1 0 0 3004.DAT 
1 0 920 192 190 0 0 1 0 -1 0 1 0 0 3004.DAT 
1 256 930 192 520 -1 0 0 0 -1 0 0 0 1 3004.DAT 
1 0 950 192 180 -1 0 0 0 -1 0 0 0 1 3004.DAT 
1 256 950 192 420 -1 0 0 0 -1 0 0 0 1 3004.DAT 
1 256 950 192 540 -1 0 0 0 -1 0 0 0 1 3004.DAT 
1 0 990 192 170 0 0 1 0 -1 0 1 0 0 3003.DAT 
1 256 990 192 420 -1 0 0 0 -1 0 0 0 1 3004.DAT 
1 256 990 192 540 -1 0 0 0 -1 0 0 0 1 3004.DAT 
1 256 1010 192 440 -1 0 0 0 -1 0 0 0 1 3004.DAT 
1 0 1030 192 180 -1 0 0 0 -1 0 0 0 1 3004.DAT 
1 0 1040 192 200 -1 0 0 0 -1 0 0 0 1 3005.dat 
1 256 630 192 330 1 0 0 0 -1 0 0 0 -1 3001.dat 
1 256 670 192 290 1 0 0 0 -1 0 0 0 -1 3001.dat 
1 256 590 192 270 0 0 -1 0 -1 0 -1 0 0 3001.dat 
1 256 1010 192 490 0 0 1 0 -1 0 1 0 0 3001.dat 
1 256 930 192 470 0 0 1 0 -1 0 1 0 0 3001.dat 
0 STEP
1 0 40 216 310 0 0 1 0 -1 0 1 0 0 3004.DAT 
1 0 40 216 340 -1 0 0 0 -1 0 0 0 1 3005.dat 
1 0 70 216 280 -1 0 0 0 -1 0 0 0 1 3004.DAT 
1 0 110 216 280 -1 0 0 0 -1 0 0 0 1 3004.DAT 
1 0 150 216 280 -1 0 0 0 -1 0 0 0 1 3004.DAT 
1 0 170 216 300 -1 0 0 0 -1 0 0 0 1 3004.DAT 
1 0 210 216 320 -1 0 0 0 -1 0 0 0 1 3004.DAT 
1 0 240 216 310 0 0 1 0 -1 0 1 0 0 3004.DAT 
1 0 270 216 320 -1 0 0 0 -1 0 0 0 1 3004.DAT 
1 0 280 216 300 -1 0 0 0 -1 0 0 0 1 3005.dat 
1 0 310 216 320 -1 0 0 0 -1 0 0 0 1 3004.DAT 
1 0 330 216 300 -1 0 0 0 -1 0 0 0 1 3004.DAT 
1 0 430 216 240 -1 0 0 0 -1 0 0 0 1 3004.DAT 
1 0 450 216 220 -1 0 0 0 -1 0 0 0 1 3004.DAT 
1 0 470 216 200 -1 0 0 0 -1 0 0 0 1 3004.DAT 
1 0 510 216 200 -1 0 0 0 -1 0 0 0 1 3004.DAT 
1 0 550 216 200 -1 0 0 0 -1 0 0 0 1 3004.DAT 
1 0 590 216 200 -1 0 0 0 -1 0 0 0 1 3004.DAT 
1 256 580 216 330 0 0 1 0 -1 0 1 0 0 3004.DAT 
1 256 610 216 350 0 0 1 0 -1 0 1 0 0 3003.DAT 
1 0 630 216 200 -1 0 0 0 -1 0 0 0 1 3004.DAT 
1 0 650 216 220 -1 0 0 0 -1 0 0 0 1 3004.DAT 
1 256 640 216 350 0 0 1 0 -1 0 1 0 0 3004.DAT 
1 256 660 216 340 -1 0 0 0 -1 0 0 0 1 3005.dat 
1 0 690 216 240 1 0 0 0 -1 0 0 0 -1 3004.DAT 
1 0 720 216 260 -1 0 0 0 -1 0 0 0 1 3005.dat 
1 0 750 216 280 -1 0 0 0 -1 0 0 0 1 3004.DAT 
1 0 790 216 280 -1 0 0 0 -1 0 0 0 1 3004.DAT 
1 0 870 216 240 -1 0 0 0 -1 0 0 0 1 3004.DAT 
1 0 890 216 200 -1 0 0 0 -1 0 0 0 1 3004.DAT 
1 0 910 216 180 -1 0 0 0 -1 0 0 0 1 3004.DAT 
1 0 900 216 220 -1 0 0 0 -1 0 0 0 1 3005.dat 
1 256 900 216 470 0 0 1 0 -1 0 1 0 0 3004.DAT 
1 256 920 216 450 0 0 1 0 -1 0 1 0 0 3004.DAT 
1 256 920 216 510 0 0 1 0 -1 0 1 0 0 3004.DAT 
1 0 950 216 180 -1 0 0 0 -1 0 0 0 1 3004.DAT 
1 256 940 216 430 0 0 1 0 -1 0 1 0 0 3004.DAT 
1 256 970 216 420 -1 0 0 0 -1 0 0 0 1 3004.DAT 
1 0 990 216 180 -1 0 0 0 -1 0 0 0 1 3004.DAT 
1 0 1020 216 190 0 0 1 0 -1 0 1 0 0 3004.DAT 
1 256 1020 216 530 0 0 1 0 -1 0 1 0 0 3004.DAT 
1 0 1040 216 200 -1 0 0 0 -1 0 0 0 1 3005.dat 
1 256 690 216 290 0 0 -1 0 -1 0 -1 0 0 3001.dat 
1 256 610 216 220 1 0 0 0 -1 0 0 0 -1 3004.DAT 
1 256 590 216 270 0 0 -1 0 -1 0 -1 0 0 3001.dat 
1 0 410 216 260 -1 0 0 0 -1 0 0 0 1 3004.DAT 
1 0 390 216 280 -1 0 0 0 -1 0 0 0 1 3004.DAT 
1 0 370 216 300 -1 0 0 0 -1 0 0 0 1 3004.DAT 
1 0 830 216 260 -1 0 0 0 -1 0 0 0 1 3004.DAT 
1 256 970 216 530 1 0 0 0 -1 0 0 0 -1 3001.dat 
1 256 1010 216 470 0 0 1 0 -1 0 1 0 0 3001.dat 
0 STEP
1 0 40 240 330 0 0 1 0 -1 0 1 0 0 3004.DAT 
1 0 60 240 310 0 0 1 0 -1 0 1 0 0 3004.DAT 
1 0 60 240 340 -1 0 0 0 -1 0 0 0 1 3005.dat 
1 0 90 240 280 -1 0 0 0 -1 0 0 0 1 3004.DAT 
1 0 130 240 280 -1 0 0 0 -1 0 0 0 1 3004.DAT 
1 0 160 240 280 -1 0 0 0 -1 0 0 0 1 3005.dat 
1 0 180 240 300 -1 0 0 0 -1 0 0 0 1 3005.dat 
1 0 210 240 320 -1 0 0 0 -1 0 0 0 1 3004.DAT 
1 0 250 240 320 -1 0 0 0 -1 0 0 0 1 3004.DAT 
1 0 290 240 320 -1 0 0 0 -1 0 0 0 1 3004.DAT 
1 0 330 240 320 -1 0 0 0 -1 0 0 0 1 3004.DAT 
1 0 360 240 310 0 0 1 0 -1 0 1 0 0 3004.DAT 
1 0 380 240 290 0 0 1 0 -1 0 1 0 0 3004.DAT 
1 0 400 240 270 0 0 1 0 -1 0 1 0 0 3004.DAT 
1 0 420 240 250 0 0 1 0 -1 0 1 0 0 3004.DAT 
1 0 440 240 240 -1 0 0 0 -1 0 0 0 1 3005.dat 
1 0 550 240 200 -1 0 0 0 -1 0 0 0 1 3004.DAT 
1 256 590 240 340 -1 0 0 0 -1 0 0 0 1 3004.DAT 
1 256 610 240 240 1 0 0 0 -1 0 0 0 -1 3004.DAT 
1 256 610 240 360 -1 0 0 0 -1 0 0 0 1 3004.DAT 
1 256 640 240 360 -1 0 0 0 -1 0 0 0 1 3005.dat 
1 0 660 240 230 0 0 1 0 -1 0 1 0 0 3004.DAT 
1 256 670 240 340 -1 0 0 0 -1 0 0 0 1 3004.DAT 
1 0 680 240 240 -1 0 0 0 -1 0 0 0 1 3005.dat 
1 0 710 240 260 -1 0 0 0 -1 0 0 0 1 3004.DAT 
1 256 700 240 290 0 0 1 0 -1 0 1 0 0 3004.DAT 
1 256 700 240 320 -1 0 0 0 -1 0 0 0 1 3005.dat 
1 0 740 240 270 0 0 1 0 -1 0 1 0 0 3004.DAT 
1 0 770 240 280 -1 0 0 0 -1 0 0 0 1 3004.DAT 
1 0 800 240 280 -1 0 0 0 -1 0 0 0 1 3005.dat 
1 0 830 240 260 -1 0 0 0 -1 0 0 0 1 3004.DAT 
1 0 840 240 230 0 0 1 0 -1 0 1 0 0 3004.DAT 
1 0 860 240 240 -1 0 0 0 -1 0 0 0 1 3005.dat 
1 0 880 240 190 0 0 1 0 -1 0 1 0 0 3004.DAT 
1 0 910 240 180 -1 0 0 0 -1 0 0 0 1 3004.DAT 
1 256 900 240 470 0 0 1 0 -1 0 1 0 0 3004.DAT 
1 256 910 240 500 -1 0 0 0 -1 0 0 0 1 3004.DAT 
1 256 920 240 450 0 0 1 0 -1 0 1 0 0 3004.DAT 
1 256 930 240 520 -1 0 0 0 -1 0 0 0 1 3004.DAT 
1 0 950 240 180 -1 0 0 0 -1 0 0 0 1 3004.DAT 
1 256 940 240 430 0 0 1 0 -1 0 1 0 0 3004.DAT 
1 256 950 240 540 -1 0 0 0 -1 0 0 0 1 3004.DAT 
1 256 970 240 420 -1 0 0 0 -1 0 0 0 1 3004.DAT 
1 0 990 240 180 -1 0 0 0 -1 0 0 0 1 3004.DAT 
1 256 990 240 540 -1 0 0 0 -1 0 0 0 1 3004.DAT 
1 256 1020 240 530 0 0 1 0 -1 0 1 0 0 3004.DAT 
1 0 1040 240 210 0 0 1 0 -1 0 1 0 0 3004.DAT 
1 256 590 240 290 0 0 -1 0 -1 0 -1 0 0 3001.dat 
1 0 1020 240 190 0 0 1 0 -1 0 1 0 0 3004.DAT 
1 0 610 240 210 1 0 0 0 -1 0 0 0 -1 3001.DAT 
1 0 490 240 210 1 0 0 0 -1 0 0 0 -1 3001.DAT 
1 0 880 240 230 0 0 1 0 -1 0 1 0 0 3004.DAT 
1 256 1010 240 470 0 0 1 0 -1 0 1 0 0 3001.dat 
0 STEP
1 0 60 264 310 0 0 1 0 -1 0 1 0 0 3004.DAT 
1 0 60 264 350 0 0 1 0 -1 0 1 0 0 3004.DAT 
1 0 80 264 290 0 0 1 0 -1 0 1 0 0 3004.DAT 
1 0 110 264 280 -1 0 0 0 -1 0 0 0 1 3004.DAT 
1 0 150 264 280 -1 0 0 0 -1 0 0 0 1 3004.DAT 
1 0 180 264 290 0 0 1 0 -1 0 1 0 0 3004.DAT 
1 0 200 264 310 0 0 1 0 -1 0 1 0 0 3004.DAT 
1 0 230 264 320 -1 0 0 0 -1 0 0 0 1 3004.DAT 
1 0 270 264 320 -1 0 0 0 -1 0 0 0 1 3004.DAT 
1 0 310 264 320 -1 0 0 0 -1 0 0 0 1 3004.DAT 
1 0 350 264 320 -1 0 0 0 -1 0 0 0 1 3004.DAT 
1 0 380 264 300 -1 0 0 0 -1 0 0 0 1 3005.dat 
1 0 400 264 280 -1 0 0 0 -1 0 0 0 1 3005.dat 
1 0 420 264 250 0 0 1 0 -1 0 1 0 0 3004.DAT 
1 0 440 264 240 -1 0 0 0 -1 0 0 0 1 3005.dat 
1 0 470 264 210 0 0 1 0 -1 0 1 0 0 3003.DAT 
1 0 510 264 200 -1 0 0 0 -1 0 0 0 1 3004.DAT 
1 0 550 264 200 -1 0 0 0 -1 0 0 0 1 3004.DAT 
1 0 590 264 200 -1 0 0 0 -1 0 0 0 1 3004.DAT 
1 256 590 264 260 1 0 0 0 -1 0 0 0 -1 3004.DAT 
1 0 610 264 220 -1 0 0 0 -1 0 0 0 1 3004.DAT 
1 256 610 264 240 1 0 0 0 -1 0 0 0 -1 3004.DAT 
1 256 610 264 360 -1 0 0 0 -1 0 0 0 1 3004.DAT 
1 0 620 264 200 -1 0 0 0 -1 0 0 0 1 3005.dat 
1 256 630 264 380 -1 0 0 0 -1 0 0 0 1 3004.DAT 
1 0 650 264 220 -1 0 0 0 -1 0 0 0 1 3004.DAT 
1 0 670 264 240 -1 0 0 0 -1 0 0 0 1 3004.DAT 
1 0 690 264 260 -1 0 0 0 -1 0 0 0 1 3004.DAT 
1 256 700 264 310 0 0 1 0 -1 0 1 0 0 3004.DAT 
1 0 730 264 270 0 0 1 0 -1 0 1 0 0 3003.DAT 
1 0 770 264 280 -1 0 0 0 -1 0 0 0 1 3004.DAT 
1 0 800 264 270 0 0 1 0 -1 0 1 0 0 3004.DAT 
1 0 820 264 250 0 0 1 0 -1 0 1 0 0 3004.DAT 
1 0 840 264 240 -1 0 0 0 -1 0 0 0 1 3005.dat 
1 0 860 264 210 0 0 1 0 -1 0 1 0 0 3004.DAT 
1 0 880 264 200 -1 0 0 0 -1 0 0 0 1 3005.dat 
1 0 910 264 180 -1 0 0 0 -1 0 0 0 1 3004.DAT 
1 256 900 264 470 0 0 1 0 -1 0 1 0 0 3004.DAT 
1 256 920 264 450 0 0 1 0 -1 0 1 0 0 3004.DAT 
1 0 950 264 180 -1 0 0 0 -1 0 0 0 1 3004.DAT 
1 256 950 264 420 -1 0 0 0 -1 0 0 0 1 3004.DAT 
1 256 970 264 560 -1 0 0 0 -1 0 0 0 1 3004.DAT 
1 0 990 264 200 -1 0 0 0 -1 0 0 0 1 3004.DAT 
1 256 990 264 540 -1 0 0 0 -1 0 0 0 1 3004.DAT 
1 0 1000 264 180 -1 0 0 0 -1 0 0 0 1 3005.dat 
1 0 1010 264 220 -1 0 0 0 -1 0 0 0 1 3004.DAT 
1 0 1020 264 200 -1 0 0 0 -1 0 0 0 1 3005.dat 
1 0 1040 264 220 -1 0 0 0 -1 0 0 0 1 3005.dat 
1 256 670 264 330 0 0 1 0 -1 0 1 0 0 3001.dat 
1 256 590 264 310 0 0 -1 0 -1 0 -1 0 0 3001.dat 
1 256 1010 264 470 0 0 1 0 -1 0 1 0 0 3001.dat 
1 256 1020 264 530 0 0 1 0 -1 0 1 0 0 3004.DAT 
1 256 980 264 430 0 0 1 0 -1 0 1 0 0 3004.DAT 
1 256 950 264 540 -1 0 0 0 -1 0 0 0 1 3004.DAT 
1 256 930 264 520 -1 0 0 0 -1 0 0 0 1 3004.DAT 
1 256 910 264 500 -1 0 0 0 -1 0 0 0 1 3004.DAT 
0 STEP
1 0 60 288 330 0 0 1 0 -1 0 1 0 0 3004.DAT 
1 0 80 288 310 0 0 1 0 -1 0 1 0 0 3004.DAT 
1 0 80 288 350 0 0 1 0 -1 0 1 0 0 3004.DAT 
1 0 110 288 280 -1 0 0 0 -1 0 0 0 1 3004.DAT 
1 0 150 288 280 -1 0 0 0 -1 0 0 0 1 3004.DAT 
1 0 180 288 280 -1 0 0 0 -1 0 0 0 1 3005.dat 
1 0 200 288 300 -1 0 0 0 -1 0 0 0 1 3005.dat 
1 0 230 288 320 -1 0 0 0 -1 0 0 0 1 3004.DAT 
1 0 270 288 320 -1 0 0 0 -1 0 0 0 1 3004.DAT 
1 0 310 288 330 0 0 1 0 -1 0 1 0 0 3003.DAT 
1 0 340 288 330 0 0 1 0 -1 0 1 0 0 3004.DAT 
1 0 360 288 320 -1 0 0 0 -1 0 0 0 1 3005.dat 
1 0 380 288 300 -1 0 0 0 -1 0 0 0 1 3005.dat 
1 0 410 288 280 -1 0 0 0 -1 0 0 0 1 3004.DAT 
1 0 430 288 250 0 0 1 0 -1 0 1 0 0 3003.DAT 
1 0 470 288 210 0 0 1 0 -1 0 1 0 0 3003.DAT 
1 0 510 288 200 -1 0 0 0 -1 0 0 0 1 3004.DAT 
1 0 550 288 200 -1 0 0 0 -1 0 0 0 1 3004.DAT 
1 0 590 288 210 0 0 1 0 -1 0 1 0 0 3003.DAT 
1 256 580 288 270 0 0 1 0 -1 0 1 0 0 3004.DAT 
1 256 600 288 250 0 0 1 0 -1 0 1 0 0 3004.DAT 
1 0 630 288 220 -1 0 0 0 -1 0 0 0 1 3004.DAT 
1 256 630 288 380 -1 0 0 0 -1 0 0 0 1 3004.DAT 
1 0 660 288 230 0 0 1 0 -1 0 1 0 0 3004.DAT 
1 256 660 288 370 0 0 1 0 -1 0 1 0 0 3004.DAT 
1 0 680 288 250 0 0 1 0 -1 0 1 0 0 3004.DAT 
1 256 680 288 360 -1 0 0 0 -1 0 0 0 1 3005.dat 
1 0 700 288 260 -1 0 0 0 -1 0 0 0 1 3005.dat 
1 256 710 288 310 0 0 1 0 -1 0 1 0 0 3003.DAT 
1 256 700 288 340 -1 0 0 0 -1 0 0 0 1 3005.dat 
1 0 730 288 280 -1 0 0 0 -1 0 0 0 1 3004.DAT 
1 0 770 288 280 -1 0 0 0 -1 0 0 0 1 3004.DAT 
1 0 810 288 250 0 0 1 0 -1 0 1 0 0 3003.DAT 
1 0 800 288 280 -1 0 0 0 -1 0 0 0 1 3005.dat 
1 0 840 288 220 -1 0 0 0 -1 0 0 0 1 3005.dat 
1 0 870 288 200 -1 0 0 0 -1 0 0 0 1 3004.DAT 
1 0 890 288 180 -1 0 0 0 -1 0 0 0 1 3004.DAT 
1 256 890 288 460 -1 0 0 0 -1 0 0 0 1 3004.DAT 
1 256 910 288 440 -1 0 0 0 -1 0 0 0 1 3004.DAT 
1 256 900 288 490 0 0 1 0 -1 0 1 0 0 3004.DAT 
1 256 910 288 520 -1 0 0 0 -1 0 0 0 1 3004.DAT 
1 0 930 288 180 -1 0 0 0 -1 0 0 0 1 3004.DAT 
1 256 950 288 420 -1 0 0 0 -1 0 0 0 1 3004.DAT 
1 0 960 288 190 0 0 1 0 -1 0 1 0 0 3004.DAT 
1 0 990 288 200 -1 0 0 0 -1 0 0 0 1 3004.DAT 
1 256 990 288 420 -1 0 0 0 -1 0 0 0 1 3004.DAT 
1 0 1010 288 220 -1 0 0 0 -1 0 0 0 1 3004.DAT 
1 256 1010 288 440 -1 0 0 0 -1 0 0 0 1 3004.DAT 
1 0 1020 288 240 -1 0 0 0 -1 0 0 0 1 3005.dat 
1 256 1020 288 530 0 0 1 0 -1 0 1 0 0 3004.DAT 
1 256 1040 288 510 0 0 1 0 -1 0 1 0 0 3004.DAT 
1 256 590 288 330 0 0 -1 0 -1 0 -1 0 0 3001.dat 
1 256 970 288 550 1 0 0 0 -1 0 0 0 -1 3001.dat 
1 256 1010 288 470 1 0 0 0 -1 0 0 0 -1 3001.dat 
0 STEP
1 0 80 312 330 0 0 1 0 -1 0 1 0 0 3004.DAT 
1 0 90 312 360 -1 0 0 0 -1 0 0 0 1 3004.DAT 
1 0 100 312 310 0 0 1 0 -1 0 1 0 0 3004.DAT 
1 0 130 312 280 -1 0 0 0 -1 0 0 0 1 3004.DAT 
1 0 170 312 280 -1 0 0 0 -1 0 0 0 1 3004.DAT 
1 0 200 312 290 0 0 1 0 -1 0 1 0 0 3004.DAT 
1 0 220 312 310 0 0 1 0 -1 0 1 0 0 3004.DAT 
1 0 250 312 320 -1 0 0 0 -1 0 0 0 1 3004.DAT 
1 0 290 312 330 0 0 1 0 -1 0 1 0 0 3003.DAT 
1 0 320 312 330 0 0 1 0 -1 0 1 0 0 3004.DAT 
1 0 350 312 340 -1 0 0 0 -1 0 0 0 1 3004.DAT 
1 0 370 312 320 -1 0 0 0 -1 0 0 0 1 3004.DAT 
1 0 390 312 300 -1 0 0 0 -1 0 0 0 1 3004.DAT 
1 0 420 312 270 0 0 1 0 -1 0 1 0 0 3004.DAT 
1 0 440 312 250 0 0 1 0 -1 0 1 0 0 3004.DAT 
1 0 440 312 280 -1 0 0 0 -1 0 0 0 1 3005.dat 
1 0 470 312 210 0 0 1 0 -1 0 1 0 0 3003.DAT 
1 0 460 312 240 -1 0 0 0 -1 0 0 0 1 3005.dat 
1 0 510 312 200 -1 0 0 0 -1 0 0 0 1 3004.DAT 
1 0 550 312 200 -1 0 0 0 -1 0 0 0 1 3004.DAT 
1 0 580 312 210 0 0 1 0 -1 0 1 0 0 3004.DAT 
1 256 580 312 270 0 0 1 0 -1 0 1 0 0 3004.DAT 
1 0 610 312 220 -1 0 0 0 -1 0 0 0 1 3004.DAT 
1 256 600 312 250 0 0 1 0 -1 0 1 0 0 3004.DAT 
1 256 610 312 380 -1 0 0 0 -1 0 0 0 1 3004.DAT 
1 0 650 312 220 -1 0 0 0 -1 0 0 0 1 3004.DAT 
1 256 640 312 400 -1 0 0 0 -1 0 0 0 1 3005.dat 
1 0 670 312 240 -1 0 0 0 -1 0 0 0 1 3004.DAT 
1 256 660 312 380 -1 0 0 0 -1 0 0 0 1 3005.dat 
1 0 690 312 260 -1 0 0 0 -1 0 0 0 1 3004.DAT 
1 256 690 312 360 -1 0 0 0 -1 0 0 0 1 3004.DAT 
1 0 730 312 280 -1 0 0 0 -1 0 0 0 1 3004.DAT 
1 256 720 312 310 0 0 1 0 -1 0 1 0 0 3004.DAT 
1 256 720 312 340 -1 0 0 0 -1 0 0 0 1 3005.dat 
1 0 770 312 280 -1 0 0 0 -1 0 0 0 1 3004.DAT 
1 0 800 312 250 0 0 1 0 -1 0 1 0 0 3004.DAT 
1 0 820 312 230 0 0 1 0 -1 0 1 0 0 3004.DAT 
1 0 820 312 260 -1 0 0 0 -1 0 0 0 1 3005.dat 
1 0 840 312 220 -1 0 0 0 -1 0 0 0 1 3005.dat 
1 0 870 312 200 -1 0 0 0 -1 0 0 0 1 3004.DAT 
1 0 890 312 180 -1 0 0 0 -1 0 0 0 1 3004.DAT 
1 256 880 312 470 0 0 1 0 -1 0 1 0 0 3004.DAT 
1 256 910 312 520 -1 0 0 0 -1 0 0 0 1 3004.DAT 
1 0 930 312 180 -1 0 0 0 -1 0 0 0 1 3004.DAT 
1 256 930 312 540 -1 0 0 0 -1 0 0 0 1 3004.DAT 
1 256 950 312 560 -1 0 0 0 -1 0 0 0 1 3004.DAT 
1 0 970 312 200 -1 0 0 0 -1 0 0 0 1 3004.DAT 
1 0 990 312 220 -1 0 0 0 -1 0 0 0 1 3004.DAT 
1 256 990 312 560 -1 0 0 0 -1 0 0 0 1 3004.DAT 
1 0 1020 312 230 0 0 1 0 -1 0 1 0 0 3004.DAT 
1 256 1020 312 430 0 0 1 0 -1 0 1 0 0 3004.DAT 
1 256 1020 312 530 0 0 1 0 -1 0 1 0 0 3004.DAT 
1 256 1040 312 450 0 0 1 0 -1 0 1 0 0 3004.DAT 
1 256 1040 312 490 0 0 1 0 -1 0 1 0 0 3004.DAT 
1 256 590 312 330 0 0 -1 0 -1 0 -1 0 0 3001.dat 
1 0 340 312 320 -1 0 0 0 -1 0 0 0 1 3005.dat 
1 256 910 312 470 0 0 1 0 -1 0 1 0 0 3001.dat 
1 256 970 312 430 1 0 0 0 -1 0 0 0 -1 3001.dat 
0 STEP
1 0 100 336 330 0 0 1 0 -1 0 1 0 0 3004.DAT 
1 0 110 336 360 -1 0 0 0 -1 0 0 0 1 3004.DAT 
1 0 120 336 310 0 0 1 0 -1 0 1 0 0 3004.DAT 
1 0 120 336 340 -1 0 0 0 -1 0 0 0 1 3005.dat 
1 0 150 336 290 0 0 1 0 -1 0 1 0 0 3003.DAT 
1 0 190 336 280 -1 0 0 0 -1 0 0 0 1 3004.DAT 
1 0 220 336 300 -1 0 0 0 -1 0 0 0 1 3005.dat 
1 0 250 336 320 -1 0 0 0 -1 0 0 0 1 3004.DAT 
1 0 270 336 340 -1 0 0 0 -1 0 0 0 1 3004.DAT 
1 0 280 336 320 -1 0 0 0 -1 0 0 0 1 3005.dat 
1 0 310 336 340 -1 0 0 0 -1 0 0 0 1 3004.DAT 
1 0 350 336 330 0 0 1 0 -1 0 1 0 0 3003.DAT 
1 0 380 336 320 -1 0 0 0 -1 0 0 0 1 3005.dat 
1 0 410 336 300 -1 0 0 0 -1 0 0 0 1 3004.DAT 
1 0 430 336 280 -1 0 0 0 -1 0 0 0 1 3004.DAT 
1 0 450 336 250 0 0 1 0 -1 0 1 0 0 3003.DAT 
1 0 470 336 210 0 0 1 0 -1 0 1 0 0 3003.DAT 
1 0 510 336 220 -1 0 0 0 -1 0 0 0 1 3004.DAT 
1 0 530 336 200 -1 0 0 0 -1 0 0 0 1 3004.DAT 
1 0 570 336 210 0 0 1 0 -1 0 1 0 0 3003.DAT 
1 256 580 336 350 0 0 1 0 -1 0 1 0 0 3004.DAT 
1 256 590 336 380 -1 0 0 0 -1 0 0 0 1 3004.DAT 
1 0 610 336 220 -1 0 0 0 -1 0 0 0 1 3004.DAT 
1 256 610 336 240 -1 0 0 0 -1 0 0 0 1 3004.DAT 
1 256 620 336 390 0 0 1 0 -1 0 1 0 0 3004.DAT 
1 0 650 336 230 0 0 1 0 -1 0 1 0 0 3003.DAT 
1 256 640 336 410 0 0 1 0 -1 0 1 0 0 3004.DAT 
1 256 660 336 390 0 0 1 0 -1 0 1 0 0 3004.DAT 
1 0 680 336 250 0 0 1 0 -1 0 1 0 0 3004.DAT 
1 256 680 336 370 0 0 1 0 -1 0 1 0 0 3004.DAT 
1 0 700 336 260 -1 0 0 0 -1 0 0 0 1 3005.dat 
1 256 700 336 360 -1 0 0 0 -1 0 0 0 1 3005.dat 
1 0 730 336 280 -1 0 0 0 -1 0 0 0 1 3004.DAT 
1 256 720 336 310 0 0 1 0 -1 0 1 0 0 3004.DAT 
1 256 720 336 340 -1 0 0 0 -1 0 0 0 1 3005.dat 
1 256 740 336 320 -1 0 0 0 -1 0 0 0 1 3005.dat 
1 0 770 336 280 -1 0 0 0 -1 0 0 0 1 3004.DAT 
1 0 800 336 250 0 0 1 0 -1 0 1 0 0 3004.DAT 
1 0 820 336 230 0 0 1 0 -1 0 1 0 0 3004.DAT 
1 0 840 336 210 0 0 1 0 -1 0 1 0 0 3004.DAT 
1 0 870 336 200 -1 0 0 0 -1 0 0 0 1 3004.DAT 
1 0 890 336 180 -1 0 0 0 -1 0 0 0 1 3004.DAT 
1 256 880 336 470 0 0 1 0 -1 0 1 0 0 3004.DAT 
1 0 930 336 180 -1 0 0 0 -1 0 0 0 1 3004.DAT 
1 256 930 336 550 0 0 1 0 -1 0 1 0 0 3003.DAT 
1 0 950 336 200 -1 0 0 0 -1 0 0 0 1 3004.DAT 
1 256 950 336 580 -1 0 0 0 -1 0 0 0 1 3004.DAT 
1 0 970 336 220 -1 0 0 0 -1 0 0 0 1 3004.DAT 
1 0 1000 336 230 0 0 1 0 -1 0 1 0 0 3004.DAT 
1 0 1020 336 250 0 0 1 0 -1 0 1 0 0 3004.DAT 
1 256 1020 336 430 0 0 1 0 -1 0 1 0 0 3004.DAT 
1 256 1040 336 450 0 0 1 0 -1 0 1 0 0 3004.DAT 
1 256 1040 336 490 0 0 1 0 -1 0 1 0 0 3004.DAT 
1 256 590 336 290 0 0 -1 0 -1 0 -1 0 0 3001.dat 
1 0 300 336 320 -1 0 0 0 -1 0 0 0 1 3005.dat 
1 256 970 336 430 1 0 0 0 -1 0 0 0 -1 3001.dat 
1 256 910 336 470 0 0 1 0 -1 0 1 0 0 3001.dat 
1 256 910 336 520 -1 0 0 0 -1 0 0 0 1 3004.DAT 
1 256 990 336 550 1 0 0 0 -1 0 0 0 -1 3001.dat 
1 256 1030 336 520 -1 0 0 0 -1 0 0 0 1 3004.DAT 
0 STEP
1 0 120 360 310 0 0 1 0 -1 0 1 0 0 3004.DAT 
1 0 120 360 350 0 0 1 0 -1 0 1 0 0 3004.DAT 
1 0 150 360 290 0 0 1 0 -1 0 1 0 0 3003.DAT 
1 0 190 360 280 -1 0 0 0 -1 0 0 0 1 3004.DAT 
1 0 220 360 280 -1 0 0 0 -1 0 0 0 1 3005.dat 
1 0 240 360 310 0 0 1 0 -1 0 1 0 0 3004.DAT 
1 0 270 360 320 -1 0 0 0 -1 0 0 0 1 3004.DAT 
1 0 290 360 340 -1 0 0 0 -1 0 0 0 1 3004.DAT 
1 0 330 360 340 -1 0 0 0 -1 0 0 0 1 3004.DAT 
1 0 370 360 340 -1 0 0 0 -1 0 0 0 1 3004.DAT 
1 0 390 360 320 -1 0 0 0 -1 0 0 0 1 3004.DAT 
1 0 410 360 300 -1 0 0 0 -1 0 0 0 1 3004.DAT 
1 0 400 360 340 -1 0 0 0 -1 0 0 0 1 3005.dat 
1 0 420 360 320 -1 0 0 0 -1 0 0 0 1 3005.dat 
1 0 440 360 270 0 0 1 0 -1 0 1 0 0 3004.DAT 
1 0 440 360 300 -1 0 0 0 -1 0 0 0 1 3005.dat 
1 0 460 360 250 0 0 1 0 -1 0 1 0 0 3004.DAT 
1 0 480 360 230 0 0 1 0 -1 0 1 0 0 3004.DAT 
1 0 510 360 210 0 0 1 0 -1 0 1 0 0 3003.DAT 
1 0 540 360 210 0 0 1 0 -1 0 1 0 0 3004.DAT 
1 0 570 360 220 -1 0 0 0 -1 0 0 0 1 3004.DAT 
1 256 580 360 270 0 0 1 0 -1 0 1 0 0 3004.DAT 
1 256 590 360 380 -1 0 0 0 -1 0 0 0 1 3004.DAT 
1 0 610 360 220 -1 0 0 0 -1 0 0 0 1 3004.DAT 
1 256 600 360 250 0 0 1 0 -1 0 1 0 0 3004.DAT 
1 256 610 360 400 -1 0 0 0 -1 0 0 0 1 3004.DAT 
1 0 640 360 220 -1 0 0 0 -1 0 0 0 1 3005.dat 
1 256 640 360 410 0 0 1 0 -1 0 1 0 0 3004.DAT 
1 0 660 360 250 0 0 1 0 -1 0 1 0 0 3004.DAT 
1 256 670 360 390 0 0 1 0 -1 0 1 0 0 3003.DAT 
1 0 690 360 260 -1 0 0 0 -1 0 0 0 1 3004.DAT 
1 0 730 360 280 -1 0 0 0 -1 0 0 0 1 3004.DAT 
1 256 740 360 320 -1 0 0 0 -1 0 0 0 1 3005.dat 
1 0 770 360 280 -1 0 0 0 -1 0 0 0 1 3004.DAT 
1 0 790 360 260 -1 0 0 0 -1 0 0 0 1 3004.DAT 
1 0 810 360 240 -1 0 0 0 -1 0 0 0 1 3004.DAT 
1 0 820 360 220 -1 0 0 0 -1 0 0 0 1 3005.dat 
1 0 850 360 200 -1 0 0 0 -1 0 0 0 1 3004.DAT 
1 0 880 360 190 0 0 1 0 -1 0 1 0 0 3004.DAT 
1 256 880 360 470 0 0 1 0 -1 0 1 0 0 3004.DAT 
1 0 910 360 180 -1 0 0 0 -1 0 0 0 1 3004.DAT 
1 256 900 360 450 0 0 1 0 -1 0 1 0 0 3004.DAT 
1 0 930 360 200 -1 0 0 0 -1 0 0 0 1 3004.DAT 
1 256 930 360 440 -1 0 0 0 -1 0 0 0 1 3004.DAT 
1 0 950 360 220 -1 0 0 0 -1 0 0 0 1 3004.DAT 
1 256 950 360 420 -1 0 0 0 -1 0 0 0 1 3004.DAT 
1 256 940 360 570 0 0 1 0 -1 0 1 0 0 3004.DAT 
1 256 970 360 580 -1 0 0 0 -1 0 0 0 1 3004.DAT 
1 0 980 360 230 0 0 1 0 -1 0 1 0 0 3004.DAT 
1 256 990 360 420 -1 0 0 0 -1 0 0 0 1 3004.DAT 
1 0 1010 360 240 -1 0 0 0 -1 0 0 0 1 3004.DAT 
1 256 1010 360 560 -1 0 0 0 -1 0 0 0 1 3004.DAT 
1 0 1020 360 260 -1 0 0 0 -1 0 0 0 1 3005.dat 
1 256 1030 360 440 -1 0 0 0 -1 0 0 0 1 3004.DAT 
1 256 1040 360 470 0 0 1 0 -1 0 1 0 0 3004.DAT 
1 256 1040 360 510 0 0 1 0 -1 0 1 0 0 3004.DAT 
1 256 1040 360 540 -1 0 0 0 -1 0 0 0 1 3005.dat 
1 256 710 360 330 0 0 1 0 -1 0 1 0 0 3001.dat 
1 256 590 360 330 0 0 1 0 -1 0 1 0 0 3001.dat 
1 256 910 360 510 0 0 1 0 -1 0 1 0 0 3001.dat 
0 STEP
1 0 140 384 330 0 0 1 0 -1 0 1 0 0 3004.DAT 
1 0 140 384 360 -1 0 0 0 -1 0 0 0 1 3005.dat 
1 0 160 384 300 -1 0 0 0 -1 0 0 0 1 3005.dat 
1 0 190 384 280 -1 0 0 0 -1 0 0 0 1 3004.DAT 
1 0 220 384 280 -1 0 0 0 -1 0 0 0 1 3005.dat 
1 0 250 384 300 -1 0 0 0 -1 0 0 0 1 3004.DAT 
1 0 270 384 320 -1 0 0 0 -1 0 0 0 1 3004.DAT 
1 0 310 384 340 -1 0 0 0 -1 0 0 0 1 3004.DAT 
1 0 350 384 340 -1 0 0 0 -1 0 0 0 1 3004.DAT 
1 0 380 384 330 0 0 1 0 -1 0 1 0 0 3004.DAT 
1 0 410 384 310 0 0 1 0 -1 0 1 0 0 3003.DAT 
1 0 400 384 340 -1 0 0 0 -1 0 0 0 1 3005.dat 
1 0 440 384 270 0 0 1 0 -1 0 1 0 0 3004.DAT 
1 0 440 384 300 -1 0 0 0 -1 0 0 0 1 3005.dat 
1 0 460 384 250 0 0 1 0 -1 0 1 0 0 3004.DAT 
1 0 480 384 230 0 0 1 0 -1 0 1 0 0 3004.DAT 
1 0 510 384 210 0 0 1 0 -1 0 1 0 0 3003.DAT 
1 0 540 384 210 0 0 1 0 -1 0 1 0 0 3004.DAT 
1 0 560 384 220 -1 0 0 0 -1 0 0 0 1 3005.dat 
1 0 590 384 240 -1 0 0 0 -1 0 0 0 1 3004.DAT 
1 256 580 384 380 -1 0 0 0 -1 0 0 0 1 3005.dat 
1 256 600 384 270 0 0 1 0 -1 0 1 0 0 3004.DAT 
1 83 610 384 400 -1 0 0 0 -1 0 0 0 1 3004.DAT 
1 0 630 384 240 -1 0 0 0 -1 0 0 0 1 3004.DAT 
1 83 630 384 420 -1 0 0 0 -1 0 0 0 1 3004.DAT 
1 0 660 384 240 -1 0 0 0 -1 0 0 0 1 3005.dat 
1 83 660 384 420 -1 0 0 0 -1 0 0 0 1 3005.dat 
1 0 690 384 260 -1 0 0 0 -1 0 0 0 1 3004.DAT 
1 83 680 384 400 -1 0 0 0 -1 0 0 0 1 3005.dat 
1 0 710 384 280 -1 0 0 0 -1 0 0 0 1 3004.DAT 
1 256 700 384 380 -1 0 0 0 -1 0 0 0 1 3005.dat 
1 0 750 384 280 -1 0 0 0 -1 0 0 0 1 3004.DAT 
1 256 740 384 340 -1 0 0 0 -1 0 0 0 1 3005.dat 
1 0 790 384 260 -1 0 0 0 -1 0 0 0 1 3004.DAT 
1 0 820 384 230 0 0 1 0 -1 0 1 0 0 3004.DAT 
1 0 850 384 200 -1 0 0 0 -1 0 0 0 1 3004.DAT 
1 0 880 384 190 0 0 1 0 -1 0 1 0 0 3004.DAT 
1 256 890 384 460 -1 0 0 0 -1 0 0 0 1 3004.DAT 
1 0 900 384 180 -1 0 0 0 -1 0 0 0 1 3005.dat 
1 0 930 384 200 -1 0 0 0 -1 0 0 0 1 3004.DAT 
1 256 950 384 450 1 0 0 0 -1 0 0 0 -1 3001.DAT 
1 0 950 384 220 -1 0 0 0 -1 0 0 0 1 3004.DAT 
1 0 970 384 240 -1 0 0 0 -1 0 0 0 1 3004.DAT 
1 83 1010 384 580 -1 0 0 0 -1 0 0 0 1 3004.DAT 
1 0 1000 384 250 0 0 1 0 -1 0 1 0 0 3004.DAT 
1 256 1000 384 430 0 0 1 0 -1 0 1 0 0 3004.DAT 
1 0 1020 384 260 -1 0 0 0 -1 0 0 0 1 3005.dat 
1 256 590 384 330 0 0 1 0 -1 0 1 0 0 3001.dat 
1 256 710 384 330 0 0 1 0 -1 0 1 0 0 3001.dat 
1 256 1030 384 470 0 0 1 0 -1 0 1 0 0 3001.dat 
1 256 1040 384 530 0 0 1 0 -1 0 1 0 0 3004.DAT 
1 256 1020 384 550 0 0 1 0 -1 0 1 0 0 3004.DAT 
1 256 910 384 510 0 0 1 0 -1 0 1 0 0 3001.dat 
1 256 950 384 550 0 0 1 0 -1 0 1 0 0 3001.dat 
1 83 980 384 570 0 0 1 0 -1 0 1 0 0 3004.DAT 
0 STEP
1 0 150 408 350 0 0 1 0 -1 0 1 0 0 3003.DAT 
1 0 160 408 310 0 0 1 0 -1 0 1 0 0 3004.DAT 
1 0 180 408 290 0 0 1 0 -1 0 1 0 0 3004.DAT 
1 0 210 408 280 -1 0 0 0 -1 0 0 0 1 3004.DAT 
1 0 240 408 280 -1 0 0 0 -1 0 0 0 1 3005.dat 
1 0 270 408 300 -1 0 0 0 -1 0 0 0 1 3004.DAT 
1 0 290 408 320 -1 0 0 0 -1 0 0 0 1 3004.DAT 
1 0 320 408 330 0 0 1 0 -1 0 1 0 0 3004.DAT 
1 0 350 408 340 -1 0 0 0 -1 0 0 0 1 3004.DAT 
1 0 390 408 330 0 0 1 0 -1 0 1 0 0 3003.DAT 
1 0 420 408 330 0 0 1 0 -1 0 1 0 0 3004.DAT 
1 0 440 408 310 0 0 1 0 -1 0 1 0 0 3004.DAT 
1 0 460 408 250 0 0 1 0 -1 0 1 0 0 3004.DAT 
1 0 460 408 280 -1 0 0 0 -1 0 0 0 1 3005.dat 
1 0 480 408 230 0 0 1 0 -1 0 1 0 0 3004.DAT 
1 0 510 408 210 0 0 1 0 -1 0 1 0 0 3003.DAT 
1 0 550 408 220 -1 0 0 0 -1 0 0 0 1 3004.DAT 
1 0 590 408 240 -1 0 0 0 -1 0 0 0 1 3004.DAT 
1 256 580 408 310 0 0 1 0 -1 0 1 0 0 3004.DAT 
1 256 580 408 340 -1 0 0 0 -1 0 0 0 1 3005.dat 
1 83 580 408 370 0 0 1 0 -1 0 1 0 0 3004.DAT 
1 83 590 408 400 -1 0 0 0 -1 0 0 0 1 3004.DAT 
1 0 610 408 260 -1 0 0 0 -1 0 0 0 1 3004.DAT 
1 256 610 408 290 0 0 1 0 -1 0 1 0 0 3003.DAT 
1 83 610 408 420 -1 0 0 0 -1 0 0 0 1 3004.DAT 
1 0 620 408 240 -1 0 0 0 -1 0 0 0 1 3005.dat 
1 83 630 408 440 -1 0 0 0 -1 0 0 0 1 3004.DAT 
1 0 650 408 260 -1 0 0 0 -1 0 0 0 1 3004.DAT 
1 83 650 408 420 -1 0 0 0 -1 0 0 0 1 3004.DAT 
1 83 670 408 400 -1 0 0 0 -1 0 0 0 1 3004.DAT 
1 0 680 408 270 0 0 1 0 -1 0 1 0 0 3004.DAT 
1 256 690 408 380 -1 0 0 0 -1 0 0 0 1 3004.DAT 
1 0 710 408 280 -1 0 0 0 -1 0 0 0 1 3004.DAT 
1 72 700 408 320 -1 0 0 0 -1 0 0 0 1 3005.dat 
1 256 710 408 360 -1 0 0 0 -1 0 0 0 1 3004.DAT 
1 0 720 408 300 -1 0 0 0 -1 0 0 0 1 3005.dat 
1 256 730 408 340 -1 0 0 0 -1 0 0 0 1 3004.DAT 
1 256 720 408 380 -1 0 0 0 -1 0 0 0 1 3005.dat 
1 0 750 408 280 -1 0 0 0 -1 0 0 0 1 3004.DAT 
1 0 790 408 250 0 0 1 0 -1 0 1 0 0 3003.DAT 
1 0 820 408 230 0 0 1 0 -1 0 1 0 0 3004.DAT 
1 0 850 408 200 -1 0 0 0 -1 0 0 0 1 3004.DAT 
1 0 890 408 190 0 0 1 0 -1 0 1 0 0 3003.DAT 
1 256 890 408 470 0 0 1 0 -1 0 1 0 0 3003.DAT 
1 256 900 408 510 0 0 1 0 -1 0 1 0 0 3004.DAT 
1 256 910 408 540 -1 0 0 0 -1 0 0 0 1 3004.DAT 
1 0 920 408 210 0 0 1 0 -1 0 1 0 0 3004.DAT 
1 72 930 408 460 -1 0 0 0 -1 0 0 0 1 3004.DAT 
1 0 950 408 220 -1 0 0 0 -1 0 0 0 1 3004.DAT 
1 72 950 408 440 -1 0 0 0 -1 0 0 0 1 3004.DAT 
1 83 940 408 570 0 0 1 0 -1 0 1 0 0 3004.DAT 
1 0 970 408 240 -1 0 0 0 -1 0 0 0 1 3004.DAT 
1 83 970 408 580 -1 0 0 0 -1 0 0 0 1 3004.DAT 
1 0 990 408 260 -1 0 0 0 -1 0 0 0 1 3004.DAT 
1 72 990 408 440 -1 0 0 0 -1 0 0 0 1 3004.DAT 
1 0 1000 408 240 -1 0 0 0 -1 0 0 0 1 3005.dat 
1 83 1010 408 580 -1 0 0 0 -1 0 0 0 1 3004.DAT 
1 0 1020 408 260 -1 0 0 0 -1 0 0 0 1 3005.dat 
1 256 1020 408 450 0 0 1 0 -1 0 1 0 0 3004.DAT 
1 83 1020 408 550 0 0 1 0 -1 0 1 0 0 3004.DAT 
1 256 1040 408 470 0 0 1 0 -1 0 1 0 0 3004.DAT 
1 256 1040 408 510 0 0 1 0 -1 0 1 0 0 3004.DAT 
1 83 1040 408 540 -1 0 0 0 -1 0 0 0 1 3005.dat 
0 STEP
1 0 160 432 330 0 0 1 0 -1 0 1 0 0 3004.DAT 
1 0 170 432 360 -1 0 0 0 -1 0 0 0 1 3004.DAT 
1 0 180 432 310 0 0 1 0 -1 0 1 0 0 3004.DAT 
1 0 210 432 280 -1 0 0 0 -1 0 0 0 1 3004.DAT 
1 0 250 432 280 -1 0 0 0 -1 0 0 0 1 3004.DAT 
1 0 290 432 310 0 0 1 0 -1 0 1 0 0 3003.DAT 
1 0 320 432 330 0 0 1 0 -1 0 1 0 0 3004.DAT 
1 0 350 432 340 -1 0 0 0 -1 0 0 0 1 3004.DAT 
1 0 390 432 330 0 0 1 0 -1 0 1 0 0 3003.DAT 
1 0 420 432 330 0 0 1 0 -1 0 1 0 0 3004.DAT 
1 0 440 432 310 0 0 1 0 -1 0 1 0 0 3004.DAT 
1 0 460 432 270 0 0 1 0 -1 0 1 0 0 3004.DAT 
1 0 460 432 300 -1 0 0 0 -1 0 0 0 1 3005.dat 
1 0 480 432 230 0 0 1 0 -1 0 1 0 0 3004.DAT 
1 0 480 432 260 -1 0 0 0 -1 0 0 0 1 3005.dat 
1 0 510 432 220 -1 0 0 0 -1 0 0 0 1 3004.DAT 
1 0 550 432 220 -1 0 0 0 -1 0 0 0 1 3004.DAT 
1 0 580 432 230 0 0 1 0 -1 0 1 0 0 3004.DAT 
1 256 580 432 310 0 0 1 0 -1 0 1 0 0 3004.DAT 
1 256 580 432 340 -1 0 0 0 -1 0 0 0 1 3005.dat 
1 83 580 432 370 0 0 1 0 -1 0 1 0 0 3004.DAT 
1 83 590 432 410 0 0 1 0 -1 0 1 0 0 3003.DAT 
1 83 590 432 440 -1 0 0 0 -1 0 0 0 1 3004.DAT 
1 0 600 432 250 0 0 1 0 -1 0 1 0 0 3004.DAT 
1 256 600 432 290 0 0 1 0 -1 0 1 0 0 3004.DAT 
1 83 610 432 460 -1 0 0 0 -1 0 0 0 1 3004.DAT 
1 0 630 432 260 -1 0 0 0 -1 0 0 0 1 3004.DAT 
1 83 630 432 440 -1 0 0 0 -1 0 0 0 1 3004.DAT 
1 83 650 432 420 -1 0 0 0 -1 0 0 0 1 3004.DAT 
1 83 640 432 470 0 0 1 0 -1 0 1 0 0 3004.DAT 
1 0 660 432 260 -1 0 0 0 -1 0 0 0 1 3005.dat 
1 83 660 432 460 -1 0 0 0 -1 0 0 0 1 3005.dat 
1 0 690 432 280 -1 0 0 0 -1 0 0 0 1 3004.DAT 
1 83 680 432 410 0 0 1 0 -1 0 1 0 0 3004.DAT 
1 0 700 432 300 -1 0 0 0 -1 0 0 0 1 3005.dat 
1 72 700 432 330 0 0 1 0 -1 0 1 0 0 3004.DAT 
1 256 710 432 380 -1 0 0 0 -1 0 0 0 1 3004.DAT 
1 83 700 432 400 -1 0 0 0 -1 0 0 0 1 3005.dat 
1 0 730 432 280 -1 0 0 0 -1 0 0 0 1 3004.DAT 
1 256 720 432 350 0 0 1 0 -1 0 1 0 0 3004.DAT 
1 0 760 432 280 -1 0 0 0 -1 0 0 0 1 3005.dat 
1 0 780 432 260 -1 0 0 0 -1 0 0 0 1 3005.dat 
1 0 800 432 230 0 0 1 0 -1 0 1 0 0 3004.DAT 
1 0 820 432 210 0 0 1 0 -1 0 1 0 0 3004.DAT 
1 0 850 432 200 -1 0 0 0 -1 0 0 0 1 3004.DAT 
1 0 870 432 180 -1 0 0 0 -1 0 0 0 1 3004.DAT 
1 0 890 432 200 -1 0 0 0 -1 0 0 0 1 3004.DAT 
1 256 900 432 490 0 0 1 0 -1 0 1 0 0 3004.DAT 
1 256 910 432 530 0 0 1 0 -1 0 1 0 0 3003.DAT 
1 0 920 432 210 0 0 1 0 -1 0 1 0 0 3004.DAT 
1 72 920 432 470 0 0 1 0 -1 0 1 0 0 3004.DAT 
1 0 940 432 230 0 0 1 0 -1 0 1 0 0 3004.DAT 
1 72 940 432 450 0 0 1 0 -1 0 1 0 0 3004.DAT 
1 83 940 432 570 0 0 1 0 -1 0 1 0 0 3004.DAT 
1 0 970 432 250 0 0 1 0 -1 0 1 0 0 3003.DAT 
1 72 970 432 440 -1 0 0 0 -1 0 0 0 1 3004.DAT 
1 83 960 432 590 0 0 1 0 -1 0 1 0 0 3004.DAT 
1 83 990 432 580 -1 0 0 0 -1 0 0 0 1 3004.DAT 
1 0 1000 432 270 0 0 1 0 -1 0 1 0 0 3004.DAT 
1 72 1000 432 440 -1 0 0 0 -1 0 0 0 1 3005.dat 
1 72 1020 432 470 0 0 1 0 -1 0 1 0 0 3004.DAT 
1 83 1020 432 550 0 0 1 0 -1 0 1 0 0 3004.DAT 
1 83 1020 432 580 -1 0 0 0 -1 0 0 0 1 3005.dat 
1 256 1040 432 470 0 0 1 0 -1 0 1 0 0 3004.DAT 
1 256 1040 432 510 0 0 1 0 -1 0 1 0 0 3004.DAT 
1 83 1040 432 540 -1 0 0 0 -1 0 0 0 1 3005.dat 
0 STEP
1 0 190 456 330 0 0 1 0 -1 0 1 0 0 3001.DAT 
1 0 230 456 280 -1 0 0 0 -1 0 0 0 1 3004.DAT 
1 0 270 456 290 0 0 1 0 -1 0 1 0 0 3003.DAT 
1 0 300 456 310 0 0 1 0 -1 0 1 0 0 3004.DAT 
1 0 330 456 320 -1 0 0 0 -1 0 0 0 1 3004.DAT 
1 0 350 456 340 -1 0 0 0 -1 0 0 0 1 3004.DAT 
1 0 390 456 340 -1 0 0 0 -1 0 0 0 1 3004.DAT 
1 0 400 456 320 -1 0 0 0 -1 0 0 0 1 3005.dat 
1 0 430 456 340 -1 0 0 0 -1 0 0 0 1 3004.DAT 
1 0 440 456 310 0 0 1 0 -1 0 1 0 0 3004.DAT 
1 0 460 456 290 0 0 1 0 -1 0 1 0 0 3004.DAT 
1 0 480 456 250 0 0 1 0 -1 0 1 0 0 3004.DAT 
1 0 500 456 230 0 0 1 0 -1 0 1 0 0 3004.DAT 
1 0 530 456 220 -1 0 0 0 -1 0 0 0 1 3004.DAT 
1 0 570 456 220 -1 0 0 0 -1 0 0 0 1 3004.DAT 
1 83 560 456 430 0 0 1 0 -1 0 1 0 0 3004.DAT 
1 0 590 456 240 -1 0 0 0 -1 0 0 0 1 3004.DAT 
1 256 590 456 310 0 0 1 0 -1 0 1 0 0 3003.DAT 
1 256 580 456 340 -1 0 0 0 -1 0 0 0 1 3005.dat 
1 83 580 456 450 0 0 1 0 -1 0 1 0 0 3004.DAT 
1 0 610 456 260 -1 0 0 0 -1 0 0 0 1 3004.DAT 
1 0 630 456 280 -1 0 0 0 -1 0 0 0 1 3004.DAT 
1 83 630 456 480 -1 0 0 0 -1 0 0 0 1 3004.DAT 
1 0 670 456 280 -1 0 0 0 -1 0 0 0 1 3004.DAT 
1 72 670 456 300 -1 0 0 0 -1 0 0 0 1 3004.DAT 
1 72 690 456 320 -1 0 0 0 -1 0 0 0 1 3004.DAT 
1 83 670 456 420 1 0 0 0 -1 0 0 0 -1 3004.DAT 
1 83 680 456 450 0 0 1 0 -1 0 1 0 0 3004.DAT 
1 0 710 456 280 -1 0 0 0 -1 0 0 0 1 3004.DAT 
1 0 740 456 280 -1 0 0 0 -1 0 0 0 1 3005.dat 
1 0 770 456 260 -1 0 0 0 -1 0 0 0 1 3004.DAT 
1 0 790 456 240 -1 0 0 0 -1 0 0 0 1 3004.DAT 
1 0 800 456 220 -1 0 0 0 -1 0 0 0 1 3005.dat 
1 0 830 456 200 -1 0 0 0 -1 0 0 0 1 3004.DAT 
1 0 860 456 190 0 0 1 0 -1 0 1 0 0 3004.DAT 
1 0 890 456 200 -1 0 0 0 -1 0 0 0 1 3004.DAT 
1 256 900 456 510 0 0 1 0 -1 0 1 0 0 3004.DAT 
1 0 920 456 210 0 0 1 0 -1 0 1 0 0 3004.DAT 
1 72 920 456 470 0 0 1 0 -1 0 1 0 0 3004.DAT 
1 256 920 456 530 0 0 1 0 -1 0 1 0 0 3004.DAT 
1 83 930 456 560 -1 0 0 0 -1 0 0 0 1 3004.DAT 
1 0 940 456 230 0 0 1 0 -1 0 1 0 0 3004.DAT 
1 0 950 456 260 -1 0 0 0 -1 0 0 0 1 3004.DAT 
1 72 950 456 460 -1 0 0 0 -1 0 0 0 1 3004.DAT 
1 83 940 456 590 0 0 1 0 -1 0 1 0 0 3004.DAT 
1 83 950 456 620 -1 0 0 0 -1 0 0 0 1 3004.DAT 
1 0 960 456 240 -1 0 0 0 -1 0 0 0 1 3005.dat 
1 72 970 456 440 -1 0 0 0 -1 0 0 0 1 3004.DAT 
1 0 980 456 270 0 0 1 0 -1 0 1 0 0 3004.DAT 
1 83 990 456 620 -1 0 0 0 -1 0 0 0 1 3004.DAT 
1 0 1000 456 280 -1 0 0 0 -1 0 0 0 1 3005.dat 
1 72 1000 456 440 -1 0 0 0 -1 0 0 0 1 3005.dat 
1 83 1010 456 600 -1 0 0 0 -1 0 0 0 1 3004.DAT 
1 72 1020 456 470 0 0 1 0 -1 0 1 0 0 3004.DAT 
1 83 1020 456 550 0 0 1 0 -1 0 1 0 0 3004.DAT 
1 83 1030 456 580 -1 0 0 0 -1 0 0 0 1 3004.DAT 
1 256 1040 456 490 0 0 1 0 -1 0 1 0 0 3004.DAT 
1 83 1040 456 530 0 0 1 0 -1 0 1 0 0 3004.DAT 
1 83 1040 456 600 -1 0 0 0 -1 0 0 0 1 3005.dat 
1 83 630 456 450 -1 0 0 0 -1 0 0 0 1 3001.dat 
1 83 590 456 390 0 0 1 0 -1 0 1 0 0 3001.dat 
1 72 690 456 370 0 0 1 0 -1 0 1 0 0 3001.dat 
0 STEP
1 0 200 480 310 0 0 1 0 -1 0 1 0 0 3004.DAT 
1 0 200 480 350 0 0 1 0 -1 0 1 0 0 3004.DAT 
1 0 220 480 290 0 0 1 0 -1 0 1 0 0 3004.DAT 
1 0 220 480 330 0 0 1 0 -1 0 1 0 0 3004.DAT 
1 0 220 480 360 -1 0 0 0 -1 0 0 0 1 3005.dat 
1 0 250 480 280 -1 0 0 0 -1 0 0 0 1 3004.DAT 
1 0 290 480 280 -1 0 0 0 -1 0 0 0 1 3004.DAT 
1 0 310 480 300 -1 0 0 0 -1 0 0 0 1 3004.DAT 
1 0 330 480 320 -1 0 0 0 -1 0 0 0 1 3004.DAT 
1 0 350 480 340 -1 0 0 0 -1 0 0 0 1 3004.DAT 
1 0 390 480 340 -1 0 0 0 -1 0 0 0 1 3004.DAT 
1 0 430 480 340 -1 0 0 0 -1 0 0 0 1 3004.DAT 
1 0 450 480 320 -1 0 0 0 -1 0 0 0 1 3004.DAT 
1 0 460 480 300 -1 0 0 0 -1 0 0 0 1 3005.dat 
1 0 490 480 250 0 0 1 0 -1 0 1 0 0 3003.DAT 
1 0 480 480 280 -1 0 0 0 -1 0 0 0 1 3005.dat 
1 0 530 480 220 -1 0 0 0 -1 0 0 0 1 3004.DAT 
1 0 560 480 230 0 0 1 0 -1 0 1 0 0 3004.DAT 
1 83 560 480 430 0 0 1 0 -1 0 1 0 0 3004.DAT 
1 0 590 480 240 -1 0 0 0 -1 0 0 0 1 3004.DAT 
1 256 580 480 340 -1 0 0 0 -1 0 0 0 1 3005.dat 
1 83 580 480 370 0 0 1 0 -1 0 1 0 0 3004.DAT 
1 83 580 480 400 -1 0 0 0 -1 0 0 0 1 3005.dat 
1 0 610 480 260 -1 0 0 0 -1 0 0 0 1 3004.DAT 
1 256 600 480 320 -1 0 0 0 -1 0 0 0 1 3005.dat 
1 0 630 480 280 -1 0 0 0 -1 0 0 0 1 3004.DAT 
1 72 630 480 310 0 0 1 0 -1 0 1 0 0 3003.DAT 
1 83 620 480 490 0 0 1 0 -1 0 1 0 0 3004.DAT 
1 83 650 480 480 -1 0 0 0 -1 0 0 0 1 3004.DAT 
1 0 670 480 280 -1 0 0 0 -1 0 0 0 1 3004.DAT 
1 72 660 480 310 0 0 1 0 -1 0 1 0 0 3004.DAT 
1 72 680 480 330 0 0 1 0 -1 0 1 0 0 3004.DAT 
1 0 710 480 280 -1 0 0 0 -1 0 0 0 1 3004.DAT 
1 72 700 480 350 0 0 1 0 -1 0 1 0 0 3004.DAT 
1 72 700 480 390 0 0 1 0 -1 0 1 0 0 3004.DAT 
1 72 700 480 420 -1 0 0 0 -1 0 0 0 1 3005.dat 
1 0 740 480 280 -1 0 0 0 -1 0 0 0 1 3005.dat 
1 0 760 480 260 -1 0 0 0 -1 0 0 0 1 3005.dat 
1 0 790 480 240 -1 0 0 0 -1 0 0 0 1 3004.DAT 
1 0 800 480 220 -1 0 0 0 -1 0 0 0 1 3005.dat 
1 0 830 480 200 -1 0 0 0 -1 0 0 0 1 3004.DAT 
1 0 870 480 200 -1 0 0 0 -1 0 0 0 1 3004.DAT 
1 0 900 480 210 0 0 1 0 -1 0 1 0 0 3004.DAT 
1 0 920 480 230 0 0 1 0 -1 0 1 0 0 3004.DAT 
1 72 920 480 490 0 0 1 0 -1 0 1 0 0 3004.DAT 
1 72 920 480 530 0 0 1 0 -1 0 1 0 0 3004.DAT 
1 83 930 480 570 0 0 1 0 -1 0 1 0 0 3003.DAT 
1 0 940 480 250 0 0 1 0 -1 0 1 0 0 3004.DAT 
1 72 940 480 470 0 0 1 0 -1 0 1 0 0 3004.DAT 
1 83 940 480 610 0 0 1 0 -1 0 1 0 0 3004.DAT 
1 0 970 480 260 -1 0 0 0 -1 0 0 0 1 3004.DAT 
1 72 970 480 460 -1 0 0 0 -1 0 0 0 1 3004.DAT 
1 83 970 480 630 0 0 1 0 -1 0 1 0 0 3003.DAT 
1 0 990 480 280 -1 0 0 0 -1 0 0 0 1 3004.DAT 
1 72 1010 480 460 -1 0 0 0 -1 0 0 0 1 3004.DAT 
1 83 1010 480 620 -1 0 0 0 -1 0 0 0 1 3004.DAT 
1 72 1020 480 490 0 0 1 0 -1 0 1 0 0 3004.DAT 
1 83 1030 480 570 0 0 1 0 -1 0 1 0 0 3001.DAT 
1 83 1040 480 510 0 0 1 0 -1 0 1 0 0 3004.DAT 
1 83 590 480 450 0 0 1 0 -1 0 1 0 0 3001.dat 
1 83 670 480 430 0 0 1 0 -1 0 1 0 0 3001.dat 
0 STEP
1 0 220 504 310 0 0 1 0 -1 0 1 0 0 3004.DAT 
1 0 230 504 350 0 0 1 0 -1 0 1 0 0 3003.DAT 
1 0 250 504 280 -1 0 0 0 -1 0 0 0 1 3004.DAT 
1 0 290 504 280 -1 0 0 0 -1 0 0 0 1 3004.DAT 
1 0 320 504 290 0 0 1 0 -1 0 1 0 0 3004.DAT 
1 0 350 504 320 -1 0 0 0 -1 0 0 0 1 3004.DAT 
1 0 370 504 340 -1 0 0 0 -1 0 0 0 1 3004.DAT 
1 0 410 504 340 -1 0 0 0 -1 0 0 0 1 3004.DAT 
1 0 440 504 330 0 0 1 0 -1 0 1 0 0 3004.DAT 
1 0 460 504 310 0 0 1 0 -1 0 1 0 0 3004.DAT 
1 0 480 504 290 0 0 1 0 -1 0 1 0 0 3004.DAT 
1 0 500 504 250 0 0 1 0 -1 0 1 0 0 3004.DAT 
1 0 500 504 280 -1 0 0 0 -1 0 0 0 1 3005.dat 
1 0 520 504 230 0 0 1 0 -1 0 1 0 0 3004.DAT 
1 0 550 504 220 -1 0 0 0 -1 0 0 0 1 3004.DAT 
1 0 570 504 240 -1 0 0 0 -1 0 0 0 1 3004.DAT 
1 83 570 504 420 -1 0 0 0 -1 0 0 0 1 3004.DAT 
1 83 580 504 390 0 0 1 0 -1 0 1 0 0 3004.DAT 
1 83 580 504 450 0 0 1 0 -1 0 1 0 0 3004.DAT 
1 83 590 504 480 -1 0 0 0 -1 0 0 0 1 3004.DAT 
1 0 600 504 240 -1 0 0 0 -1 0 0 0 1 3005.dat 
1 72 630 504 330 1 0 0 0 -1 0 0 0 -1 3001.DAT 
1 83 600 504 370 0 0 1 0 -1 0 1 0 0 3004.DAT 
1 83 610 504 500 -1 0 0 0 -1 0 0 0 1 3004.DAT 
1 0 620 504 260 -1 0 0 0 -1 0 0 0 1 3005.dat 
1 0 650 504 280 -1 0 0 0 -1 0 0 0 1 3004.DAT 
1 83 640 504 500 -1 0 0 0 -1 0 0 0 1 3005.dat 
1 0 660 504 300 -1 0 0 0 -1 0 0 0 1 3005.dat 
1 0 690 504 280 -1 0 0 0 -1 0 0 0 1 3004.DAT 
1 72 680 504 330 0 0 1 0 -1 0 1 0 0 3004.DAT 
1 72 690 504 360 -1 0 0 0 -1 0 0 0 1 3004.DAT 
1 72 700 504 390 0 0 1 0 -1 0 1 0 0 3004.DAT 
1 72 700 504 430 0 0 1 0 -1 0 1 0 0 3004.DAT 
1 0 730 504 280 -1 0 0 0 -1 0 0 0 1 3004.DAT 
1 0 750 504 260 -1 0 0 0 -1 0 0 0 1 3004.DAT 
1 0 780 504 240 -1 0 0 0 -1 0 0 0 1 3005.dat 
1 0 800 504 220 -1 0 0 0 -1 0 0 0 1 3005.dat 
1 0 830 504 200 -1 0 0 0 -1 0 0 0 1 3004.DAT 
1 0 870 504 200 -1 0 0 0 -1 0 0 0 1 3004.DAT 
1 0 900 504 210 0 0 1 0 -1 0 1 0 0 3004.DAT 
1 0 920 504 230 0 0 1 0 -1 0 1 0 0 3004.DAT 
1 72 930 504 510 0 0 1 0 -1 0 1 0 0 3003.DAT 
1 72 920 504 550 0 0 1 0 -1 0 1 0 0 3004.DAT 
1 83 920 504 590 0 0 1 0 -1 0 1 0 0 3004.DAT 
1 0 940 504 250 0 0 1 0 -1 0 1 0 0 3004.DAT 
1 72 970 504 470 1 0 0 0 -1 0 0 0 -1 3001.DAT 
1 83 940 504 610 0 0 1 0 -1 0 1 0 0 3004.DAT 
1 0 960 504 270 0 0 1 0 -1 0 1 0 0 3004.DAT 
1 0 990 504 280 -1 0 0 0 -1 0 0 0 1 3004.DAT 
1 72 1020 504 530 0 0 1 0 -1 0 1 0 0 3004.DAT 
1 83 1040 504 550 0 0 1 0 -1 0 1 0 0 3004.DAT 
1 83 1040 504 590 0 0 1 0 -1 0 1 0 0 3004.DAT 
1 83 670 504 450 0 0 1 0 -1 0 1 0 0 3001.dat 
1 83 990 504 630 1 0 0 0 -1 0 0 0 -1 3001.dat 
1 72 1020 504 490 0 0 1 0 -1 0 1 0 0 3004.DAT 
0 STEP
1 0 230 528 300 -1 0 0 0 -1 0 0 0 1 3004.DAT 
1 0 250 528 280 -1 0 0 0 -1 0 0 0 1 3004.DAT 
1 0 240 528 330 0 0 1 0 -1 0 1 0 0 3004.DAT 
1 0 240 528 360 -1 0 0 0 -1 0 0 0 1 3005.dat 
1 0 260 528 340 -1 0 0 0 -1 0 0 0 1 3005.dat 
1 0 290 528 260 -1 0 0 0 -1 0 0 0 1 3004.DAT 
1 0 320 528 270 0 0 1 0 -1 0 1 0 0 3004.DAT 
1 0 350 528 300 -1 0 0 0 -1 0 0 0 1 3004.DAT 
1 0 360 528 320 -1 0 0 0 -1 0 0 0 1 3005.dat 
1 0 390 528 340 -1 0 0 0 -1 0 0 0 1 3004.DAT 
1 0 430 528 340 -1 0 0 0 -1 0 0 0 1 3004.DAT 
1 0 460 528 330 0 0 1 0 -1 0 1 0 0 3004.DAT 
1 0 480 528 310 0 0 1 0 -1 0 1 0 0 3004.DAT 
1 0 500 528 270 0 0 1 0 -1 0 1 0 0 3004.DAT 
1 0 520 528 230 0 0 1 0 -1 0 1 0 0 3004.DAT 
1 0 520 528 260 -1 0 0 0 -1 0 0 0 1 3005.dat 
1 0 550 528 220 -1 0 0 0 -1 0 0 0 1 3004.DAT 
1 0 580 528 220 -1 0 0 0 -1 0 0 0 1 3005.dat 
1 83 580 528 390 0 0 1 0 -1 0 1 0 0 3004.DAT 
1 83 580 528 430 0 0 1 0 -1 0 1 0 0 3004.DAT 
1 83 580 528 470 0 0 1 0 -1 0 1 0 0 3004.DAT 
1 0 600 528 240 -1 0 0 0 -1 0 0 0 1 3005.dat 
1 83 600 528 370 0 0 1 0 -1 0 1 0 0 3004.DAT 
1 0 620 528 260 -1 0 0 0 -1 0 0 0 1 3005.dat 
1 0 650 528 280 -1 0 0 0 -1 0 0 0 1 3004.DAT 
1 0 660 528 300 -1 0 0 0 -1 0 0 0 1 3005.dat 
1 0 690 528 280 -1 0 0 0 -1 0 0 0 1 3004.DAT 
1 83 680 528 470 0 0 1 0 -1 0 1 0 0 3004.DAT 
1 72 700 528 370 0 0 1 0 -1 0 1 0 0 3004.DAT 
1 72 700 528 410 0 0 1 0 -1 0 1 0 0 3004.DAT 
1 72 700 528 450 0 0 1 0 -1 0 1 0 0 3004.DAT 
1 0 730 528 280 -1 0 0 0 -1 0 0 0 1 3004.DAT 
1 0 750 528 260 -1 0 0 0 -1 0 0 0 1 3004.DAT 
1 0 780 528 240 -1 0 0 0 -1 0 0 0 1 3005.dat 
1 0 800 528 220 -1 0 0 0 -1 0 0 0 1 3005.dat 
1 0 830 528 200 -1 0 0 0 -1 0 0 0 1 3004.DAT 
1 0 870 528 200 -1 0 0 0 -1 0 0 0 1 3004.DAT 
1 0 890 528 220 -1 0 0 0 -1 0 0 0 1 3004.DAT 
1 0 920 528 230 0 0 1 0 -1 0 1 0 0 3004.DAT 
1 0 930 528 260 -1 0 0 0 -1 0 0 0 1 3004.DAT 
1 72 920 528 530 0 0 1 0 -1 0 1 0 0 3004.DAT 
1 72 920 528 570 0 0 1 0 -1 0 1 0 0 3004.DAT 
1 0 940 528 240 -1 0 0 0 -1 0 0 0 1 3005.dat 
1 72 950 528 500 -1 0 0 0 -1 0 0 0 1 3004.DAT 
1 83 950 528 620 -1 0 0 0 -1 0 0 0 1 3004.DAT 
1 0 960 528 270 0 0 1 0 -1 0 1 0 0 3004.DAT 
1 72 970 528 480 -1 0 0 0 -1 0 0 0 1 3004.DAT 
1 83 970 528 640 -1 0 0 0 -1 0 0 0 1 3004.DAT 
1 0 990 528 280 -1 0 0 0 -1 0 0 0 1 3004.DAT 
1 72 990 528 500 -1 0 0 0 -1 0 0 0 1 3004.DAT 
1 0 1000 528 300 -1 0 0 0 -1 0 0 0 1 3005.dat 
1 83 1010 528 640 -1 0 0 0 -1 0 0 0 1 3004.DAT 
1 72 1020 528 510 0 0 1 0 -1 0 1 0 0 3004.DAT 
1 83 1030 528 540 -1 0 0 0 -1 0 0 0 1 3004.DAT 
1 72 650 528 350 1 0 0 0 -1 0 0 0 -1 3001.DAT 
1 83 630 528 490 1 0 0 0 -1 0 0 0 -1 3001.DAT 
1 83 930 528 600 -1 0 0 0 -1 0 0 0 1 3004.DAT 
1 83 1030 528 590 0 0 -1 0 -1 0 -1 0 0 3001.dat 
0 STEP
1 0 240 552 290 0 0 1 0 -1 0 1 0 0 3004.DAT 
1 0 270 552 280 -1 0 0 0 -1 0 0 0 1 3004.DAT 
1 0 260 552 330 0 0 1 0 -1 0 1 0 0 3004.DAT 
1 0 290 552 260 -1 0 0 0 -1 0 0 0 1 3004.DAT 
1 0 280 552 340 -1 0 0 0 -1 0 0 0 1 3005.dat 
1 0 320 552 270 0 0 1 0 -1 0 1 0 0 3004.DAT 
1 0 340 552 260 -1 0 0 0 -1 0 0 0 1 3005.dat 
1 0 350 552 300 -1 0 0 0 -1 0 0 0 1 3004.DAT 
1 0 380 552 320 -1 0 0 0 -1 0 0 0 1 3005.dat 
1 0 410 552 340 -1 0 0 0 -1 0 0 0 1 3004.DAT 
1 0 450 552 340 -1 0 0 0 -1 0 0 0 1 3004.DAT 
1 0 470 552 320 -1 0 0 0 -1 0 0 0 1 3004.DAT 
1 0 480 552 340 -1 0 0 0 -1 0 0 0 1 3005.dat 
1 0 500 552 290 0 0 1 0 -1 0 1 0 0 3004.DAT 
1 0 520 552 250 0 0 1 0 -1 0 1 0 0 3004.DAT 
1 0 540 552 230 0 0 1 0 -1 0 1 0 0 3004.DAT 
1 0 570 552 220 -1 0 0 0 -1 0 0 0 1 3004.DAT 
1 0 590 552 240 -1 0 0 0 -1 0 0 0 1 3004.DAT 
1 83 580 552 470 0 0 1 0 -1 0 1 0 0 3004.DAT 
1 83 600 552 490 0 0 1 0 -1 0 1 0 0 3004.DAT 
1 0 620 552 250 0 0 1 0 -1 0 1 0 0 3004.DAT 
1 72 630 552 360 -1 0 0 0 -1 0 0 0 1 3004.DAT 
1 0 650 552 280 -1 0 0 0 -1 0 0 0 1 3004.DAT 
1 72 650 552 340 -1 0 0 0 -1 0 0 0 1 3004.DAT 
1 0 660 552 300 -1 0 0 0 -1 0 0 0 1 3005.dat 
1 0 690 552 280 -1 0 0 0 -1 0 0 0 1 3004.DAT 
1 72 690 552 440 -1 0 0 0 -1 0 0 0 1 3004.DAT 
1 72 700 552 470 0 0 1 0 -1 0 1 0 0 3004.DAT 
1 0 730 552 280 -1 0 0 0 -1 0 0 0 1 3004.DAT 
1 72 720 552 410 0 0 1 0 -1 0 1 0 0 3004.DAT 
1 0 750 552 260 -1 0 0 0 -1 0 0 0 1 3004.DAT 
1 0 770 552 240 -1 0 0 0 -1 0 0 0 1 3004.DAT 
1 0 800 552 210 0 0 1 0 -1 0 1 0 0 3004.DAT 
1 0 830 552 200 -1 0 0 0 -1 0 0 0 1 3004.DAT 
1 0 870 552 200 -1 0 0 0 -1 0 0 0 1 3004.DAT 
1 0 890 552 220 -1 0 0 0 -1 0 0 0 1 3004.DAT 
1 0 910 552 240 -1 0 0 0 -1 0 0 0 1 3004.DAT 
1 72 910 552 560 -1 0 0 0 -1 0 0 0 1 3004.DAT 
1 0 930 552 260 -1 0 0 0 -1 0 0 0 1 3004.DAT 
1 72 920 552 510 0 0 1 0 -1 0 1 0 0 3004.DAT 
1 72 920 552 590 0 0 1 0 -1 0 1 0 0 3004.DAT 
1 0 950 552 280 -1 0 0 0 -1 0 0 0 1 3004.DAT 
1 0 980 552 290 0 0 1 0 -1 0 1 0 0 3004.DAT 
1 0 1000 552 300 -1 0 0 0 -1 0 0 0 1 3005.dat 
1 72 1020 552 510 0 0 1 0 -1 0 1 0 0 3004.DAT 
1 83 1030 552 540 -1 0 0 0 -1 0 0 0 1 3004.DAT 
1 83 1040 552 570 0 0 1 0 -1 0 1 0 0 3004.DAT 
1 83 590 552 410 0 0 1 0 -1 0 1 0 0 3001.dat 
1 72 690 552 390 0 0 1 0 -1 0 1 0 0 3001.dat 
1 83 650 552 490 1 0 0 0 -1 0 0 0 -1 3001.DAT 
1 83 990 552 630 -1 0 0 0 -1 0 0 0 1 3001.dat 
1 83 940 552 610 0 0 1 0 -1 0 1 0 0 3004.DAT 
1 83 1040 552 610 0 0 1 0 -1 0 1 0 0 3004.DAT 
1 72 970 552 490 1 0 0 0 -1 0 0 0 -1 3001.dat 
1 72 930 552 540 -1 0 0 0 -1 0 0 0 1 3004.DAT 
0 STEP
1 0 260 576 290 0 0 1 0 -1 0 1 0 0 3004.DAT 
1 0 270 576 320 -1 0 0 0 -1 0 0 0 1 3004.DAT 
1 0 290 576 260 -1 0 0 0 -1 0 0 0 1 3004.DAT 
1 0 300 576 340 -1 0 0 0 -1 0 0 0 1 3005.dat 
1 0 330 576 260 -1 0 0 0 -1 0 0 0 1 3004.DAT 
1 0 350 576 280 -1 0 0 0 -1 0 0 0 1 3004.DAT 
1 0 370 576 300 -1 0 0 0 -1 0 0 0 1 3004.DAT 
1 0 390 576 320 -1 0 0 0 -1 0 0 0 1 3004.DAT 
1 0 410 576 340 -1 0 0 0 -1 0 0 0 1 3004.DAT 
1 0 450 576 340 -1 0 0 0 -1 0 0 0 1 3004.DAT 
1 0 470 576 320 -1 0 0 0 -1 0 0 0 1 3004.DAT 
1 0 480 576 340 -1 0 0 0 -1 0 0 0 1 3005.dat 
1 0 500 576 310 0 0 1 0 -1 0 1 0 0 3004.DAT 
1 0 530 576 250 0 0 1 0 -1 0 1 0 0 3003.DAT 
1 0 520 576 280 -1 0 0 0 -1 0 0 0 1 3005.dat 
1 0 570 576 220 -1 0 0 0 -1 0 0 0 1 3004.DAT 
1 0 590 576 240 -1 0 0 0 -1 0 0 0 1 3004.DAT 
1 83 580 576 410 0 0 1 0 -1 0 1 0 0 3004.DAT 
1 83 580 576 450 0 0 1 0 -1 0 1 0 0 3004.DAT 
1 83 590 576 480 -1 0 0 0 -1 0 0 0 1 3004.DAT 
1 72 600 576 390 0 0 1 0 -1 0 1 0 0 3004.DAT 
1 83 610 576 500 -1 0 0 0 -1 0 0 0 1 3004.DAT 
1 0 620 576 250 0 0 1 0 -1 0 1 0 0 3004.DAT 
1 72 620 576 370 0 0 1 0 -1 0 1 0 0 3004.DAT 
1 0 640 576 270 0 0 1 0 -1 0 1 0 0 3004.DAT 
1 72 650 576 360 -1 0 0 0 -1 0 0 0 1 3004.DAT 
1 83 650 576 500 -1 0 0 0 -1 0 0 0 1 3004.DAT 
1 0 670 576 280 -1 0 0 0 -1 0 0 0 1 3004.DAT 
1 72 690 576 360 -1 0 0 0 -1 0 0 0 1 3004.DAT 
1 72 680 576 490 0 0 1 0 -1 0 1 0 0 3004.DAT 
1 0 710 576 280 -1 0 0 0 -1 0 0 0 1 3004.DAT 
1 72 710 576 380 -1 0 0 0 -1 0 0 0 1 3004.DAT 
1 72 700 576 500 -1 0 0 0 -1 0 0 0 1 3005.dat 
1 72 720 576 480 -1 0 0 0 -1 0 0 0 1 3005.dat 
1 0 740 576 270 0 0 1 0 -1 0 1 0 0 3004.DAT 
1 0 770 576 240 -1 0 0 0 -1 0 0 0 1 3004.DAT 
1 0 810 576 210 0 0 1 0 -1 0 1 0 0 3003.DAT 
1 0 850 576 200 -1 0 0 0 -1 0 0 0 1 3004.DAT 
1 0 880 576 210 0 0 1 0 -1 0 1 0 0 3004.DAT 
1 0 900 576 230 0 0 1 0 -1 0 1 0 0 3004.DAT 
1 72 900 576 490 0 0 1 0 -1 0 1 0 0 3004.DAT 
1 72 900 576 530 0 0 1 0 -1 0 1 0 0 3004.DAT 
1 72 910 576 570 0 0 1 0 -1 0 1 0 0 3003.DAT 
1 0 920 576 250 0 0 1 0 -1 0 1 0 0 3004.DAT 
1 72 950 576 470 1 0 0 0 -1 0 0 0 -1 3001.DAT 
1 0 940 576 270 0 0 1 0 -1 0 1 0 0 3004.DAT 
1 83 940 576 630 0 0 1 0 -1 0 1 0 0 3004.DAT 
1 0 970 576 280 -1 0 0 0 -1 0 0 0 1 3004.DAT 
1 0 990 576 300 -1 0 0 0 -1 0 0 0 1 3004.DAT 
1 72 1000 576 490 0 0 1 0 -1 0 1 0 0 3004.DAT 
1 72 1020 576 510 0 0 1 0 -1 0 1 0 0 3004.DAT 
1 72 1020 576 550 0 0 1 0 -1 0 1 0 0 3004.DAT 
1 83 1040 576 570 0 0 1 0 -1 0 1 0 0 3004.DAT 
1 83 1040 576 600 -1 0 0 0 -1 0 0 0 1 3005.dat 
1 72 710 576 430 0 0 1 0 -1 0 1 0 0 3001.dat 
1 72 930 576 600 -1 0 0 0 -1 0 0 0 1 3004.DAT 
1 83 990 576 630 -1 0 0 0 -1 0 0 0 1 3001.dat 
0 STEP
1 0 270 600 300 -1 0 0 0 -1 0 0 0 1 3004.DAT 
1 0 280 600 270 0 0 1 0 -1 0 1 0 0 3004.DAT 
1 0 290 600 320 -1 0 0 0 -1 0 0 0 1 3004.DAT 
1 0 310 600 260 -1 0 0 0 -1 0 0 0 1 3004.DAT 
1 0 300 600 340 -1 0 0 0 -1 0 0 0 1 3005.dat 
1 0 350 600 270 0 0 1 0 -1 0 1 0 0 3003.DAT 
1 0 370 600 300 -1 0 0 0 -1 0 0 0 1 3004.DAT 
1 0 400 600 310 0 0 1 0 -1 0 1 0 0 3004.DAT 
1 0 420 600 330 0 0 1 0 -1 0 1 0 0 3004.DAT 
1 0 450 600 340 -1 0 0 0 -1 0 0 0 1 3004.DAT 
1 0 490 600 320 -1 0 0 0 -1 0 0 0 1 3004.DAT 
1 0 500 600 340 -1 0 0 0 -1 0 0 0 1 3005.dat 
1 0 520 600 290 0 0 1 0 -1 0 1 0 0 3004.DAT 
1 0 540 600 260 -1 0 0 0 -1 0 0 0 1 3005.dat 
1 0 570 600 230 0 0 1 0 -1 0 1 0 0 3003.DAT 
1 72 580 600 450 0 0 1 0 -1 0 1 0 0 3004.DAT 
1 0 610 600 240 -1 0 0 0 -1 0 0 0 1 3004.DAT 
1 72 600 600 390 0 0 1 0 -1 0 1 0 0 3004.DAT 
1 72 600 600 420 -1 0 0 0 -1 0 0 0 1 3005.dat 
1 72 600 600 470 0 0 1 0 -1 0 1 0 0 3004.DAT 
1 72 620 600 370 0 0 1 0 -1 0 1 0 0 3004.DAT 
1 0 640 600 270 0 0 1 0 -1 0 1 0 0 3004.DAT 
1 0 670 600 280 -1 0 0 0 -1 0 0 0 1 3004.DAT 
1 72 670 600 520 -1 0 0 0 -1 0 0 0 1 3004.DAT 
1 0 680 600 300 -1 0 0 0 -1 0 0 0 1 3005.dat 
1 0 710 600 280 -1 0 0 0 -1 0 0 0 1 3004.DAT 
1 72 700 600 520 -1 0 0 0 -1 0 0 0 1 3005.dat 
1 72 720 600 370 0 0 1 0 -1 0 1 0 0 3004.DAT 
1 72 730 600 430 0 0 1 0 -1 0 1 0 0 3001.DAT 
1 72 720 600 490 0 0 1 0 -1 0 1 0 0 3004.DAT 
1 0 740 600 260 -1 0 0 0 -1 0 0 0 1 3005.dat 
1 0 760 600 240 -1 0 0 0 -1 0 0 0 1 3005.dat 
1 0 790 600 220 -1 0 0 0 -1 0 0 0 1 3004.DAT 
1 0 820 600 210 0 0 1 0 -1 0 1 0 0 3004.DAT 
1 0 850 600 200 -1 0 0 0 -1 0 0 0 1 3004.DAT 
1 0 880 600 210 0 0 1 0 -1 0 1 0 0 3004.DAT 
1 72 880 600 490 0 0 1 0 -1 0 1 0 0 3004.DAT 
1 72 890 600 520 -1 0 0 0 -1 0 0 0 1 3004.DAT 
1 0 900 600 220 -1 0 0 0 -1 0 0 0 1 3005.dat 
1 72 960 600 470 0 0 1 0 -1 0 1 0 0 3004.DAT 
1 72 900 600 570 0 0 1 0 -1 0 1 0 0 3004.DAT 
1 0 920 600 250 0 0 1 0 -1 0 1 0 0 3004.DAT 
1 72 940 600 450 0 0 1 0 -1 0 1 0 0 3004.DAT 
1 0 940 600 260 -1 0 0 0 -1 0 0 0 1 3005.dat 
1 0 960 600 280 -1 0 0 0 -1 0 0 0 1 3005.dat 
1 72 990 600 460 -1 0 0 0 -1 0 0 0 1 3004.DAT 
1 0 990 600 300 -1 0 0 0 -1 0 0 0 1 3004.DAT 
1 72 1010 600 480 1 0 0 0 -1 0 0 0 -1 3004.DAT 
1 72 670 600 370 1 0 0 0 -1 0 0 0 -1 3001.DAT 
1 72 650 600 490 1 0 0 0 -1 0 0 0 -1 3001.DAT 
1 83 1030 600 580 -1 0 0 0 -1 0 0 0 1 3004.DAT 
1 83 990 600 630 -1 0 0 0 -1 0 0 0 1 3001.dat 
1 83 1010 600 600 -1 0 0 0 -1 0 0 0 1 3004.DAT 
1 72 1010 600 530 0 0 -1 0 -1 0 -1 0 0 3001.DAT 
1 72 930 600 590 0 0 -1 0 -1 0 -1 0 0 3001.DAT 
1 72 910 600 460 -1 0 0 0 -1 0 0 0 1 3004.DAT 
1 72 910 600 540 -1 0 0 0 -1 0 0 0 1 3004.DAT 
0 STEP
1 0 280 624 290 0 0 1 0 -1 0 1 0 0 3004.DAT 
1 0 310 624 260 -1 0 0 0 -1 0 0 0 1 3004.DAT 
1 0 300 624 310 0 0 1 0 -1 0 1 0 0 3004.DAT 
1 0 330 624 320 -1 0 0 0 -1 0 0 0 1 3004.DAT 
1 0 350 624 260 -1 0 0 0 -1 0 0 0 1 3004.DAT 
1 0 380 624 280 -1 0 0 0 -1 0 0 0 1 3005.dat 
1 0 410 624 310 0 0 1 0 -1 0 1 0 0 3003.DAT 
1 0 430 624 340 -1 0 0 0 -1 0 0 0 1 3004.DAT 
1 0 470 624 340 -1 0 0 0 -1 0 0 0 1 3004.DAT 
1 0 490 624 320 -1 0 0 0 -1 0 0 0 1 3004.DAT 
1 0 500 624 340 -1 0 0 0 -1 0 0 0 1 3005.dat 
1 0 530 624 300 -1 0 0 0 -1 0 0 0 1 3004.DAT 
1 0 540 624 270 0 0 1 0 -1 0 1 0 0 3004.DAT 
1 0 560 624 250 0 0 1 0 -1 0 1 0 0 3004.DAT 
1 0 590 624 230 0 0 1 0 -1 0 1 0 0 3003.DAT 
1 72 580 624 450 0 0 1 0 -1 0 1 0 0 3004.DAT 
1 72 600 624 390 0 0 1 0 -1 0 1 0 0 3004.DAT 
1 72 600 624 430 0 0 1 0 -1 0 1 0 0 3004.DAT 
1 72 600 624 470 0 0 1 0 -1 0 1 0 0 3004.DAT 
1 0 630 624 240 -1 0 0 0 -1 0 0 0 1 3004.DAT 
1 72 630 624 510 0 0 1 0 -1 0 1 0 0 3003.DAT 
1 0 640 624 260 -1 0 0 0 -1 0 0 0 1 3005.dat 
1 0 670 624 280 -1 0 0 0 -1 0 0 0 1 3004.DAT 
1 0 690 624 300 -1 0 0 0 -1 0 0 0 1 3004.DAT 
1 0 720 624 280 -1 0 0 0 -1 0 0 0 1 3005.dat 
1 0 750 624 260 -1 0 0 0 -1 0 0 0 1 3004.DAT 
1 72 740 624 390 0 0 1 0 -1 0 1 0 0 3004.DAT 
1 72 750 624 450 0 0 1 0 -1 0 1 0 0 3003.DAT 
1 0 760 624 240 -1 0 0 0 -1 0 0 0 1 3005.dat 
1 72 760 624 410 0 0 1 0 -1 0 1 0 0 3004.DAT 
1 0 790 624 220 -1 0 0 0 -1 0 0 0 1 3004.DAT 
1 0 830 624 220 -1 0 0 0 -1 0 0 0 1 3004.DAT 
1 0 850 624 200 -1 0 0 0 -1 0 0 0 1 3004.DAT 
1 0 880 624 210 0 0 1 0 -1 0 1 0 0 3004.DAT 
1 72 890 624 550 0 0 1 0 -1 0 1 0 0 3003.DAT 
1 0 900 624 230 0 0 1 0 -1 0 1 0 0 3004.DAT 
1 72 940 624 430 0 0 1 0 -1 0 1 0 0 3004.DAT 
1 0 920 624 250 0 0 1 0 -1 0 1 0 0 3004.DAT 
1 72 910 624 440 -1 0 0 0 -1 0 0 0 1 3004.DAT 
1 0 940 624 270 0 0 1 0 -1 0 1 0 0 3004.DAT 
1 72 950 624 620 -1 0 0 0 -1 0 0 0 1 3004.DAT 
1 0 960 624 290 0 0 1 0 -1 0 1 0 0 3004.DAT 
1 0 990 624 300 -1 0 0 0 -1 0 0 0 1 3004.DAT 
1 72 990 624 620 -1 0 0 0 -1 0 0 0 1 3004.DAT 
1 72 1010 624 520 -1 0 0 0 -1 0 0 0 1 3004.DAT 
1 72 1020 624 490 0 0 1 0 -1 0 1 0 0 3004.DAT 
1 72 690 624 370 1 0 0 0 -1 0 0 0 -1 3001.DAT 
1 72 630 624 390 0 0 1 0 -1 0 1 0 0 3001.dat 
1 72 740 624 490 0 0 1 0 -1 0 1 0 0 3004.DAT 
1 72 690 624 510 1 0 0 0 -1 0 0 0 -1 3001.DAT 
1 72 1010 624 570 0 0 -1 0 -1 0 -1 0 0 3001.DAT 
1 72 930 624 600 -1 0 0 0 -1 0 0 0 1 3004.DAT 
1 72 910 624 580 -1 0 0 0 -1 0 0 0 1 3004.DAT 
1 72 890 624 490 0 0 -1 0 -1 0 -1 0 0 3001.DAT 
1 72 990 624 470 0 0 -1 0 -1 0 -1 0 0 3001.DAT 
1 72 960 624 450 0 0 1 0 -1 0 1 0 0 3004.DAT 
0 STEP
1 0 300 648 290 0 0 1 0 -1 0 1 0 0 3004.DAT 
1 0 330 648 260 -1 0 0 0 -1 0 0 0 1 3004.DAT 
1 0 320 648 310 0 0 1 0 -1 0 1 0 0 3004.DAT 
1 0 350 648 320 -1 0 0 0 -1 0 0 0 1 3004.DAT 
1 0 370 648 260 -1 0 0 0 -1 0 0 0 1 3004.DAT 
1 0 380 648 280 -1 0 0 0 -1 0 0 0 1 3005.dat 
1 0 410 648 300 -1 0 0 0 -1 0 0 0 1 3004.DAT 
1 0 430 648 320 -1 0 0 0 -1 0 0 0 1 3004.DAT 
1 0 450 648 340 -1 0 0 0 -1 0 0 0 1 3004.DAT 
1 0 490 648 340 -1 0 0 0 -1 0 0 0 1 3004.DAT 
1 0 510 648 320 -1 0 0 0 -1 0 0 0 1 3004.DAT 
1 0 530 648 300 -1 0 0 0 -1 0 0 0 1 3004.DAT 
1 0 550 648 280 -1 0 0 0 -1 0 0 0 1 3004.DAT 
1 0 540 648 320 -1 0 0 0 -1 0 0 0 1 3005.dat 
1 0 570 648 260 -1 0 0 0 -1 0 0 0 1 3004.DAT 
1 0 590 648 240 -1 0 0 0 -1 0 0 0 1 3004.DAT 
1 72 580 648 450 0 0 1 0 -1 0 1 0 0 3004.DAT 
1 0 600 648 220 -1 0 0 0 -1 0 0 0 1 3005.dat 
1 72 600 648 390 0 0 1 0 -1 0 1 0 0 3004.DAT 
1 72 600 648 430 0 0 1 0 -1 0 1 0 0 3004.DAT 
1 72 600 648 490 0 0 1 0 -1 0 1 0 0 3004.DAT 
1 0 630 648 240 -1 0 0 0 -1 0 0 0 1 3004.DAT 
1 72 620 648 510 0 0 1 0 -1 0 1 0 0 3004.DAT 
1 0 650 648 260 -1 0 0 0 -1 0 0 0 1 3004.DAT 
1 72 650 648 520 -1 0 0 0 -1 0 0 0 1 3004.DAT 
1 0 670 648 280 -1 0 0 0 -1 0 0 0 1 3004.DAT 
1 72 670 648 340 -1 0 0 0 -1 0 0 0 1 3004.DAT 
1 0 690 648 300 -1 0 0 0 -1 0 0 0 1 3004.DAT 
1 72 690 648 530 0 0 1 0 -1 0 1 0 0 3003.DAT 
1 0 710 648 280 -1 0 0 0 -1 0 0 0 1 3004.DAT 
1 72 700 648 350 0 0 1 0 -1 0 1 0 0 3004.DAT 
1 0 720 648 300 -1 0 0 0 -1 0 0 0 1 3005.dat 
1 72 730 648 360 -1 0 0 0 -1 0 0 0 1 3004.DAT 
1 72 720 648 520 -1 0 0 0 -1 0 0 0 1 3005.dat 
1 0 740 648 270 0 0 1 0 -1 0 1 0 0 3004.DAT 
1 72 740 648 500 -1 0 0 0 -1 0 0 0 1 3005.dat 
1 0 760 648 250 0 0 1 0 -1 0 1 0 0 3004.DAT 
1 0 790 648 220 -1 0 0 0 -1 0 0 0 1 3004.DAT 
1 0 830 648 220 -1 0 0 0 -1 0 0 0 1 3004.DAT 
1 0 850 648 200 -1 0 0 0 -1 0 0 0 1 3004.DAT 
1 0 880 648 210 0 0 1 0 -1 0 1 0 0 3004.DAT 
1 0 890 648 240 -1 0 0 0 -1 0 0 0 1 3004.DAT 
1 72 880 648 450 0 0 1 0 -1 0 1 0 0 3004.DAT 
1 72 880 648 570 0 0 1 0 -1 0 1 0 0 3004.DAT 
1 72 900 648 430 0 0 1 0 -1 0 1 0 0 3004.DAT 
1 72 910 648 600 -1 0 0 0 -1 0 0 0 1 3004.DAT 
1 0 920 648 240 -1 0 0 0 -1 0 0 0 1 3005.dat 
1 0 930 648 280 -1 0 0 0 -1 0 0 0 1 3004.DAT 
1 0 940 648 260 -1 0 0 0 -1 0 0 0 1 3005.dat 
1 72 950 648 610 0 0 1 0 -1 0 1 0 0 3003.DAT 
1 0 960 648 290 0 0 1 0 -1 0 1 0 0 3004.DAT 
1 0 990 648 300 -1 0 0 0 -1 0 0 0 1 3004.DAT 
1 72 990 648 600 -1 0 0 0 -1 0 0 0 1 3004.DAT 
1 0 1000 648 320 -1 0 0 0 -1 0 0 0 1 3005.dat 
1 72 1000 648 450 0 0 1 0 -1 0 1 0 0 3004.DAT 
1 72 1010 648 580 -1 0 0 0 -1 0 0 0 1 3004.DAT 
1 72 1020 648 470 0 0 1 0 -1 0 1 0 0 3004.DAT 
1 72 650 648 370 1 0 0 0 -1 0 0 0 -1 3001.DAT 
1 72 730 648 390 1 0 0 0 -1 0 0 0 -1 3001.DAT 
1 72 750 648 450 0 0 1 0 -1 0 1 0 0 3001.DAT 
1 72 950 648 430 -1 0 0 0 -1 0 0 0 1 3001.DAT 
1 72 1010 648 530 0 0 -1 0 -1 0 -1 0 0 3001.DAT 
1 72 870 648 510 0 0 -1 0 -1 0 -1 0 0 3001.DAT 
0 STEP
1 0 320 672 270 0 0 1 0 -1 0 1 0 0 3004.DAT 
1 0 320 672 300 -1 0 0 0 -1 0 0 0 1 3005.dat 
1 0 350 672 260 -1 0 0 0 -1 0 0 0 1 3004.DAT 
1 0 350 672 320 -1 0 0 0 -1 0 0 0 1 3004.DAT 
1 0 390 672 260 -1 0 0 0 -1 0 0 0 1 3004.DAT 
1 0 400 672 280 -1 0 0 0 -1 0 0 0 1 3005.dat 
1 0 420 672 300 -1 0 0 0 -1 0 0 0 1 3005.dat 
1 0 450 672 320 -1 0 0 0 -1 0 0 0 1 3004.DAT 
1 0 470 672 340 -1 0 0 0 -1 0 0 0 1 3004.DAT 
1 0 500 672 340 -1 0 0 0 -1 0 0 0 1 3005.dat 
1 0 530 672 320 -1 0 0 0 -1 0 0 0 1 3004.DAT 
1 0 540 672 340 -1 0 0 0 -1 0 0 0 1 3005.dat 
1 0 560 672 270 0 0 1 0 -1 0 1 0 0 3004.DAT 
1 0 560 672 300 -1 0 0 0 -1 0 0 0 1 3005.dat 
1 0 580 672 250 0 0 1 0 -1 0 1 0 0 3004.DAT 
1 72 580 672 450 0 0 1 0 -1 0 1 0 0 3004.DAT 
1 0 610 672 240 -1 0 0 0 -1 0 0 0 1 3004.DAT 
1 72 600 672 390 0 0 1 0 -1 0 1 0 0 3004.DAT 
1 72 600 672 430 0 0 1 0 -1 0 1 0 0 3004.DAT 
1 0 640 672 240 -1 0 0 0 -1 0 0 0 1 3005.dat 
1 72 650 672 520 -1 0 0 0 -1 0 0 0 1 3004.DAT 
1 0 660 672 270 0 0 1 0 -1 0 1 0 0 3004.DAT 
1 0 690 672 280 -1 0 0 0 -1 0 0 0 1 3004.DAT 
1 72 690 672 530 0 0 1 0 -1 0 1 0 0 3003.DAT 
1 0 710 672 300 -1 0 0 0 -1 0 0 0 1 3004.DAT 
1 0 730 672 280 -1 0 0 0 -1 0 0 0 1 3004.DAT 
1 0 760 672 250 0 0 1 0 -1 0 1 0 0 3004.DAT 
1 0 780 672 230 0 0 1 0 -1 0 1 0 0 3004.DAT 
1 72 780 672 410 0 0 1 0 -1 0 1 0 0 3004.DAT 
1 72 780 672 440 -1 0 0 0 -1 0 0 0 1 3005.dat 
1 0 810 672 220 -1 0 0 0 -1 0 0 0 1 3004.DAT 
1 0 850 672 210 0 0 1 0 -1 0 1 0 0 3003.DAT 
1 72 870 672 540 -1 0 0 0 -1 0 0 0 1 3004.DAT 
1 0 880 672 210 0 0 1 0 -1 0 1 0 0 3004.DAT 
1 72 880 672 570 0 0 1 0 -1 0 1 0 0 3004.DAT 
1 0 900 672 230 0 0 1 0 -1 0 1 0 0 3004.DAT 
1 0 920 672 250 0 0 1 0 -1 0 1 0 0 3004.DAT 
1 72 930 672 400 -1 0 0 0 -1 0 0 0 1 3004.DAT 
1 0 940 672 270 0 0 1 0 -1 0 1 0 0 3004.DAT 
1 0 960 672 290 0 0 1 0 -1 0 1 0 0 3004.DAT 
1 0 980 672 310 0 0 1 0 -1 0 1 0 0 3004.DAT 
1 72 990 672 420 -1 0 0 0 -1 0 0 0 1 3004.DAT 
1 0 1000 672 320 -1 0 0 0 -1 0 0 0 1 3005.dat 
1 72 1020 672 570 0 0 1 0 -1 0 1 0 0 3004.DAT 
1 72 690 672 350 1 0 0 0 -1 0 0 0 -1 3001.DAT 
1 72 750 672 470 0 0 1 0 -1 0 1 0 0 3001.DAT 
1 72 750 672 390 0 0 1 0 -1 0 1 0 0 3001.DAT 
1 72 910 672 430 -1 0 0 0 -1 0 0 0 1 3001.DAT 
1 72 960 672 410 0 0 1 0 -1 0 1 0 0 3004.DAT 
1 72 1010 672 510 0 0 -1 0 -1 0 -1 0 0 3001.DAT 
1 72 990 672 450 -1 0 0 0 -1 0 0 0 1 3001.DAT 
1 72 870 672 490 0 0 -1 0 -1 0 -1 0 0 3001.DAT 
1 72 910 672 570 0 0 -1 0 -1 0 -1 0 0 3001.DAT 
1 72 970 672 590 -1 0 0 0 -1 0 0 0 1 3001.DAT 
1 72 630 672 390 0 0 1 0 -1 0 1 0 0 3001.DAT 
1 72 630 672 490 1 0 0 0 -1 0 0 0 -1 3001.DAT 
1 72 720 672 510 0 0 1 0 -1 0 1 0 0 3004.DAT 
0 STEP
1 0 340 696 270 0 0 1 0 -1 0 1 0 0 3004.DAT 
1 0 350 696 310 0 0 1 0 -1 0 1 0 0 3003.DAT 
1 0 370 696 250 0 0 1 0 -1 0 1 0 0 3003.DAT 
1 0 380 696 300 -1 0 0 0 -1 0 0 0 1 3005.dat 
1 0 410 696 260 -1 0 0 0 -1 0 0 0 1 3004.DAT 
1 0 420 696 290 0 0 1 0 -1 0 1 0 0 3004.DAT 
1 0 440 696 300 -1 0 0 0 -1 0 0 0 1 3005.dat 
1 0 470 696 320 -1 0 0 0 -1 0 0 0 1 3004.DAT 
1 0 490 696 340 -1 0 0 0 -1 0 0 0 1 3004.DAT 
1 0 530 696 330 0 0 1 0 -1 0 1 0 0 3003.DAT 
1 0 560 696 290 0 0 1 0 -1 0 1 0 0 3004.DAT 
1 0 560 696 320 -1 0 0 0 -1 0 0 0 1 3005.dat 
1 0 580 696 260 -1 0 0 0 -1 0 0 0 1 3005.dat 
1 0 610 696 240 -1 0 0 0 -1 0 0 0 1 3004.DAT 
1 72 600 696 410 0 0 1 0 -1 0 1 0 0 3004.DAT 
1 72 600 696 450 0 0 1 0 -1 0 1 0 0 3004.DAT 
1 72 600 696 490 0 0 1 0 -1 0 1 0 0 3004.DAT 
1 72 620 696 390 0 0 1 0 -1 0 1 0 0 3004.DAT 
1 0 640 696 240 -1 0 0 0 -1 0 0 0 1 3005.dat 
1 72 720 696 350 0 0 1 0 -1 0 1 0 0 3004.DAT 
1 0 670 696 260 -1 0 0 0 -1 0 0 0 1 3004.DAT 
1 0 690 696 280 -1 0 0 0 -1 0 0 0 1 3004.DAT 
1 72 690 696 540 -1 0 0 0 -1 0 0 0 1 3004.DAT 
1 0 710 696 300 -1 0 0 0 -1 0 0 0 1 3004.DAT 
1 0 750 696 280 -1 0 0 0 -1 0 0 0 1 3004.DAT 
1 72 750 696 360 -1 0 0 0 -1 0 0 0 1 3004.DAT 
1 0 760 696 260 -1 0 0 0 -1 0 0 0 1 3005.dat 
1 72 770 696 380 -1 0 0 0 -1 0 0 0 1 3004.DAT 
1 0 780 696 240 -1 0 0 0 -1 0 0 0 1 3005.dat 
1 0 810 696 220 -1 0 0 0 -1 0 0 0 1 3004.DAT 
1 0 850 696 220 -1 0 0 0 -1 0 0 0 1 3004.DAT 
1 72 860 696 510 0 0 1 0 -1 0 1 0 0 3004.DAT 
1 72 860 696 550 0 0 1 0 -1 0 1 0 0 3004.DAT 
1 0 890 696 230 0 0 1 0 -1 0 1 0 0 3003.DAT 
1 72 880 696 570 0 0 1 0 -1 0 1 0 0 3004.DAT 
1 0 930 696 260 -1 0 0 0 -1 0 0 0 1 3004.DAT 
1 0 940 696 280 -1 0 0 0 -1 0 0 0 1 3005.dat 
1 0 970 696 300 -1 0 0 0 -1 0 0 0 1 3004.DAT 
1 72 990 696 600 -1 0 0 0 -1 0 0 0 1 3004.DAT 
1 0 990 696 320 -1 0 0 0 -1 0 0 0 1 3004.DAT 
1 72 1020 696 470 0 0 1 0 -1 0 1 0 0 3004.DAT 
1 72 670 696 350 1 0 0 0 -1 0 0 0 -1 3001.DAT 
1 72 650 696 510 1 0 0 0 -1 0 0 0 -1 3001.DAT 
1 72 990 696 450 0 0 -1 0 -1 0 -1 0 0 3001.DAT 
1 72 930 696 410 -1 0 0 0 -1 0 0 0 1 3001.DAT 
1 72 870 696 450 0 0 -1 0 -1 0 -1 0 0 3001.DAT 
1 72 1010 696 580 -1 0 0 0 -1 0 0 0 1 3004.DAT 
1 72 1010 696 530 0 0 -1 0 -1 0 -1 0 0 3001.DAT 
1 72 930 696 590 -1 0 0 0 -1 0 0 0 1 3001.DAT 
1 72 710 696 520 -1 0 0 0 -1 0 0 0 1 3004.DAT 
1 72 730 696 500 -1 0 0 0 -1 0 0 0 1 3004.DAT 
1 72 750 696 480 -1 0 0 0 -1 0 0 0 1 3004.DAT 
1 72 770 696 430 0 0 1 0 -1 0 1 0 0 3001.DAT 
0 STEP
1 0 340 720 270 0 0 1 0 -1 0 1 0 0 3004.DAT 
1 0 370 720 250 0 0 1 0 -1 0 1 0 0 3003.DAT 
1 0 370 720 300 -1 0 0 0 -1 0 0 0 1 3004.DAT 
1 0 410 720 240 -1 0 0 0 -1 0 0 0 1 3004.DAT 
1 0 400 720 300 -1 0 0 0 -1 0 0 0 1 3005.dat 
1 0 420 720 270 0 0 1 0 -1 0 1 0 0 3004.DAT 
1 0 450 720 300 -1 0 0 0 -1 0 0 0 1 3004.DAT 
1 0 470 720 320 -1 0 0 0 -1 0 0 0 1 3004.DAT 
1 0 480 720 300 -1 0 0 0 -1 0 0 0 1 3005.dat 
1 0 510 720 340 -1 0 0 0 -1 0 0 0 1 3004.DAT 
1 0 540 720 330 0 0 1 0 -1 0 1 0 0 3004.DAT 
1 0 560 720 310 0 0 1 0 -1 0 1 0 0 3004.DAT 
1 0 580 720 290 0 0 1 0 -1 0 1 0 0 3004.DAT 
1 0 600 720 250 0 0 1 0 -1 0 1 0 0 3004.DAT 
1 72 600 720 410 0 0 1 0 -1 0 1 0 0 3004.DAT 
1 72 600 720 450 0 0 1 0 -1 0 1 0 0 3004.DAT 
1 72 600 720 490 0 0 1 0 -1 0 1 0 0 3004.DAT 
1 0 630 720 240 -1 0 0 0 -1 0 0 0 1 3004.DAT 
1 72 620 720 390 0 0 1 0 -1 0 1 0 0 3004.DAT 
1 0 670 720 240 -1 0 0 0 -1 0 0 0 1 3004.DAT 
1 72 670 720 540 -1 0 0 0 -1 0 0 0 1 3004.DAT 
1 0 680 720 270 0 0 1 0 -1 0 1 0 0 3004.DAT 
1 0 710 720 280 -1 0 0 0 -1 0 0 0 1 3004.DAT 
1 72 700 720 540 -1 0 0 0 -1 0 0 0 1 3005.dat 
1 0 730 720 300 -1 0 0 0 -1 0 0 0 1 3004.DAT 
1 72 730 720 520 -1 0 0 0 -1 0 0 0 1 3004.DAT 
1 0 750 720 280 -1 0 0 0 -1 0 0 0 1 3004.DAT 
1 72 740 720 350 0 0 1 0 -1 0 1 0 0 3004.DAT 
1 72 750 720 500 -1 0 0 0 -1 0 0 0 1 3004.DAT 
1 0 760 720 260 -1 0 0 0 -1 0 0 0 1 3005.dat 
1 72 760 720 370 0 0 1 0 -1 0 1 0 0 3004.DAT 
1 72 760 720 480 -1 0 0 0 -1 0 0 0 1 3005.dat 
1 0 790 720 240 -1 0 0 0 -1 0 0 0 1 3004.DAT 
1 72 780 720 390 0 0 1 0 -1 0 1 0 0 3004.DAT 
1 72 780 720 430 0 0 1 0 -1 0 1 0 0 3004.DAT 
1 72 780 720 460 -1 0 0 0 -1 0 0 0 1 3005.dat 
1 0 810 720 220 -1 0 0 0 -1 0 0 0 1 3004.DAT 
1 0 850 720 220 -1 0 0 0 -1 0 0 0 1 3004.DAT 
1 72 840 720 490 0 0 1 0 -1 0 1 0 0 3004.DAT 
1 72 860 720 430 0 0 1 0 -1 0 1 0 0 3004.DAT 
1 72 860 720 470 0 0 1 0 -1 0 1 0 0 3004.DAT 
1 72 860 720 510 0 0 1 0 -1 0 1 0 0 3004.DAT 
1 72 860 720 550 0 0 1 0 -1 0 1 0 0 3004.DAT 
1 0 880 720 220 -1 0 0 0 -1 0 0 0 1 3005.dat 
1 72 880 720 570 0 0 1 0 -1 0 1 0 0 3004.DAT 
1 0 910 720 240 -1 0 0 0 -1 0 0 0 1 3004.DAT 
1 72 890 720 400 -1 0 0 0 -1 0 0 0 1 3004.DAT 
1 0 930 720 260 -1 0 0 0 -1 0 0 0 1 3004.DAT 
1 0 950 720 280 -1 0 0 0 -1 0 0 0 1 3004.DAT 
1 72 970 720 400 -1 0 0 0 -1 0 0 0 1 3004.DAT 
1 0 970 720 300 -1 0 0 0 -1 0 0 0 1 3004.DAT 
1 0 1000 720 320 -1 0 0 0 -1 0 0 0 1 3005.dat 
1 72 1000 720 430 0 0 1 0 -1 0 1 0 0 3004.DAT 
1 72 1020 720 450 0 0 1 0 -1 0 1 0 0 3004.DAT 
1 72 1020 720 550 0 0 1 0 -1 0 1 0 0 3004.DAT 
1 72 690 720 350 1 0 0 0 -1 0 0 0 -1 3001.DAT 
1 72 650 720 510 1 0 0 0 -1 0 0 0 -1 3001.DAT 
1 72 640 720 370 0 0 1 0 -1 0 1 0 0 3004.DAT 
1 72 930 720 590 -1 0 0 0 -1 0 0 0 1 3001.DAT 
1 72 1000 720 570 0 0 1 0 -1 0 1 0 0 3004.DAT 
1 72 980 720 590 0 0 1 0 -1 0 1 0 0 3004.DAT 
1 72 930 720 410 0 0 -1 0 -1 0 -1 0 0 3001.DAT 
1 72 1020 720 510 0 0 1 0 -1 0 1 0 0 3004.DAT 
1 72 1010 720 480 -1 0 0 0 -1 0 0 0 1 3004.DAT 
0 STEP
1 0 360 744 270 0 0 1 0 -1 0 1 0 0 3004.DAT 
1 0 370 744 300 -1 0 0 0 -1 0 0 0 1 3004.DAT 
1 0 390 744 250 0 0 1 0 -1 0 1 0 0 3003.DAT 
1 0 410 744 300 -1 0 0 0 -1 0 0 0 1 3004.DAT 
1 0 420 744 250 0 0 1 0 -1 0 1 0 0 3004.DAT 
1 0 440 744 280 -1 0 0 0 -1 0 0 0 1 3005.dat 
1 0 460 744 300 -1 0 0 0 -1 0 0 0 1 3005.dat 
1 0 490 744 320 -1 0 0 0 -1 0 0 0 1 3004.DAT 
1 0 500 744 340 -1 0 0 0 -1 0 0 0 1 3005.dat 
1 0 530 744 320 -1 0 0 0 -1 0 0 0 1 3004.DAT 
1 0 570 744 320 -1 0 0 0 -1 0 0 0 1 3004.DAT 
1 0 580 744 300 -1 0 0 0 -1 0 0 0 1 3005.dat 
1 0 600 744 270 0 0 1 0 -1 0 1 0 0 3004.DAT 
1 72 610 744 500 -1 0 0 0 -1 0 0 0 1 3004.DAT 
1 0 620 744 250 0 0 1 0 -1 0 1 0 0 3004.DAT 
1 72 620 744 390 0 0 1 0 -1 0 1 0 0 3004.DAT 
1 72 630 744 520 -1 0 0 0 -1 0 0 0 1 3004.DAT 
1 0 650 744 240 -1 0 0 0 -1 0 0 0 1 3004.DAT 
1 72 640 744 370 0 0 1 0 -1 0 1 0 0 3004.DAT 
1 72 670 744 530 0 0 1 0 -1 0 1 0 0 3003.DAT 
1 0 680 744 240 -1 0 0 0 -1 0 0 0 1 3005.dat 
1 0 700 744 270 0 0 1 0 -1 0 1 0 0 3004.DAT 
1 72 700 744 530 0 0 1 0 -1 0 1 0 0 3004.DAT 
1 0 730 744 290 0 0 1 0 -1 0 1 0 0 3003.DAT 
1 72 730 744 520 -1 0 0 0 -1 0 0 0 1 3004.DAT 
1 72 660 744 350 0 0 1 0 -1 0 1 0 0 3004.DAT 
1 0 760 744 280 -1 0 0 0 -1 0 0 0 1 3005.dat 
1 72 760 744 370 0 0 1 0 -1 0 1 0 0 3004.DAT 
1 0 780 744 260 -1 0 0 0 -1 0 0 0 1 3005.dat 
1 72 780 744 390 0 0 1 0 -1 0 1 0 0 3004.DAT 
1 0 800 744 240 -1 0 0 0 -1 0 0 0 1 3005.dat 
1 0 830 744 220 -1 0 0 0 -1 0 0 0 1 3004.DAT 
1 256 850 744 500 -1 0 0 0 -1 0 0 0 1 3004.DAT 
1 0 870 744 220 -1 0 0 0 -1 0 0 0 1 3004.DAT 
1 72 860 744 530 0 0 1 0 -1 0 1 0 0 3004.DAT 
1 72 870 744 560 -1 0 0 0 -1 0 0 0 1 3004.DAT 
1 72 870 744 400 -1 0 0 0 -1 0 0 0 1 3004.DAT 
1 72 890 744 580 -1 0 0 0 -1 0 0 0 1 3004.DAT 
1 0 910 744 240 -1 0 0 0 -1 0 0 0 1 3004.DAT 
1 72 910 744 380 -1 0 0 0 -1 0 0 0 1 3004.DAT 
1 72 910 744 600 -1 0 0 0 -1 0 0 0 1 3004.DAT 
1 0 920 744 260 -1 0 0 0 -1 0 0 0 1 3005.dat 
1 0 950 744 280 -1 0 0 0 -1 0 0 0 1 3004.DAT 
1 72 950 744 380 -1 0 0 0 -1 0 0 0 1 3004.DAT 
1 72 950 744 600 -1 0 0 0 -1 0 0 0 1 3004.DAT 
1 0 970 744 300 -1 0 0 0 -1 0 0 0 1 3004.DAT 
1 72 970 744 400 -1 0 0 0 -1 0 0 0 1 3004.DAT 
1 72 990 744 580 -1 0 0 0 -1 0 0 0 1 3004.DAT 
1 0 1000 744 320 -1 0 0 0 -1 0 0 0 1 3005.dat 
1 72 1000 744 430 0 0 1 0 -1 0 1 0 0 3004.DAT 
1 72 1020 744 450 0 0 1 0 -1 0 1 0 0 3004.DAT 
1 72 1020 744 490 0 0 1 0 -1 0 1 0 0 3004.DAT 
1 72 1020 744 530 0 0 1 0 -1 0 1 0 0 3004.DAT 
1 72 1020 744 560 -1 0 0 0 -1 0 0 0 1 3005.dat 
1 72 710 744 350 1 0 0 0 -1 0 0 0 -1 3001.DAT 
1 72 610 744 450 0 0 1 0 -1 0 1 0 0 3001.DAT 
1 256 850 744 450 0 0 1 0 -1 0 1 0 0 3001.dat 
1 72 750 744 500 -1 0 0 0 -1 0 0 0 1 3004.DAT 
1 72 770 744 480 -1 0 0 0 -1 0 0 0 1 3004.DAT 
1 256 790 744 460 -1 0 0 0 -1 0 0 0 1 3004.DAT 
1 256 770 744 430 -1 0 0 0 -1 0 0 0 1 3001.dat 
0 STEP
1 0 360 768 270 0 0 1 0 -1 0 1 0 0 3004.DAT 
1 0 390 768 240 -1 0 0 0 -1 0 0 0 1 3004.DAT 
1 0 390 768 300 -1 0 0 0 -1 0 0 0 1 3004.DAT 
1 0 430 768 240 -1 0 0 0 -1 0 0 0 1 3004.DAT 
1 0 430 768 300 -1 0 0 0 -1 0 0 0 1 3004.DAT 
1 0 440 768 260 -1 0 0 0 -1 0 0 0 1 3005.dat 
1 0 460 768 280 -1 0 0 0 -1 0 0 0 1 3005.dat 
1 0 480 768 300 -1 0 0 0 -1 0 0 0 1 3005.dat 
1 0 510 768 320 -1 0 0 0 -1 0 0 0 1 3004.DAT 
1 0 550 768 320 -1 0 0 0 -1 0 0 0 1 3004.DAT 
1 0 580 768 330 0 0 1 0 -1 0 1 0 0 3004.DAT 
1 0 600 768 290 0 0 1 0 -1 0 1 0 0 3004.DAT 
1 0 630 768 250 0 0 1 0 -1 0 1 0 0 3003.DAT 
1 72 620 768 390 0 0 1 0 -1 0 1 0 0 3004.DAT 
1 72 640 768 380 -1 0 0 0 -1 0 0 0 1 3005.dat 
1 72 650 768 520 -1 0 0 0 -1 0 0 0 1 3004.DAT 
1 0 670 768 240 -1 0 0 0 -1 0 0 0 1 3004.DAT 
1 72 660 768 350 0 0 1 0 -1 0 1 0 0 3004.DAT 
1 72 670 768 540 -1 0 0 0 -1 0 0 0 1 3004.DAT 
1 72 690 768 340 -1 0 0 0 -1 0 0 0 1 3004.DAT 
1 0 700 768 270 0 0 1 0 -1 0 1 0 0 3004.DAT 
1 72 700 768 530 0 0 1 0 -1 0 1 0 0 3004.DAT 
1 0 730 768 290 0 0 1 0 -1 0 1 0 0 3003.DAT 
1 72 730 768 340 -1 0 0 0 -1 0 0 0 1 3004.DAT 
1 72 730 768 520 -1 0 0 0 -1 0 0 0 1 3004.DAT 
1 72 750 768 360 -1 0 0 0 -1 0 0 0 1 3004.DAT 
1 0 760 768 290 0 0 1 0 -1 0 1 0 0 3004.DAT 
1 256 770 768 380 -1 0 0 0 -1 0 0 0 1 3004.DAT 
1 72 760 768 520 -1 0 0 0 -1 0 0 0 1 3005.dat 
1 0 790 768 260 -1 0 0 0 -1 0 0 0 1 3004.DAT 
1 256 780 768 490 0 0 1 0 -1 0 1 0 0 3004.DAT 
1 0 810 768 240 -1 0 0 0 -1 0 0 0 1 3004.DAT 
1 0 850 768 220 -1 0 0 0 -1 0 0 0 1 3004.DAT 
1 256 840 768 410 0 0 1 0 -1 0 1 0 0 3004.DAT 
1 256 840 768 450 0 0 1 0 -1 0 1 0 0 3004.DAT 
1 256 840 768 490 0 0 1 0 -1 0 1 0 0 3004.DAT 
1 256 840 768 520 -1 0 0 0 -1 0 0 0 1 3005.dat 
1 256 860 768 530 0 0 1 0 -1 0 1 0 0 3004.DAT 
1 0 880 768 220 -1 0 0 0 -1 0 0 0 1 3005.dat 
1 72 880 768 570 0 0 1 0 -1 0 1 0 0 3004.DAT 
1 0 910 768 240 -1 0 0 0 -1 0 0 0 1 3004.DAT 
1 72 910 768 380 -1 0 0 0 -1 0 0 0 1 3004.DAT 
1 72 910 768 580 -1 0 0 0 -1 0 0 0 1 3004.DAT 
1 0 920 768 260 -1 0 0 0 -1 0 0 0 1 3005.dat 
1 0 950 768 280 -1 0 0 0 -1 0 0 0 1 3004.DAT 
1 72 950 768 380 -1 0 0 0 -1 0 0 0 1 3004.DAT 
1 72 950 768 580 -1 0 0 0 -1 0 0 0 1 3004.DAT 
1 0 970 768 300 -1 0 0 0 -1 0 0 0 1 3004.DAT 
1 72 960 768 600 -1 0 0 0 -1 0 0 0 1 3005.dat 
1 72 980 768 400 -1 0 0 0 -1 0 0 0 1 3005.dat 
1 72 980 768 580 -1 0 0 0 -1 0 0 0 1 3005.dat 
1 0 1000 768 320 -1 0 0 0 -1 0 0 0 1 3005.dat 
1 72 1000 768 430 0 0 1 0 -1 0 1 0 0 3004.DAT 
1 72 1000 768 560 -1 0 0 0 -1 0 0 0 1 3005.dat 
1 72 1020 768 450 0 0 1 0 -1 0 1 0 0 3004.DAT 
1 72 1020 768 490 0 0 1 0 -1 0 1 0 0 3004.DAT 
1 72 1020 768 530 0 0 1 0 -1 0 1 0 0 3004.DAT 
1 256 790 768 430 0 0 1 0 -1 0 1 0 0 3001.DAT 
1 72 610 768 450 0 0 1 0 -1 0 1 0 0 3001.DAT 
1 256 860 768 390 0 0 1 0 -1 0 1 0 0 3004.DAT 
1 72 880 768 390 0 0 1 0 -1 0 1 0 0 3004.DAT 
1 72 630 768 500 -1 0 0 0 -1 0 0 0 1 3004.DAT 
0 STEP
1 0 380 792 270 0 0 1 0 -1 0 1 0 0 3004.DAT 
1 0 410 792 240 -1 0 0 0 -1 0 0 0 1 3004.DAT 
1 0 400 792 290 0 0 1 0 -1 0 1 0 0 3004.DAT 
1 0 430 792 300 -1 0 0 0 -1 0 0 0 1 3004.DAT 
1 0 440 792 240 -1 0 0 0 -1 0 0 0 1 3005.dat 
1 0 460 792 270 0 0 1 0 -1 0 1 0 0 3004.DAT 
1 0 480 792 280 -1 0 0 0 -1 0 0 0 1 3005.dat 
1 0 500 792 300 -1 0 0 0 -1 0 0 0 1 3005.dat 
1 0 530 792 320 -1 0 0 0 -1 0 0 0 1 3004.DAT 
1 83 540 792 420 -1 0 0 0 -1 0 0 0 1 3005.dat 
1 0 570 792 320 -1 0 0 0 -1 0 0 0 1 3004.DAT 
1 0 600 792 310 0 0 1 0 -1 0 1 0 0 3004.DAT 
1 72 610 792 460 -1 0 0 0 -1 0 0 0 1 3004.DAT 
1 0 620 792 290 0 0 1 0 -1 0 1 0 0 3004.DAT 
1 72 620 792 430 0 0 1 0 -1 0 1 0 0 3004.DAT 
1 72 620 792 490 0 0 1 0 -1 0 1 0 0 3004.DAT 
1 0 640 792 250 0 0 1 0 -1 0 1 0 0 3004.DAT 
1 0 670 792 240 -1 0 0 0 -1 0 0 0 1 3004.DAT 
1 72 690 792 340 -1 0 0 0 -1 0 0 0 1 3004.DAT 
1 0 700 792 250 0 0 1 0 -1 0 1 0 0 3004.DAT 
1 0 730 792 280 -1 0 0 0 -1 0 0 0 1 3004.DAT 
1 72 730 792 340 -1 0 0 0 -1 0 0 0 1 3004.DAT 
1 0 750 792 300 -1 0 0 0 -1 0 0 0 1 3004.DAT 
1 256 750 792 360 -1 0 0 0 -1 0 0 0 1 3004.DAT 
1 0 780 792 290 0 0 1 0 -1 0 1 0 0 3004.DAT 
1 0 800 792 250 0 0 1 0 -1 0 1 0 0 3004.DAT 
1 0 820 792 240 -1 0 0 0 -1 0 0 0 1 3005.dat 
1 256 820 792 410 0 0 1 0 -1 0 1 0 0 3004.DAT 
1 256 820 792 450 0 0 1 0 -1 0 1 0 0 3004.DAT 
1 0 850 792 220 -1 0 0 0 -1 0 0 0 1 3004.DAT 
1 256 840 792 510 0 0 1 0 -1 0 1 0 0 3004.DAT 
1 256 860 792 530 0 0 1 0 -1 0 1 0 0 3004.DAT 
1 0 890 792 220 -1 0 0 0 -1 0 0 0 1 3004.DAT 
1 256 890 792 360 -1 0 0 0 -1 0 0 0 1 3004.DAT 
1 0 910 792 240 -1 0 0 0 -1 0 0 0 1 3004.DAT 
1 72 920 792 370 0 0 1 0 -1 0 1 0 0 3004.DAT 
1 0 940 792 270 0 0 1 0 -1 0 1 0 0 3004.DAT 
1 72 950 792 380 -1 0 0 0 -1 0 0 0 1 3004.DAT 
1 0 960 792 290 0 0 1 0 -1 0 1 0 0 3004.DAT 
1 0 980 792 300 -1 0 0 0 -1 0 0 0 1 3005.dat 
1 72 990 792 560 -1 0 0 0 -1 0 0 0 1 3004.DAT 
1 0 1000 792 320 -1 0 0 0 -1 0 0 0 1 3005.dat 
1 72 1000 792 430 0 0 1 0 -1 0 1 0 0 3004.DAT 
1 72 1010 792 460 -1 0 0 0 -1 0 0 0 1 3004.DAT 
1 72 690 792 530 1 0 0 0 -1 0 0 0 -1 3001.DAT 
1 256 820 792 490 0 0 1 0 -1 0 1 0 0 3004.DAT 
1 72 1010 792 510 0 0 1 0 -1 0 1 0 0 3001.DAT 
1 256 870 792 390 1 0 0 0 -1 0 0 0 -1 3001.DAT 
1 256 770 792 390 1 0 0 0 -1 0 0 0 -1 3001.DAT 
1 72 670 792 370 1 0 0 0 -1 0 0 0 -1 3001.DAT 
1 72 880 792 550 0 0 1 0 -1 0 1 0 0 3004.DAT 
1 72 930 792 570 1 0 0 0 -1 0 0 0 -1 3001.DAT 
1 256 800 792 510 0 0 1 0 -1 0 1 0 0 3004.DAT 
1 256 770 792 520 -1 0 0 0 -1 0 0 0 1 3004.DAT 
1 72 640 792 510 0 0 1 0 -1 0 1 0 0 3004.DAT 
1 72 980 792 410 0 0 1 0 -1 0 1 0 0 3004.DAT 
1 72 630 792 400 -1 0 0 0 -1 0 0 0 1 3004.DAT 
1 72 740 792 510 0 0 1 0 -1 0 1 0 0 3004.DAT 
0 STEP
1 0 390 816 260 -1 0 0 0 -1 0 0 0 1 3004.DAT 
1 0 410 816 240 -1 0 0 0 -1 0 0 0 1 3004.DAT 
1 0 400 816 280 -1 0 0 0 -1 0 0 0 1 3005.dat 
1 0 430 816 300 -1 0 0 0 -1 0 0 0 1 3004.DAT 
1 0 450 816 240 -1 0 0 0 -1 0 0 0 1 3004.DAT 
1 0 470 816 260 -1 0 0 0 -1 0 0 0 1 3004.DAT 
1 0 460 816 300 -1 0 0 0 -1 0 0 0 1 3005.dat 
1 0 490 816 280 -1 0 0 0 -1 0 0 0 1 3004.DAT 
1 0 510 816 300 -1 0 0 0 -1 0 0 0 1 3004.DAT 
1 83 500 816 410 0 0 1 0 -1 0 1 0 0 3004.DAT 
1 83 500 816 450 0 0 1 0 -1 0 1 0 0 3004.DAT 
1 0 530 816 320 -1 0 0 0 -1 0 0 0 1 3004.DAT 
1 83 530 816 410 0 0 1 0 -1 0 1 0 0 3001.DAT 
1 83 530 816 470 0 0 1 0 -1 0 1 0 0 3003.DAT 
1 0 570 816 320 -1 0 0 0 -1 0 0 0 1 3004.DAT 
1 83 560 816 410 0 0 1 0 -1 0 1 0 0 3004.DAT 
1 83 560 816 440 -1 0 0 0 -1 0 0 0 1 3005.dat 
1 0 610 816 320 -1 0 0 0 -1 0 0 0 1 3004.DAT 
1 0 630 816 300 -1 0 0 0 -1 0 0 0 1 3004.DAT 
1 72 620 816 410 0 0 1 0 -1 0 1 0 0 3004.DAT 
1 72 620 816 450 0 0 1 0 -1 0 1 0 0 3004.DAT 
1 72 620 816 490 0 0 1 0 -1 0 1 0 0 3004.DAT 
1 0 640 816 270 0 0 1 0 -1 0 1 0 0 3004.DAT 
1 0 660 816 250 0 0 1 0 -1 0 1 0 0 3004.DAT 
1 0 690 816 240 -1 0 0 0 -1 0 0 0 1 3004.DAT 
1 72 710 816 340 -1 0 0 0 -1 0 0 0 1 3004.DAT 
1 0 720 816 260 -1 0 0 0 -1 0 0 0 1 3005.dat 
1 0 740 816 290 0 0 1 0 -1 0 1 0 0 3004.DAT 
1 0 770 816 300 -1 0 0 0 -1 0 0 0 1 3004.DAT 
1 256 760 816 350 0 0 1 0 -1 0 1 0 0 3004.DAT 
1 0 790 816 280 -1 0 0 0 -1 0 0 0 1 3004.DAT 
1 256 790 816 360 -1 0 0 0 -1 0 0 0 1 3004.DAT 
1 0 800 816 260 -1 0 0 0 -1 0 0 0 1 3005.dat 
1 0 820 816 240 -1 0 0 0 -1 0 0 0 1 3005.dat 
1 256 820 816 370 0 0 1 0 -1 0 1 0 0 3004.DAT 
1 0 850 816 220 -1 0 0 0 -1 0 0 0 1 3004.DAT 
1 256 870 816 350 1 0 0 0 -1 0 0 0 -1 3001.DAT 
1 256 870 816 540 -1 0 0 0 -1 0 0 0 1 3004.DAT 
1 0 880 816 220 -1 0 0 0 -1 0 0 0 1 3005.dat 
1 0 910 816 240 -1 0 0 0 -1 0 0 0 1 3004.DAT 
1 72 930 816 360 -1 0 0 0 -1 0 0 0 1 3004.DAT 
1 0 940 816 270 0 0 1 0 -1 0 1 0 0 3004.DAT 
1 72 950 816 380 -1 0 0 0 -1 0 0 0 1 3004.DAT 
1 0 960 816 280 -1 0 0 0 -1 0 0 0 1 3005.dat 
1 72 970 816 560 -1 0 0 0 -1 0 0 0 1 3004.DAT 
1 0 980 816 300 -1 0 0 0 -1 0 0 0 1 3005.dat 
1 0 1000 816 320 -1 0 0 0 -1 0 0 0 1 3005.dat 
1 72 1000 816 510 0 0 1 0 -1 0 1 0 0 3004.DAT 
1 72 710 816 370 1 0 0 0 -1 0 0 0 -1 3001.DAT 
1 72 990 816 450 0 0 1 0 -1 0 1 0 0 3001.DAT 
1 72 640 816 510 0 0 1 0 -1 0 1 0 0 3004.DAT 
1 72 710 816 530 1 0 0 0 -1 0 0 0 -1 3001.DAT 
1 256 790 816 530 1 0 0 0 -1 0 0 0 -1 3001.DAT 
1 72 930 816 580 -1 0 0 0 -1 0 0 0 1 3004.DAT 
1 72 910 816 560 -1 0 0 0 -1 0 0 0 1 3004.DAT 
1 256 850 816 520 -1 0 0 0 -1 0 0 0 1 3004.DAT 
1 72 990 816 540 -1 0 0 0 -1 0 0 0 1 3004.DAT 
1 72 970 816 400 -1 0 0 0 -1 0 0 0 1 3004.DAT 
1 72 660 816 530 0 0 1 0 -1 0 1 0 0 3004.DAT 
1 72 650 816 390 0 0 1 0 -1 0 1 0 0 3001.DAT 
0 STEP
1 0 410 840 260 -1 0 0 0 -1 0 0 0 1 3004.DAT 
1 0 430 840 240 -1 0 0 0 -1 0 0 0 1 3004.DAT 
1 0 420 840 290 0 0 1 0 -1 0 1 0 0 3004.DAT 
1 0 450 840 300 -1 0 0 0 -1 0 0 0 1 3004.DAT 
1 0 470 840 240 -1 0 0 0 -1 0 0 0 1 3004.DAT 
1 0 480 840 300 -1 0 0 0 -1 0 0 0 1 3005.dat 
1 256 490 840 430 0 0 1 0 -1 0 1 0 0 3003.DAT 
1 0 500 840 270 0 0 1 0 -1 0 1 0 0 3004.DAT 
1 256 510 840 390 0 0 1 0 -1 0 1 0 0 3003.DAT 
1 256 500 840 460 -1 0 0 0 -1 0 0 0 1 3005.dat 
1 83 510 840 480 -1 0 0 0 -1 0 0 0 1 3004.DAT 
1 0 520 840 290 0 0 1 0 -1 0 1 0 0 3004.DAT 
1 83 530 840 460 -1 0 0 0 -1 0 0 0 1 3004.DAT 
1 0 540 840 300 -1 0 0 0 -1 0 0 0 1 3005.dat 
1 83 540 840 390 0 0 1 0 -1 0 1 0 0 3004.DAT 
1 83 540 840 480 -1 0 0 0 -1 0 0 0 1 3005.dat 
1 0 570 840 320 -1 0 0 0 -1 0 0 0 1 3004.DAT 
1 83 560 840 410 0 0 1 0 -1 0 1 0 0 3004.DAT 
1 83 560 840 440 -1 0 0 0 -1 0 0 0 1 3005.dat 
1 0 610 840 320 1 0 0 0 -1 0 0 0 -1 3004.DAT 
1 72 620 840 490 0 0 1 0 -1 0 1 0 0 3004.DAT 
1 0 640 840 290 0 0 1 0 -1 0 1 0 0 3004.DAT 
1 72 640 840 510 0 0 1 0 -1 0 1 0 0 3004.DAT 
1 0 660 840 270 0 0 1 0 -1 0 1 0 0 3004.DAT 
1 0 660 840 300 -1 0 0 0 -1 0 0 0 1 3005.dat 
1 0 690 840 240 -1 0 0 0 -1 0 0 0 1 3004.DAT 
1 72 690 840 360 -1 0 0 0 -1 0 0 0 1 3004.DAT 
1 0 720 840 260 -1 0 0 0 -1 0 0 0 1 3005.dat 
1 0 740 840 290 0 0 1 0 -1 0 1 0 0 3004.DAT 
1 0 770 840 300 -1 0 0 0 -1 0 0 0 1 3004.DAT 
1 0 800 840 270 0 0 1 0 -1 0 1 0 0 3004.DAT 
1 0 820 840 260 -1 0 0 0 -1 0 0 0 1 3005.dat 
1 0 840 840 240 -1 0 0 0 -1 0 0 0 1 3005.dat 
1 256 850 840 330 0 0 1 0 -1 0 1 0 0 3003.DAT 
1 0 870 840 220 -1 0 0 0 -1 0 0 0 1 3004.DAT 
1 256 890 840 340 -1 0 0 0 -1 0 0 0 1 3004.DAT 
1 0 910 840 240 -1 0 0 0 -1 0 0 0 1 3004.DAT 
1 72 900 840 550 0 0 1 0 -1 0 1 0 0 3004.DAT 
1 72 920 840 350 0 0 1 0 -1 0 1 0 0 3004.DAT 
1 0 940 840 260 -1 0 0 0 -1 0 0 0 1 3005.dat 
1 72 940 840 370 0 0 1 0 -1 0 1 0 0 3004.DAT 
1 0 960 840 280 -1 0 0 0 -1 0 0 0 1 3005.dat 
1 0 990 840 300 -1 0 0 0 -1 0 0 0 1 3004.DAT 
1 0 1000 840 320 -1 0 0 0 -1 0 0 0 1 3005.dat 
1 72 1000 840 430 0 0 1 0 -1 0 1 0 0 3004.DAT 
1 83 1110 840 430 0 0 1 0 -1 0 1 0 0 3003.DAT 
1 83 1110 840 460 -1 0 0 0 -1 0 0 0 1 3004.DAT 
1 83 1140 840 450 0 0 1 0 -1 0 1 0 0 3004.DAT 
1 256 790 840 350 1 0 0 0 -1 0 0 0 -1 3001.DAT 
1 72 990 840 490 0 0 1 0 -1 0 1 0 0 3001.DAT 
1 72 950 840 550 1 0 0 0 -1 0 0 0 -1 3001.DAT 
1 72 690 840 530 1 0 0 0 -1 0 0 0 -1 3001.DAT 
1 256 850 840 530 1 0 0 0 -1 0 0 0 -1 3001.DAT 
1 72 670 840 390 1 0 0 0 -1 0 0 0 -1 3001.DAT 
1 72 650 840 450 0 0 1 0 -1 0 1 0 0 3001.DAT 
1 256 790 840 540 -1 0 0 0 -1 0 0 0 1 3004.DAT 
1 256 760 840 530 0 0 1 0 -1 0 1 0 0 3004.DAT 
1 72 980 840 410 0 0 1 0 -1 0 1 0 0 3004.DAT 
1 72 960 840 390 0 0 1 0 -1 0 1 0 0 3004.DAT 
1 72 740 840 530 0 0 1 0 -1 0 1 0 0 3004.DAT 
1 72 730 840 370 0 0 1 0 -1 0 1 0 0 3001.DAT 
0 STEP
1 0 420 864 270 0 0 1 0 -1 0 1 0 0 3004.DAT 
1 0 450 864 240 -1 0 0 0 -1 0 0 0 1 3004.DAT 
1 0 450 864 300 -1 0 0 0 -1 0 0 0 1 3004.DAT 
1 0 490 864 240 -1 0 0 0 -1 0 0 0 1 3004.DAT 
1 0 480 864 300 -1 0 0 0 -1 0 0 0 1 3005.dat 
1 256 490 864 430 0 0 1 0 -1 0 1 0 0 3003.DAT 
1 256 490 864 460 -1 0 0 0 -1 0 0 0 1 3004.DAT 
1 256 500 864 390 0 0 1 0 -1 0 1 0 0 3004.DAT 
1 0 520 864 270 0 0 1 0 -1 0 1 0 0 3004.DAT 
1 256 530 864 370 0 0 1 0 -1 0 1 0 0 3003.DAT 
1 83 530 864 480 -1 0 0 0 -1 0 0 0 1 3004.DAT 
1 0 540 864 290 0 0 1 0 -1 0 1 0 0 3004.DAT 
1 83 540 864 410 0 0 1 0 -1 0 1 0 0 3004.DAT 
1 0 560 864 310 0 0 1 0 -1 0 1 0 0 3004.DAT 
1 83 560 864 390 0 0 1 0 -1 0 1 0 0 3004.DAT 
1 0 590 864 320 -1 0 0 0 -1 0 0 0 1 3004.DAT 
1 0 630 864 320 -1 0 0 0 -1 0 0 0 1 3004.DAT 
1 0 650 864 300 -1 0 0 0 -1 0 0 0 1 3004.DAT 
1 0 660 864 270 0 0 1 0 -1 0 1 0 0 3004.DAT 
1 72 660 864 410 0 0 1 0 -1 0 1 0 0 3004.DAT 
1 72 670 864 520 -1 0 0 0 -1 0 0 0 1 3004.DAT 
1 0 690 864 240 -1 0 0 0 -1 0 0 0 1 3004.DAT 
1 0 680 864 280 -1 0 0 0 -1 0 0 0 1 3005.dat 
1 72 690 864 380 -1 0 0 0 -1 0 0 0 1 3004.DAT 
1 72 710 864 360 -1 0 0 0 -1 0 0 0 1 3004.DAT 
1 0 720 864 240 -1 0 0 0 -1 0 0 0 1 3005.dat 
1 72 730 864 340 -1 0 0 0 -1 0 0 0 1 3004.DAT 
1 72 710 864 540 -1 0 0 0 -1 0 0 0 1 3004.DAT 
1 0 740 864 270 0 0 1 0 -1 0 1 0 0 3004.DAT 
1 72 750 864 320 -1 0 0 0 -1 0 0 0 1 3004.DAT 
1 0 770 864 300 -1 0 0 0 -1 0 0 0 1 3004.DAT 
1 256 790 864 320 -1 0 0 0 -1 0 0 0 1 3004.DAT 
1 0 800 864 290 0 0 1 0 -1 0 1 0 0 3004.DAT 
1 0 820 864 260 -1 0 0 0 -1 0 0 0 1 3005.dat 
1 0 850 864 240 -1 0 0 0 -1 0 0 0 1 3004.DAT 
1 0 870 864 220 -1 0 0 0 -1 0 0 0 1 3004.DAT 
1 0 890 864 240 -1 0 0 0 -1 0 0 0 1 3004.DAT 
1 256 900 864 330 0 0 1 0 -1 0 1 0 0 3004.DAT 
1 0 920 864 240 -1 0 0 0 -1 0 0 0 1 3005.dat 
1 72 920 864 350 0 0 1 0 -1 0 1 0 0 3004.DAT 
1 0 940 864 260 -1 0 0 0 -1 0 0 0 1 3005.dat 
1 72 940 864 370 0 0 1 0 -1 0 1 0 0 3004.DAT 
1 0 960 864 280 -1 0 0 0 -1 0 0 0 1 3005.dat 
1 72 960 864 390 0 0 1 0 -1 0 1 0 0 3004.DAT 
1 0 990 864 300 -1 0 0 0 -1 0 0 0 1 3004.DAT 
1 72 980 864 510 0 0 1 0 -1 0 1 0 0 3004.DAT 
1 0 1000 864 320 -1 0 0 0 -1 0 0 0 1 3005.dat 
1 256 1110 864 410 0 0 1 0 -1 0 1 0 0 3003.DAT 
1 83 1100 864 490 0 0 1 0 -1 0 1 0 0 3004.DAT 
1 256 1140 864 430 0 0 1 0 -1 0 1 0 0 3004.DAT 
1 256 1150 864 460 -1 0 0 0 -1 0 0 0 1 3004.DAT 
1 256 790 864 530 1 0 0 0 -1 0 0 0 -1 3001.DAT 
1 72 970 864 450 0 0 1 0 -1 0 1 0 0 3001.DAT 
1 256 850 864 330 1 0 0 0 -1 0 0 0 -1 3001.DAT 
1 72 650 864 470 0 0 1 0 -1 0 1 0 0 3001.DAT 
1 256 850 864 540 -1 0 0 0 -1 0 0 0 1 3004.DAT 
1 256 870 864 520 -1 0 0 0 -1 0 0 0 1 3004.DAT 
1 72 900 864 530 0 0 1 0 -1 0 1 0 0 3004.DAT 
1 83 1140 864 490 0 0 1 0 -1 0 1 0 0 3004.DAT 
1 83 1120 864 490 0 0 1 0 -1 0 1 0 0 3004.DAT 
1 83 1090 864 460 -1 0 0 0 -1 0 0 0 1 3004.DAT 
1 83 1090 864 440 -1 0 0 0 -1 0 0 0 1 3004.DAT 
1 72 930 864 560 -1 0 0 0 -1 0 0 0 1 3004.DAT 
1 72 950 864 540 -1 0 0 0 -1 0 0 0 1 3004.DAT 
1 72 740 864 530 0 0 1 0 -1 0 1 0 0 3004.DAT 
0 STEP
1 0 450 888 240 -1 0 0 0 -1 0 0 0 1 3004.DAT 
1 0 450 888 290 0 0 1 0 -1 0 1 0 0 3003.DAT 
1 0 490 888 240 -1 0 0 0 -1 0 0 0 1 3004.DAT 
1 0 480 888 300 -1 0 0 0 -1 0 0 0 1 3005.dat 
1 0 500 888 320 -1 0 0 0 -1 0 0 0 1 3005.dat 
1 256 500 888 390 0 0 1 0 -1 0 1 0 0 3004.DAT 
1 0 530 888 260 -1 0 0 0 -1 0 0 0 1 3004.DAT 
1 256 530 888 370 0 0 1 0 -1 0 1 0 0 3003.DAT 
1 83 530 888 470 0 0 1 0 -1 0 1 0 0 3003.DAT 
1 0 540 888 280 -1 0 0 0 -1 0 0 0 1 3005.dat 
1 83 550 888 430 0 0 1 0 -1 0 1 0 0 3003.DAT 
1 0 570 888 300 -1 0 0 0 -1 0 0 0 1 3004.DAT 
1 83 560 888 320 -1 0 0 0 -1 0 0 0 1 3005.dat 
1 83 560 888 390 0 0 1 0 -1 0 1 0 0 3004.DAT 
1 83 560 888 470 0 0 1 0 -1 0 1 0 0 3004.DAT 
1 0 590 888 320 -1 0 0 0 -1 0 0 0 1 3004.DAT 
1 0 630 888 320 -1 0 0 0 -1 0 0 0 1 3004.DAT 
1 0 660 888 290 0 0 1 0 -1 0 1 0 0 3004.DAT 
1 0 660 888 320 -1 0 0 0 -1 0 0 0 1 3005.dat 
1 72 670 888 500 -1 0 0 0 -1 0 0 0 1 3004.DAT 
1 0 680 888 270 0 0 1 0 -1 0 1 0 0 3004.DAT 
1 72 690 888 520 -1 0 0 0 -1 0 0 0 1 3004.DAT 
1 0 710 888 240 -1 0 0 0 -1 0 0 0 1 3004.DAT 
1 72 700 888 370 0 0 1 0 -1 0 1 0 0 3004.DAT 
1 72 710 888 540 -1 0 0 0 -1 0 0 0 1 3004.DAT 
1 72 720 888 350 0 0 1 0 -1 0 1 0 0 3004.DAT 
1 0 740 888 250 0 0 1 0 -1 0 1 0 0 3004.DAT 
1 72 740 888 330 0 0 1 0 -1 0 1 0 0 3004.DAT 
1 0 790 888 300 -1 0 0 0 -1 0 0 0 1 3004.DAT 
1 256 770 888 540 -1 0 0 0 -1 0 0 0 1 3004.DAT 
1 0 810 888 280 -1 0 0 0 -1 0 0 0 1 3004.DAT 
1 256 810 888 560 -1 0 0 0 -1 0 0 0 1 3004.DAT 
1 0 840 888 250 0 0 1 0 -1 0 1 0 0 3004.DAT 
1 0 870 888 240 -1 0 0 0 -1 0 0 0 1 3004.DAT 
1 0 880 888 220 -1 0 0 0 -1 0 0 0 1 3005.dat 
1 256 890 888 520 -1 0 0 0 -1 0 0 0 1 3004.DAT 
1 0 910 888 240 -1 0 0 0 -1 0 0 0 1 3004.DAT 
1 72 910 888 540 -1 0 0 0 -1 0 0 0 1 3004.DAT 
1 0 940 888 260 -1 0 0 0 -1 0 0 0 1 3005.dat 
1 72 940 888 370 0 0 1 0 -1 0 1 0 0 3004.DAT 
1 72 940 888 540 -1 0 0 0 -1 0 0 0 1 3005.dat 
1 0 970 888 280 -1 0 0 0 -1 0 0 0 1 3004.DAT 
1 72 960 888 390 0 0 1 0 -1 0 1 0 0 3004.DAT 
1 72 970 888 420 -1 0 0 0 -1 0 0 0 1 3004.DAT 
1 0 990 888 300 -1 0 0 0 -1 0 0 0 1 3004.DAT 
1 0 1010 888 320 -1 0 0 0 -1 0 0 0 1 3004.DAT 
1 83 1060 888 350 0 0 1 0 -1 0 1 0 0 3004.DAT 
1 83 1080 888 410 0 0 1 0 -1 0 1 0 0 3004.DAT 
1 83 1090 888 470 0 0 1 0 -1 0 1 0 0 3001.DAT 
1 256 1110 888 410 0 0 1 0 -1 0 1 0 0 3003.DAT 
1 83 1120 888 490 0 0 1 0 -1 0 1 0 0 3004.DAT 
1 256 1140 888 430 0 0 1 0 -1 0 1 0 0 3004.DAT 
1 256 1150 888 480 1 0 0 0 -1 0 0 0 -1 3004.DAT 
1 83 1140 888 500 -1 0 0 0 -1 0 0 0 1 3005.dat 
1 256 1160 888 450 0 0 1 0 -1 0 1 0 0 3004.DAT 
1 256 870 888 330 1 0 0 0 -1 0 0 0 -1 3001.DAT 
1 256 790 888 330 1 0 0 0 -1 0 0 0 -1 3001.DAT 
1 72 670 888 450 0 0 1 0 -1 0 1 0 0 3001.DAT 
1 72 950 888 520 -1 0 0 0 -1 0 0 0 1 3004.DAT 
1 72 970 888 470 0 0 1 0 -1 0 1 0 0 3001.DAT 
1 256 480 888 430 0 0 1 0 -1 0 1 0 0 3004.DAT 
1 256 500 888 450 0 0 1 0 -1 0 1 0 0 3004.DAT 
1 72 690 888 400 -1 0 0 0 -1 0 0 0 1 3004.DAT 
1 72 920 888 350 0 0 1 0 -1 0 1 0 0 3004.DAT 
1 256 840 888 550 0 0 1 0 -1 0 1 0 0 3004.DAT 
1 256 860 888 530 0 0 1 0 -1 0 1 0 0 3004.DAT 
1 72 740 888 530 0 0 1 0 -1 0 1 0 0 3004.DAT 
1 0 430 888 260 -1 0 0 0 -1 0 0 0 1 3004.DAT 
1 0 760 888 290 0 0 1 0 -1 0 1 0 0 3004.DAT 
0 STEP
1 0 440 912 250 0 0 1 0 -1 0 1 0 0 3004.DAT 
1 0 450 912 280 -1 0 0 0 -1 0 0 0 1 3004.DAT 
1 0 470 912 240 -1 0 0 0 -1 0 0 0 1 3004.DAT 
1 0 480 912 290 0 0 1 0 -1 0 1 0 0 3004.DAT 
1 0 490 912 320 -1 0 0 0 -1 0 0 0 1 3004.DAT 
1 0 510 912 240 -1 0 0 0 -1 0 0 0 1 3004.DAT 
1 256 500 912 390 0 0 1 0 -1 0 1 0 0 3004.DAT 
1 256 500 912 430 0 0 1 0 -1 0 1 0 0 3004.DAT 
1 256 510 912 460 -1 0 0 0 -1 0 0 0 1 3004.DAT 
1 256 530 912 370 0 0 1 0 -1 0 1 0 0 3003.DAT 
1 83 530 912 480 -1 0 0 0 -1 0 0 0 1 3004.DAT 
1 0 540 912 260 -1 0 0 0 -1 0 0 0 1 3005.dat 
1 83 560 912 450 0 0 1 0 -1 0 1 0 0 3004.DAT 
1 0 560 912 280 -1 0 0 0 -1 0 0 0 1 3005.dat 
1 83 560 912 330 0 0 1 0 -1 0 1 0 0 3004.DAT 
1 256 560 912 370 0 0 1 0 -1 0 1 0 0 3004.DAT 
1 256 560 912 410 0 0 1 0 -1 0 1 0 0 3004.DAT 
1 83 560 912 480 -1 0 0 0 -1 0 0 0 1 3005.dat 
1 0 590 912 300 -1 0 0 0 -1 0 0 0 1 3004.DAT 
1 83 580 912 320 -1 0 0 0 -1 0 0 0 1 3005.dat 
1 256 580 912 400 -1 0 0 0 -1 0 0 0 1 3005.dat 
1 0 630 912 320 -1 0 0 0 -1 0 0 0 1 3004.DAT 
1 0 660 912 320 -1 0 0 0 -1 0 0 0 1 3005.dat 
1 72 660 912 470 0 0 1 0 -1 0 1 0 0 3004.DAT 
1 0 680 912 290 0 0 1 0 -1 0 1 0 0 3004.DAT 
1 72 680 912 490 0 0 1 0 -1 0 1 0 0 3004.DAT 
1 72 690 912 520 -1 0 0 0 -1 0 0 0 1 3004.DAT 
1 0 710 912 250 0 0 1 0 -1 0 1 0 0 3003.DAT 
1 0 700 912 280 -1 0 0 0 -1 0 0 0 1 3005.dat 
1 72 700 912 370 0 0 1 0 -1 0 1 0 0 3004.DAT 
1 72 720 912 350 0 0 1 0 -1 0 1 0 0 3004.DAT 
1 0 740 912 240 -1 0 0 0 -1 0 0 0 1 3005.dat 
1 72 740 912 330 0 0 1 0 -1 0 1 0 0 3004.DAT 
1 0 760 912 270 0 0 1 0 -1 0 1 0 0 3004.DAT 
1 0 790 912 300 -1 0 0 0 -1 0 0 0 1 3004.DAT 
1 256 810 912 560 -1 0 0 0 -1 0 0 0 1 3004.DAT 
1 0 830 912 280 -1 0 0 0 -1 0 0 0 1 3004.DAT 
1 0 840 912 260 -1 0 0 0 -1 0 0 0 1 3005.dat 
1 256 840 912 550 0 0 1 0 -1 0 1 0 0 3004.DAT 
1 0 870 912 240 -1 0 0 0 -1 0 0 0 1 3004.DAT 
1 0 910 912 240 -1 0 0 0 -1 0 0 0 1 3004.DAT 
1 0 950 912 260 -1 0 0 0 -1 0 0 0 1 3004.DAT 
1 72 940 912 370 0 0 1 0 -1 0 1 0 0 3004.DAT 
1 0 970 912 280 -1 0 0 0 -1 0 0 0 1 3004.DAT 
1 72 960 912 390 0 0 1 0 -1 0 1 0 0 3004.DAT 
1 0 990 912 300 -1 0 0 0 -1 0 0 0 1 3004.DAT 
1 0 1020 912 320 -1 0 0 0 -1 0 0 0 1 3005.dat 
1 83 1040 912 330 0 0 1 0 -1 0 1 0 0 3004.DAT 
1 83 1060 912 350 0 0 1 0 -1 0 1 0 0 3004.DAT 
1 256 1090 912 390 0 0 1 0 -1 0 1 0 0 3003.DAT 
1 83 1080 912 430 0 0 1 0 -1 0 1 0 0 3004.DAT 
1 256 1120 912 390 0 0 1 0 -1 0 1 0 0 3004.DAT 
1 256 1140 912 410 0 0 1 0 -1 0 1 0 0 3004.DAT 
1 256 1150 912 450 0 0 1 0 -1 0 1 0 0 3003.DAT 
1 256 1150 912 480 -1 0 0 0 -1 0 0 0 1 3004.DAT 
1 256 790 912 530 1 0 0 0 -1 0 0 0 -1 3001.DAT 
1 72 690 912 430 0 0 1 0 -1 0 1 0 0 3001.DAT 
1 72 920 912 350 0 0 1 0 -1 0 1 0 0 3004.DAT 
1 256 870 912 330 1 0 0 0 -1 0 0 0 -1 3001.DAT 
1 256 790 912 330 1 0 0 0 -1 0 0 0 -1 3001.DAT 
1 72 930 912 510 1 0 0 0 -1 0 0 0 -1 3001.DAT 
1 72 730 912 510 0 0 1 0 -1 0 1 0 0 3001.DAT 
1 72 950 912 450 0 0 1 0 -1 0 1 0 0 3001.DAT 
1 83 1060 912 390 0 0 1 0 -1 0 1 0 0 3004.DAT 
1 83 1100 912 450 0 0 1 0 -1 0 1 0 0 3004.DAT 
1 83 1080 912 490 0 0 1 0 -1 0 1 0 0 3004.DAT 
1 83 1100 912 510 0 0 1 0 -1 0 1 0 0 3004.DAT 
1 83 1130 912 500 -1 0 0 0 -1 0 0 0 1 3004.DAT 
1 256 860 912 530 0 0 1 0 -1 0 1 0 0 3004.DAT 
1 256 880 912 510 0 0 1 0 -1 0 1 0 0 3004.DAT 
0 STEP
1 0 460 936 250 0 0 1 0 -1 0 1 0 0 3004.DAT 
1 0 470 936 280 -1 0 0 0 -1 0 0 0 1 3004.DAT 
1 0 480 936 310 0 0 1 0 -1 0 1 0 0 3004.DAT 
1 0 480 936 340 -1 0 0 0 -1 0 0 0 1 3005.dat 
1 0 510 936 240 -1 0 0 0 -1 0 0 0 1 3004.DAT 
1 256 500 936 390 0 0 1 0 -1 0 1 0 0 3004.DAT 
1 256 500 936 430 0 0 1 0 -1 0 1 0 0 3004.DAT 
1 256 520 936 370 0 0 1 0 -1 0 1 0 0 3004.DAT 
1 0 540 936 240 -1 0 0 0 -1 0 0 0 1 3005.dat 
1 256 550 936 360 -1 0 0 0 -1 0 0 0 1 3004.DAT 
1 0 560 936 260 -1 0 0 0 -1 0 0 0 1 3005.dat 
1 83 570 936 320 -1 0 0 0 -1 0 0 0 1 3004.DAT 
1 256 560 936 340 -1 0 0 0 -1 0 0 0 1 3005.dat 
1 83 560 936 460 -1 0 0 0 -1 0 0 0 1 3005.dat 
1 0 590 936 280 -1 0 0 0 -1 0 0 0 1 3004.DAT 
1 83 580 936 300 -1 0 0 0 -1 0 0 0 1 3005.dat 
1 83 580 936 340 -1 0 0 0 -1 0 0 0 1 3005.dat 
1 256 580 936 360 -1 0 0 0 -1 0 0 0 1 3005.dat 
1 256 580 936 410 0 0 1 0 -1 0 1 0 0 3004.DAT 
1 0 610 936 300 -1 0 0 0 -1 0 0 0 1 3004.DAT 
1 256 600 936 380 -1 0 0 0 -1 0 0 0 1 3005.dat 
1 0 630 936 320 -1 0 0 0 -1 0 0 0 1 3004.DAT 
1 0 660 936 320 -1 0 0 0 -1 0 0 0 1 3005.dat 
1 0 690 936 300 -1 0 0 0 -1 0 0 0 1 3004.DAT 
1 72 680 936 410 0 0 1 0 -1 0 1 0 0 3004.DAT 
1 72 680 936 470 0 0 1 0 -1 0 1 0 0 3004.DAT 
1 0 700 936 270 0 0 1 0 -1 0 1 0 0 3004.DAT 
1 72 700 936 370 0 0 1 0 -1 0 1 0 0 3004.DAT 
1 0 720 936 250 0 0 1 0 -1 0 1 0 0 3004.DAT 
1 72 730 936 340 -1 0 0 0 -1 0 0 0 1 3004.DAT 
1 0 740 936 240 -1 0 0 0 -1 0 0 0 1 3005.dat 
1 0 760 936 270 0 0 1 0 -1 0 1 0 0 3004.DAT 
1 0 780 936 280 -1 0 0 0 -1 0 0 0 1 3005.dat 
1 0 800 936 300 -1 0 0 0 -1 0 0 0 1 3005.dat 
1 256 810 936 560 -1 0 0 0 -1 0 0 0 1 3004.DAT 
1 0 830 936 280 -1 0 0 0 -1 0 0 0 1 3004.DAT 
1 0 850 936 260 -1 0 0 0 -1 0 0 0 1 3004.DAT 
1 0 870 936 240 -1 0 0 0 -1 0 0 0 1 3004.DAT 
1 0 910 936 240 -1 0 0 0 -1 0 0 0 1 3004.DAT 
1 72 910 936 510 0 0 1 0 -1 0 1 0 0 3003.DAT 
1 72 920 936 350 0 0 1 0 -1 0 1 0 0 3004.DAT 
1 0 940 936 250 0 0 1 0 -1 0 1 0 0 3004.DAT 
1 72 940 936 370 0 0 1 0 -1 0 1 0 0 3004.DAT 
1 72 930 936 480 -1 0 0 0 -1 0 0 0 1 3004.DAT 
1 0 960 936 270 0 0 1 0 -1 0 1 0 0 3004.DAT 
1 0 980 936 290 0 0 1 0 -1 0 1 0 0 3004.DAT 
1 0 1010 936 300 -1 0 0 0 -1 0 0 0 1 3004.DAT 
1 83 1050 936 340 -1 0 0 0 -1 0 0 0 1 3004.DAT 
1 256 1050 936 380 -1 0 0 0 -1 0 0 0 1 3004.DAT 
1 256 1060 936 360 -1 0 0 0 -1 0 0 0 1 3005.dat 
1 256 1060 936 410 0 0 1 0 -1 0 1 0 0 3004.DAT 
1 256 1070 936 440 -1 0 0 0 -1 0 0 0 1 3004.DAT 
1 256 1090 936 390 0 0 1 0 -1 0 1 0 0 3003.DAT 
1 83 1090 936 470 0 0 1 0 -1 0 1 0 0 3003.DAT 
1 83 1100 936 510 0 0 1 0 -1 0 1 0 0 3004.DAT 
1 256 1120 936 390 0 0 1 0 -1 0 1 0 0 3004.DAT 
1 83 1120 936 490 0 0 1 0 -1 0 1 0 0 3004.DAT 
1 256 1140 936 410 0 0 1 0 -1 0 1 0 0 3004.DAT 
1 256 1140 936 450 0 0 1 0 -1 0 1 0 0 3004.DAT 
1 256 1140 936 480 -1 0 0 0 -1 0 0 0 1 3005.dat 
1 256 1160 936 460 -1 0 0 0 -1 0 0 0 1 3005.dat 
1 256 790 936 330 1 0 0 0 -1 0 0 0 -1 3001.DAT 
1 256 870 936 330 1 0 0 0 -1 0 0 0 -1 3001.DAT 
1 256 790 936 530 1 0 0 0 -1 0 0 0 -1 3001.DAT 
1 256 850 936 530 1 0 0 0 -1 0 0 0 -1 3001.DAT 
1 72 710 936 490 0 0 1 0 -1 0 1 0 0 3001.DAT 
1 72 950 936 430 0 0 1 0 -1 0 1 0 0 3001.DAT 
1 256 740 936 530 0 0 1 0 -1 0 1 0 0 3004.DAT 
1 72 960 936 490 0 0 1 0 -1 0 1 0 0 3004.DAT 
1 72 690 936 440 -1 0 0 0 -1 0 0 0 1 3004.DAT 
1 256 530 936 460 -1 0 0 0 -1 0 0 0 1 3004.DAT 
1 256 570 936 440 -1 0 0 0 -1 0 0 0 1 3004.DAT 
0 STEP
1 0 460 960 250 0 0 1 0 -1 0 1 0 0 3004.DAT 
1 0 490 960 240 -1 0 0 0 -1 0 0 0 1 3004.DAT 
1 0 480 960 310 0 0 1 0 -1 0 1 0 0 3004.DAT 
1 0 490 960 340 -1 0 0 0 -1 0 0 0 1 3004.DAT 
1 256 500 960 390 0 0 1 0 -1 0 1 0 0 3004.DAT 
1 256 500 960 430 0 0 1 0 -1 0 1 0 0 3004.DAT 
1 0 530 960 240 -1 0 0 0 -1 0 0 0 1 3004.DAT 
1 256 530 960 360 -1 0 0 0 -1 0 0 0 1 3004.DAT 
1 256 530 960 450 0 0 1 0 -1 0 1 0 0 3003.DAT 
1 256 550 960 340 -1 0 0 0 -1 0 0 0 1 3004.DAT 
1 256 560 960 450 0 0 1 0 -1 0 1 0 0 3004.DAT 
1 256 580 960 350 0 0 1 0 -1 0 1 0 0 3004.DAT 
1 256 580 960 430 0 0 1 0 -1 0 1 0 0 3004.DAT 
1 256 600 960 370 0 0 1 0 -1 0 1 0 0 3004.DAT 
1 256 600 960 410 0 0 1 0 -1 0 1 0 0 3004.DAT 
1 0 650 960 320 -1 0 0 0 -1 0 0 0 1 3004.DAT 
1 0 680 960 320 -1 0 0 0 -1 0 0 0 1 3005.dat 
1 72 680 960 430 0 0 1 0 -1 0 1 0 0 3004.DAT 
1 256 680 960 470 0 0 1 0 -1 0 1 0 0 3004.DAT 
1 0 700 960 290 0 0 1 0 -1 0 1 0 0 3004.DAT 
1 256 700 960 370 0 0 1 0 -1 0 1 0 0 3004.DAT 
1 256 700 960 410 0 0 1 0 -1 0 1 0 0 3004.DAT 
1 256 700 960 490 0 0 1 0 -1 0 1 0 0 3004.DAT 
1 0 720 960 270 0 0 1 0 -1 0 1 0 0 3004.DAT 
1 256 800 960 350 0 0 1 0 -1 0 1 0 0 3004.DAT 
1 256 730 960 520 -1 0 0 0 -1 0 0 0 1 3004.DAT 
1 0 740 960 240 -1 0 0 0 -1 0 0 0 1 3005.dat 
1 256 750 960 540 -1 0 0 0 -1 0 0 0 1 3004.DAT 
1 0 770 960 260 -1 0 0 0 -1 0 0 0 1 3004.DAT 
1 0 790 960 280 -1 0 0 0 -1 0 0 0 1 3004.DAT 
1 28 810 960 550 1 0 0 0 -1 0 0 0 -1 3001.DAT 
1 0 810 960 300 -1 0 0 0 -1 0 0 0 1 3004.DAT 
1 0 850 960 280 -1 0 0 0 -1 0 0 0 1 3004.DAT 
1 0 860 960 260 -1 0 0 0 -1 0 0 0 1 3005.dat 
1 256 870 960 540 -1 0 0 0 -1 0 0 0 1 3004.DAT 
1 0 890 960 240 -1 0 0 0 -1 0 0 0 1 3004.DAT 
1 256 890 960 520 -1 0 0 0 -1 0 0 0 1 3004.DAT 
1 256 910 960 340 -1 0 0 0 -1 0 0 0 1 3004.DAT 
1 256 910 960 500 -1 0 0 0 -1 0 0 0 1 3004.DAT 
1 0 930 960 240 -1 0 0 0 -1 0 0 0 1 3004.DAT 
1 256 930 960 480 -1 0 0 0 -1 0 0 0 1 3004.DAT 
1 28 940 960 350 0 0 1 0 -1 0 1 0 0 3004.DAT 
1 72 940 960 390 0 0 1 0 -1 0 1 0 0 3004.DAT 
1 72 950 960 430 0 0 1 0 -1 0 1 0 0 3003.DAT 
1 0 960 960 260 -1 0 0 0 -1 0 0 0 1 3005.dat 
1 0 980 960 280 -1 0 0 0 -1 0 0 0 1 3005.dat 
1 0 1010 960 300 -1 0 0 0 -1 0 0 0 1 3004.DAT 
1 83 1020 960 330 0 0 1 0 -1 0 1 0 0 3004.DAT 
1 256 1040 960 410 0 0 1 0 -1 0 1 0 0 3004.DAT 
1 256 1090 960 430 1 0 0 0 -1 0 0 0 -1 3001.DAT 
1 256 1080 960 460 -1 0 0 0 -1 0 0 0 1 3005.dat 
1 83 1090 960 480 -1 0 0 0 -1 0 0 0 1 3004.DAT 
1 83 1110 960 500 -1 0 0 0 -1 0 0 0 1 3004.DAT 
1 256 1120 960 390 0 0 1 0 -1 0 1 0 0 3004.DAT 
1 256 1140 960 450 0 0 1 0 -1 0 1 0 0 3004.DAT 
1 83 1120 960 480 -1 0 0 0 -1 0 0 0 1 3005.dat 
1 256 1140 960 410 0 0 1 0 -1 0 1 0 0 3004.DAT 
1 256 1140 960 480 -1 0 0 0 -1 0 0 0 1 3005.dat 
1 256 850 960 330 1 0 0 0 -1 0 0 0 -1 3001.DAT 
1 256 750 960 350 1 0 0 0 -1 0 0 0 -1 3001.DAT 
1 72 950 960 460 -1 0 0 0 -1 0 0 0 1 3004.DAT 
1 256 1070 960 370 1 0 0 0 -1 0 0 0 -1 3001.DAT 
1 0 470 960 280 -1 0 0 0 -1 0 0 0 1 3004.DAT 
1 0 560 960 250 0 0 1 0 -1 0 1 0 0 3004.DAT 
1 0 580 960 270 0 0 1 0 -1 0 1 0 0 3004.DAT 
1 0 600 960 290 0 0 1 0 -1 0 1 0 0 3004.DAT 
1 0 620 960 310 0 0 1 0 -1 0 1 0 0 3004.DAT 
0 STEP
1 0 480 984 270 0 0 1 0 -1 0 1 0 0 3004.DAT 
1 0 490 984 340 -1 0 0 0 -1 0 0 0 1 3004.DAT 
1 0 510 984 240 -1 0 0 0 -1 0 0 0 1 3004.DAT 
1 0 500 984 310 0 0 1 0 -1 0 1 0 0 3004.DAT 
1 0 500 984 360 -1 0 0 0 -1 0 0 0 1 3005.dat 
1 256 500 984 390 0 0 1 0 -1 0 1 0 0 3004.DAT 
1 256 510 984 420 -1 0 0 0 -1 0 0 0 1 3004.DAT 
1 256 530 984 450 0 0 1 0 -1 0 1 0 0 3003.DAT 
1 0 550 984 240 -1 0 0 0 -1 0 0 0 1 3004.DAT 
1 256 550 984 330 0 0 1 0 -1 0 1 0 0 3003.DAT 
1 256 560 984 450 0 0 1 0 -1 0 1 0 0 3004.DAT 
1 0 580 984 240 -1 0 0 0 -1 0 0 0 1 3005.dat 
1 83 590 984 320 -1 0 0 0 -1 0 0 0 1 3004.DAT 
1 256 590 984 340 -1 0 0 0 -1 0 0 0 1 3004.DAT 
1 256 580 984 440 -1 0 0 0 -1 0 0 0 1 3005.dat 
1 0 600 984 270 0 0 1 0 -1 0 1 0 0 3004.DAT 
1 83 600 984 300 -1 0 0 0 -1 0 0 0 1 3005.dat 
1 256 610 984 360 -1 0 0 0 -1 0 0 0 1 3004.DAT 
1 256 600 984 410 0 0 1 0 -1 0 1 0 0 3004.DAT 
1 0 620 984 280 -1 0 0 0 -1 0 0 0 1 3005.dat 
1 256 620 984 390 0 0 1 0 -1 0 1 0 0 3004.DAT 
1 0 640 984 300 -1 0 0 0 -1 0 0 0 1 3005.dat 
1 0 670 984 320 -1 0 0 0 -1 0 0 0 1 3004.DAT 
1 28 690 984 370 0 0 1 0 -1 0 1 0 0 3003.DAT 
1 28 690 984 400 -1 0 0 0 -1 0 0 0 1 3004.DAT 
1 256 680 984 430 0 0 1 0 -1 0 1 0 0 3004.DAT 
1 256 680 984 460 -1 0 0 0 -1 0 0 0 1 3005.dat 
1 28 680 984 490 0 0 1 0 -1 0 1 0 0 3004.DAT 
1 28 690 984 520 -1 0 0 0 -1 0 0 0 1 3004.DAT 
1 0 700 984 310 0 0 1 0 -1 0 1 0 0 3004.DAT 
1 28 710 984 540 -1 0 0 0 -1 0 0 0 1 3004.DAT 
1 0 720 984 290 0 0 1 0 -1 0 1 0 0 3004.DAT 
1 256 720 984 350 0 0 1 0 -1 0 1 0 0 3004.DAT 
1 28 730 984 560 -1 0 0 0 -1 0 0 0 1 3004.DAT 
1 0 750 984 260 -1 0 0 0 -1 0 0 0 1 3004.DAT 
1 28 750 984 580 -1 0 0 0 -1 0 0 0 1 3004.DAT 
1 28 790 984 560 -1 0 0 0 -1 0 0 0 1 3004.DAT 
1 0 780 984 260 -1 0 0 0 -1 0 0 0 1 3005.dat 
1 0 800 984 280 -1 0 0 0 -1 0 0 0 1 3005.dat 
1 28 830 984 560 -1 0 0 0 -1 0 0 0 1 3004.DAT 
1 0 830 984 300 -1 0 0 0 -1 0 0 0 1 3004.DAT 
1 0 850 984 280 -1 0 0 0 -1 0 0 0 1 3004.DAT 
1 28 870 984 560 -1 0 0 0 -1 0 0 0 1 3004.DAT 
1 0 870 984 260 -1 0 0 0 -1 0 0 0 1 3004.DAT 
1 256 880 984 330 0 0 1 0 -1 0 1 0 0 3004.DAT 
1 0 910 984 240 -1 0 0 0 -1 0 0 0 1 3004.DAT 
1 256 900 984 340 -1 0 0 0 -1 0 0 0 1 3005.dat 
1 28 910 984 510 0 0 1 0 -1 0 1 0 0 3003.DAT 
1 28 930 984 350 0 0 1 0 -1 0 1 0 0 3003.DAT 
1 0 940 984 240 -1 0 0 0 -1 0 0 0 1 3005.dat 
1 28 950 984 380 -1 0 0 0 -1 0 0 0 1 3004.DAT 
1 256 940 984 480 -1 0 0 0 -1 0 0 0 1 3005.dat 
1 0 960 984 260 -1 0 0 0 -1 0 0 0 1 3005.dat 
1 28 960 984 350 0 0 1 0 -1 0 1 0 0 3004.DAT 
1 0 990 984 280 -1 0 0 0 -1 0 0 0 1 3004.DAT 
1 83 1000 984 300 -1 0 0 0 -1 0 0 0 1 3005.dat 
1 0 1020 984 300 -1 0 0 0 -1 0 0 0 1 3005.dat 
1 83 1020 984 320 -1 0 0 0 -1 0 0 0 1 3005.dat 
1 256 1030 984 370 0 0 1 0 -1 0 1 0 0 3001.DAT 
1 256 1030 984 420 -1 0 0 0 -1 0 0 0 1 3004.DAT 
1 256 1050 984 440 -1 0 0 0 -1 0 0 0 1 3004.DAT 
1 256 1060 984 350 0 0 1 0 -1 0 1 0 0 3004.DAT 
1 256 1070 984 460 -1 0 0 0 -1 0 0 0 1 3004.DAT 
1 256 1090 984 360 -1 0 0 0 -1 0 0 0 1 3004.DAT 
1 256 1110 984 460 -1 0 0 0 -1 0 0 0 1 3004.DAT 
1 83 1100 984 480 -1 0 0 0 -1 0 0 0 1 3005.dat 
1 256 1120 984 390 0 0 1 0 -1 0 1 0 0 3004.DAT 
1 256 1140 984 410 0 0 1 0 -1 0 1 0 0 3004.DAT 
1 256 770 984 350 1 0 0 0 -1 0 0 0 -1 3001.DAT 
1 256 930 984 430 0 0 1 0 -1 0 1 0 0 3001.DAT 
1 256 1140 984 450 0 0 1 0 -1 0 1 0 0 3004.DAT 
1 28 890 984 540 -1 0 0 0 -1 0 0 0 1 3004.DAT 
1 28 760 984 550 0 0 1 0 -1 0 1 0 0 3004.DAT 
0 STEP
1 0 500 1008 250 0 0 1 0 -1 0 1 0 0 3004.DAT 
1 0 500 1008 290 0 0 1 0 -1 0 1 0 0 3004.DAT 
1 0 500 1008 330 0 0 1 0 -1 0 1 0 0 3004.DAT 
1 0 500 1008 360 -1 0 0 0 -1 0 0 0 1 3005.dat 
1 256 510 1008 400 -1 0 0 0 -1 0 0 0 1 3004.DAT 
1 0 530 1008 240 -1 0 0 0 -1 0 0 0 1 3004.DAT 
1 256 520 1008 370 0 0 1 0 -1 0 1 0 0 3004.DAT 
1 256 520 1008 430 0 0 1 0 -1 0 1 0 0 3004.DAT 
1 256 570 1008 330 1 0 0 0 -1 0 0 0 -1 3001.DAT 
1 256 550 1008 440 -1 0 0 0 -1 0 0 0 1 3004.DAT 
1 0 570 1008 240 -1 0 0 0 -1 0 0 0 1 3004.DAT 
1 256 590 1008 440 -1 0 0 0 -1 0 0 0 1 3004.DAT 
1 0 610 1008 240 -1 0 0 0 -1 0 0 0 1 3004.DAT 
1 83 600 1008 290 0 0 1 0 -1 0 1 0 0 3004.DAT 
1 256 610 1008 420 -1 0 0 0 -1 0 0 0 1 3004.DAT 
1 0 620 1008 270 0 0 1 0 -1 0 1 0 0 3004.DAT 
1 256 620 1008 340 -1 0 0 0 -1 0 0 0 1 3005.dat 
1 256 620 1008 390 0 0 1 0 -1 0 1 0 0 3004.DAT 
1 0 640 1008 290 0 0 1 0 -1 0 1 0 0 3004.DAT 
1 256 640 1008 370 0 0 1 0 -1 0 1 0 0 3004.DAT 
1 0 660 1008 300 -1 0 0 0 -1 0 0 0 1 3005.dat 
1 28 670 1008 490 0 0 1 0 -1 0 1 0 0 3003.DAT 
1 0 690 1008 320 -1 0 0 0 -1 0 0 0 1 3004.DAT 
1 28 690 1008 390 0 0 1 0 -1 0 1 0 0 3001.DAT 
1 28 680 1008 450 0 0 1 0 -1 0 1 0 0 3004.DAT 
1 28 690 1008 520 -1 0 0 0 -1 0 0 0 1 3004.DAT 
1 28 710 1008 540 -1 0 0 0 -1 0 0 0 1 3004.DAT 
1 0 720 1008 310 0 0 1 0 -1 0 1 0 0 3004.DAT 
1 28 730 1008 350 0 0 1 0 -1 0 1 0 0 3003.DAT 
1 28 730 1008 560 -1 0 0 0 -1 0 0 0 1 3004.DAT 
1 0 740 1008 270 0 0 1 0 -1 0 1 0 0 3004.DAT 
1 28 750 1008 580 -1 0 0 0 -1 0 0 0 1 3004.DAT 
1 0 770 1008 260 -1 0 0 0 -1 0 0 0 1 3004.DAT 
1 28 790 1008 330 1 0 0 0 -1 0 0 0 -1 3001.DAT 
1 28 770 1008 560 -1 0 0 0 -1 0 0 0 1 3004.DAT 
1 0 800 1008 280 -1 0 0 0 -1 0 0 0 1 3005.dat 
1 28 810 1008 560 -1 0 0 0 -1 0 0 0 1 3004.DAT 
1 0 830 1008 300 -1 0 0 0 -1 0 0 0 1 3004.DAT 
1 28 870 1008 330 1 0 0 0 -1 0 0 0 -1 3001.DAT 
1 28 870 1008 560 -1 0 0 0 -1 0 0 0 1 3004.DAT 
1 0 860 1008 290 0 0 1 0 -1 0 1 0 0 3004.DAT 
1 0 880 1008 260 -1 0 0 0 -1 0 0 0 1 3005.dat 
1 28 910 1008 520 -1 0 0 0 -1 0 0 0 1 3004.DAT 
1 0 910 1008 240 -1 0 0 0 -1 0 0 0 1 3004.DAT 
1 28 920 1008 330 0 0 1 0 -1 0 1 0 0 3004.DAT 
1 0 940 1008 240 -1 0 0 0 -1 0 0 0 1 3005.dat 
1 0 970 1008 260 -1 0 0 0 -1 0 0 0 1 3004.DAT 
1 28 960 1008 430 0 0 1 0 -1 0 1 0 0 3004.DAT 
1 0 990 1008 280 -1 0 0 0 -1 0 0 0 1 3004.DAT 
1 256 990 1008 340 -1 0 0 0 -1 0 0 0 1 3004.DAT 
1 83 1000 1008 310 0 0 1 0 -1 0 1 0 0 3004.DAT 
1 256 1000 1008 370 0 0 1 0 -1 0 1 0 0 3004.DAT 
1 256 1010 1008 400 -1 0 0 0 -1 0 0 0 1 3004.DAT 
1 0 1030 1008 300 -1 0 0 0 -1 0 0 0 1 3004.DAT 
1 256 1030 1008 330 0 0 1 0 -1 0 1 0 0 3003.DAT 
1 256 1020 1008 420 -1 0 0 0 -1 0 0 0 1 3005.dat 
1 256 1050 1008 440 -1 0 0 0 -1 0 0 0 1 3004.DAT 
1 256 1070 1008 340 -1 0 0 0 -1 0 0 0 1 3004.DAT 
1 256 1070 1008 460 -1 0 0 0 -1 0 0 0 1 3004.DAT 
1 256 1100 1008 350 0 0 1 0 -1 0 1 0 0 3004.DAT 
1 256 1110 1008 460 -1 0 0 0 -1 0 0 0 1 3004.DAT 
1 256 1120 1008 390 0 0 1 0 -1 0 1 0 0 3004.DAT 
1 256 1130 1008 430 0 0 1 0 -1 0 1 0 0 3003.DAT 
1 28 830 1008 580 -1 0 0 0 -1 0 0 0 1 3004.DAT 
1 28 890 1008 540 -1 0 0 0 -1 0 0 0 1 3004.DAT 
1 28 930 1008 500 -1 0 0 0 -1 0 0 0 1 3004.DAT 
1 28 950 1008 480 -1 0 0 0 -1 0 0 0 1 3004.DAT 
1 28 950 1008 370 0 0 1 0 -1 0 1 0 0 3001.DAT 
1 28 940 1008 450 0 0 1 0 -1 0 1 0 0 3004.DAT 
0 STEP
1 0 510 1032 360 -1 0 0 0 -1 0 0 0 1 3004.DAT 
1 256 510 1032 400 -1 0 0 0 -1 0 0 0 1 3004.DAT 
1 0 520 1032 250 0 0 1 0 -1 0 1 0 0 3004.DAT 
1 0 520 1032 290 0 0 1 0 -1 0 1 0 0 3004.DAT 
1 0 520 1032 330 0 0 1 0 -1 0 1 0 0 3004.DAT 
1 256 520 1032 380 -1 0 0 0 -1 0 0 0 1 3005.dat 
1 256 520 1032 430 0 0 1 0 -1 0 1 0 0 3004.DAT 
1 0 550 1032 240 -1 0 0 0 -1 0 0 0 1 3004.DAT 
1 256 550 1032 330 0 0 1 0 -1 0 1 0 0 3003.DAT 
1 256 550 1032 440 -1 0 0 0 -1 0 0 0 1 3004.DAT 
1 0 590 1032 240 -1 0 0 0 -1 0 0 0 1 3004.DAT 
1 256 590 1032 320 -1 0 0 0 -1 0 0 0 1 3004.DAT 
1 256 590 1032 440 -1 0 0 0 -1 0 0 0 1 3004.DAT 
1 83 610 1032 300 -1 0 0 0 -1 0 0 0 1 3004.DAT 
1 256 610 1032 420 -1 0 0 0 -1 0 0 0 1 3004.DAT 
1 0 620 1032 240 -1 0 0 0 -1 0 0 0 1 3005.dat 
1 256 620 1032 330 0 0 1 0 -1 0 1 0 0 3004.DAT 
1 0 640 1032 270 0 0 1 0 -1 0 1 0 0 3004.DAT 
1 256 640 1032 350 0 0 1 0 -1 0 1 0 0 3004.DAT 
1 256 640 1032 390 0 0 1 0 -1 0 1 0 0 3004.DAT 
1 0 660 1032 290 0 0 1 0 -1 0 1 0 0 3004.DAT 
1 0 680 1032 310 0 0 1 0 -1 0 1 0 0 3004.DAT 
1 28 680 1032 390 0 0 1 0 -1 0 1 0 0 3004.DAT 
1 28 680 1032 430 0 0 1 0 -1 0 1 0 0 3004.DAT 
1 28 680 1032 470 0 0 1 0 -1 0 1 0 0 3004.DAT 
1 28 680 1032 510 0 0 1 0 -1 0 1 0 0 3004.DAT 
1 0 710 1032 320 -1 0 0 0 -1 0 0 0 1 3004.DAT 
1 28 700 1032 370 0 0 1 0 -1 0 1 0 0 3004.DAT 
1 28 700 1032 530 0 0 1 0 -1 0 1 0 0 3004.DAT 
1 0 730 1032 300 -1 0 0 0 -1 0 0 0 1 3004.DAT 
1 28 720 1032 350 0 0 1 0 -1 0 1 0 0 3004.DAT 
1 28 730 1032 550 0 0 1 0 -1 0 1 0 0 3003.DAT 
1 0 740 1032 280 -1 0 0 0 -1 0 0 0 1 3005.dat 
1 28 750 1032 580 -1 0 0 0 -1 0 0 0 1 3004.DAT 
1 0 770 1032 260 -1 0 0 0 -1 0 0 0 1 3004.DAT 
1 28 790 1032 560 -1 0 0 0 -1 0 0 0 1 3004.DAT 
1 0 800 1032 270 0 0 1 0 -1 0 1 0 0 3004.DAT 
1 0 820 1032 290 0 0 1 0 -1 0 1 0 0 3004.DAT 
1 28 830 1032 580 -1 0 0 0 -1 0 0 0 1 3004.DAT 
1 0 850 1032 300 -1 0 0 0 -1 0 0 0 1 3004.DAT 
1 0 870 1032 280 -1 0 0 0 -1 0 0 0 1 3004.DAT 
1 0 890 1032 260 -1 0 0 0 -1 0 0 0 1 3004.DAT 
1 0 910 1032 240 -1 0 0 0 -1 0 0 0 1 3004.DAT 
1 28 910 1032 330 0 0 1 0 -1 0 1 0 0 3003.DAT 
1 0 940 1032 240 -1 0 0 0 -1 0 0 0 1 3005.dat 
1 28 940 1032 350 0 0 1 0 -1 0 1 0 0 3004.DAT 
1 28 950 1032 410 0 0 1 0 -1 0 1 0 0 3003.DAT 
1 28 940 1032 450 0 0 1 0 -1 0 1 0 0 3004.DAT 
1 0 970 1032 260 -1 0 0 0 -1 0 0 0 1 3004.DAT 
1 28 960 1032 370 0 0 1 0 -1 0 1 0 0 3004.DAT 
1 28 960 1032 440 -1 0 0 0 -1 0 0 0 1 3005.dat 
1 0 990 1032 280 -1 0 0 0 -1 0 0 0 1 3004.DAT 
1 256 980 1032 350 0 0 1 0 -1 0 1 0 0 3004.DAT 
1 256 990 1032 390 0 0 1 0 -1 0 1 0 0 3003.DAT 
1 256 1000 1032 330 0 0 1 0 -1 0 1 0 0 3004.DAT 
1 256 1010 1032 420 -1 0 0 0 -1 0 0 0 1 3004.DAT 
1 0 1030 1032 300 -1 0 0 0 -1 0 0 0 1 3004.DAT 
1 256 1030 1032 320 -1 0 0 0 -1 0 0 0 1 3004.DAT 
1 256 1030 1032 440 -1 0 0 0 -1 0 0 0 1 3004.DAT 
1 256 1070 1032 320 -1 0 0 0 -1 0 0 0 1 3004.DAT 
1 256 1070 1032 440 -1 0 0 0 -1 0 0 0 1 3004.DAT 
1 256 1090 1032 340 -1 0 0 0 -1 0 0 0 1 3004.DAT 
1 256 1090 1032 460 -1 0 0 0 -1 0 0 0 1 3004.DAT 
1 256 1110 1032 370 0 0 1 0 -1 0 1 0 0 3003.DAT 
1 256 1100 1032 430 0 0 1 0 -1 0 1 0 0 3004.DAT 
1 256 1120 1032 410 0 0 1 0 -1 0 1 0 0 3004.DAT 
1 256 1120 1032 440 -1 0 0 0 -1 0 0 0 1 3005.dat 
1 28 870 1032 560 -1 0 0 0 -1 0 0 0 1 3004.DAT 
1 28 890 1032 540 -1 0 0 0 -1 0 0 0 1 3004.DAT 
1 28 910 1032 520 -1 0 0 0 -1 0 0 0 1 3004.DAT 
1 28 930 1032 500 -1 0 0 0 -1 0 0 0 1 3004.DAT 
1 28 950 1032 480 -1 0 0 0 -1 0 0 0 1 3004.DAT 
0 STEP
1 0 530 1056 260 -1 0 0 0 -1 0 0 0 1 3004.DAT 
1 0 520 1056 330 0 0 1 0 -1 0 1 0 0 3004.DAT 
1 0 520 1056 370 0 0 1 0 -1 0 1 0 0 3004.DAT 
1 256 520 1056 410 0 0 1 0 -1 0 1 0 0 3004.DAT 
1 256 530 1056 440 -1 0 0 0 -1 0 0 0 1 3004.DAT 
1 0 550 1056 240 -1 0 0 0 -1 0 0 0 1 3004.DAT 
1 0 540 1056 290 0 0 1 0 -1 0 1 0 0 3004.DAT 
1 256 540 1056 420 -1 0 0 0 -1 0 0 0 1 3005.dat 
1 256 570 1056 320 -1 0 0 0 -1 0 0 0 1 3004.DAT 
1 256 570 1056 440 -1 0 0 0 -1 0 0 0 1 3004.DAT 
1 0 590 1056 240 -1 0 0 0 -1 0 0 0 1 3004.DAT 
1 256 590 1056 300 -1 0 0 0 -1 0 0 0 1 3004.DAT 
1 256 610 1056 320 -1 0 0 0 -1 0 0 0 1 3004.DAT 
1 256 600 1056 430 0 0 1 0 -1 0 1 0 0 3004.DAT 
1 0 630 1056 240 -1 0 0 0 -1 0 0 0 1 3004.DAT 
1 256 620 1056 420 -1 0 0 0 -1 0 0 0 1 3005.dat 
1 256 640 1056 320 -1 0 0 0 -1 0 0 0 1 3005.dat 
1 72 640 1056 350 0 0 1 0 -1 0 1 0 0 3004.DAT 
1 72 640 1056 380 -1 0 0 0 -1 0 0 0 1 3005.dat 
1 256 640 1056 400 -1 0 0 0 -1 0 0 0 1 3005.dat 
1 0 660 1056 270 0 0 1 0 -1 0 1 0 0 3004.DAT 
1 0 670 1056 300 -1 0 0 0 -1 0 0 0 1 3004.DAT 
1 0 680 1056 280 -1 0 0 0 -1 0 0 0 1 3005.dat 
1 0 690 1056 320 -1 0 0 0 -1 0 0 0 1 3004.DAT 
1 28 680 1056 390 0 0 1 0 -1 0 1 0 0 3004.DAT 
1 28 680 1056 430 0 0 1 0 -1 0 1 0 0 3004.DAT 
1 28 680 1056 470 0 0 1 0 -1 0 1 0 0 3004.DAT 
1 28 690 1056 510 0 0 1 0 -1 0 1 0 0 3003.DAT 
1 28 700 1056 370 0 0 1 0 -1 0 1 0 0 3004.DAT 
1 28 710 1056 540 -1 0 0 0 -1 0 0 0 1 3004.DAT 
1 0 720 1056 320 -1 0 0 0 -1 0 0 0 1 3005.dat 
1 28 730 1056 350 0 0 1 0 -1 0 1 0 0 3003.DAT 
1 28 720 1056 520 -1 0 0 0 -1 0 0 0 1 3005.dat 
1 0 740 1056 300 -1 0 0 0 -1 0 0 0 1 3005.dat 
1 28 740 1056 550 0 0 1 0 -1 0 1 0 0 3004.DAT 
1 28 750 1056 580 -1 0 0 0 -1 0 0 0 1 3004.DAT 
1 0 760 1056 270 0 0 1 0 -1 0 1 0 0 3004.DAT 
1 28 770 1056 560 -1 0 0 0 -1 0 0 0 1 3004.DAT 
1 0 790 1056 260 -1 0 0 0 -1 0 0 0 1 3004.DAT 
1 28 810 1056 560 -1 0 0 0 -1 0 0 0 1 3004.DAT 
1 0 820 1056 290 0 0 1 0 -1 0 1 0 0 3004.DAT 
1 0 850 1056 300 -1 0 0 0 -1 0 0 0 1 3004.DAT 
1 28 840 1056 560 -1 0 0 0 -1 0 0 0 1 3005.dat 
1 0 880 1056 280 -1 0 0 0 -1 0 0 0 1 3005.dat 
1 0 900 1056 260 -1 0 0 0 -1 0 0 0 1 3005.dat 
1 28 910 1056 320 -1 0 0 0 -1 0 0 0 1 3004.DAT 
1 28 900 1056 530 0 0 1 0 -1 0 1 0 0 3004.DAT 
1 0 930 1056 240 -1 0 0 0 -1 0 0 0 1 3004.DAT 
1 28 930 1056 340 -1 0 0 0 -1 0 0 0 1 3004.DAT 
1 28 920 1056 520 -1 0 0 0 -1 0 0 0 1 3005.dat 
1 28 940 1056 370 0 0 1 0 -1 0 1 0 0 3004.DAT 
1 28 940 1056 470 0 0 1 0 -1 0 1 0 0 3004.DAT 
1 28 940 1056 500 -1 0 0 0 -1 0 0 0 1 3005.dat 
1 0 960 1056 250 0 0 1 0 -1 0 1 0 0 3004.DAT 
1 28 960 1056 390 0 0 1 0 -1 0 1 0 0 3004.DAT 
1 28 960 1056 430 0 0 1 0 -1 0 1 0 0 3004.DAT 
1 28 960 1056 480 -1 0 0 0 -1 0 0 0 1 3005.dat 
1 0 980 1056 260 -1 0 0 0 -1 0 0 0 1 3005.dat 
1 256 980 1056 390 0 0 1 0 -1 0 1 0 0 3004.DAT 
1 0 1000 1056 280 -1 0 0 0 -1 0 0 0 1 3005.dat 
1 256 1000 1056 410 0 0 1 0 -1 0 1 0 0 3004.DAT 
1 0 1030 1056 300 -1 0 0 0 -1 0 0 0 1 3004.DAT 
1 256 1020 1056 420 -1 0 0 0 -1 0 0 0 1 3005.dat 
1 256 1050 1056 320 -1 0 0 0 -1 0 0 0 1 3004.DAT 
1 256 1050 1056 440 -1 0 0 0 -1 0 0 0 1 3004.DAT 
1 256 1060 1056 300 -1 0 0 0 -1 0 0 0 1 3005.dat 
1 256 1080 1056 320 -1 0 0 0 -1 0 0 0 1 3005.dat 
1 256 1080 1056 430 0 0 1 0 -1 0 1 0 0 3004.DAT 
1 256 1100 1056 350 0 0 1 0 -1 0 1 0 0 3004.DAT 
1 256 1100 1056 410 0 0 1 0 -1 0 1 0 0 3004.DAT 
1 256 1100 1056 440 -1 0 0 0 -1 0 0 0 1 3005.dat 
1 256 1120 1056 390 0 0 1 0 -1 0 1 0 0 3004.DAT 
1 256 1120 1056 420 -1 0 0 0 -1 0 0 0 1 3005.dat 
1 28 870 1056 560 -1 0 0 0 -1 0 0 0 1 3004.DAT 
0 STEP
1 0 520 1080 330 0 0 1 0 -1 0 1 0 0 3004.DAT 
1 0 520 1080 370 0 0 1 0 -1 0 1 0 0 3004.DAT 
1 256 520 1080 410 0 0 1 0 -1 0 1 0 0 3004.DAT 
1 0 540 1080 270 0 0 1 0 -1 0 1 0 0 3004.DAT 
1 0 540 1080 300 -1 0 0 0 -1 0 0 0 1 3005.dat 
1 256 540 1080 330 0 0 1 0 -1 0 1 0 0 3004.DAT 
1 256 540 1080 430 0 0 1 0 -1 0 1 0 0 3004.DAT 
1 0 570 1080 240 -1 0 0 0 -1 0 0 0 1 3004.DAT 
1 256 570 1080 320 -1 0 0 0 -1 0 0 0 1 3004.DAT 
1 256 570 1080 440 -1 0 0 0 -1 0 0 0 1 3004.DAT 
1 256 590 1080 300 -1 0 0 0 -1 0 0 0 1 3004.DAT 
1 256 590 1080 420 -1 0 0 0 -1 0 0 0 1 3004.DAT 
1 0 610 1080 240 -1 0 0 0 -1 0 0 0 1 3004.DAT 
1 256 600 1080 320 -1 0 0 0 -1 0 0 0 1 3005.dat 
1 256 600 1080 440 -1 0 0 0 -1 0 0 0 1 3005.dat 
1 256 620 1080 300 -1 0 0 0 -1 0 0 0 1 3005.dat 
1 72 620 1080 330 0 0 1 0 -1 0 1 0 0 3004.DAT 
1 256 620 1080 420 -1 0 0 0 -1 0 0 0 1 3005.dat 
1 0 640 1080 240 -1 0 0 0 -1 0 0 0 1 3005.dat 
1 72 640 1080 350 0 0 1 0 -1 0 1 0 0 3004.DAT 
1 72 640 1080 390 0 0 1 0 -1 0 1 0 0 3004.DAT 
1 0 660 1080 270 0 0 1 0 -1 0 1 0 0 3004.DAT 
1 0 680 1080 290 0 0 1 0 -1 0 1 0 0 3004.DAT 
1 28 680 1080 390 0 0 1 0 -1 0 1 0 0 3004.DAT 
1 28 680 1080 430 0 0 1 0 -1 0 1 0 0 3004.DAT 
1 28 680 1080 470 0 0 1 0 -1 0 1 0 0 3004.DAT 
1 28 690 1080 500 -1 0 0 0 -1 0 0 0 1 3004.DAT 
1 0 700 1080 310 0 0 1 0 -1 0 1 0 0 3004.DAT 
1 28 700 1080 370 0 0 1 0 -1 0 1 0 0 3004.DAT 
1 0 730 1080 320 -1 0 0 0 -1 0 0 0 1 3004.DAT 
1 28 730 1080 360 -1 0 0 0 -1 0 0 0 1 3004.DAT 
1 28 730 1080 540 -1 0 0 0 -1 0 0 0 1 3004.DAT 
1 28 750 1080 340 -1 0 0 0 -1 0 0 0 1 3004.DAT 
1 28 750 1080 570 0 0 1 0 -1 0 1 0 0 3003.DAT 
1 0 760 1080 290 0 0 1 0 -1 0 1 0 0 3004.DAT 
1 0 790 1080 260 -1 0 0 0 -1 0 0 0 1 3004.DAT 
1 179 810 1080 560 -1 0 0 0 -1 0 0 0 1 3004.DAT 
1 0 820 1080 270 0 0 1 0 -1 0 1 0 0 3004.DAT 
1 0 840 1080 290 0 0 1 0 -1 0 1 0 0 3004.DAT 
1 0 870 1080 300 -1 0 0 0 -1 0 0 0 1 3004.DAT 
1 179 870 1080 540 -1 0 0 0 -1 0 0 0 1 3004.DAT 
1 0 880 1080 280 -1 0 0 0 -1 0 0 0 1 3005.dat 
1 28 890 1080 320 -1 0 0 0 -1 0 0 0 1 3004.DAT 
1 179 890 1080 520 -1 0 0 0 -1 0 0 0 1 3004.DAT 
1 0 910 1080 260 -1 0 0 0 -1 0 0 0 1 3004.DAT 
1 28 910 1080 340 -1 0 0 0 -1 0 0 0 1 3004.DAT 
1 28 900 1080 540 -1 0 0 0 -1 0 0 0 1 3005.dat 
1 72 930 1080 400 -1 0 0 0 -1 0 0 0 1 3004.DAT 
1 28 920 1080 510 0 0 1 0 -1 0 1 0 0 3004.DAT 
1 28 940 1080 350 0 0 1 0 -1 0 1 0 0 3004.DAT 
1 28 940 1080 380 -1 0 0 0 -1 0 0 0 1 3005.dat 
1 72 940 1080 450 0 0 1 0 -1 0 1 0 0 3004.DAT 
1 28 940 1080 490 0 0 1 0 -1 0 1 0 0 3004.DAT 
1 0 970 1080 260 -1 0 0 0 -1 0 0 0 1 3004.DAT 
1 72 970 1080 360 -1 0 0 0 -1 0 0 0 1 3004.DAT 
1 28 960 1080 430 0 0 1 0 -1 0 1 0 0 3004.DAT 
1 72 980 1080 330 0 0 1 0 -1 0 1 0 0 3004.DAT 
1 72 980 1080 380 -1 0 0 0 -1 0 0 0 1 3005.dat 
1 256 980 1080 400 -1 0 0 0 -1 0 0 0 1 3005.dat 
1 0 1000 1080 280 -1 0 0 0 -1 0 0 0 1 3005.dat 
1 256 1010 1080 420 -1 0 0 0 -1 0 0 0 1 3004.DAT 
1 0 1030 1080 300 -1 0 0 0 -1 0 0 0 1 3004.DAT 
1 256 1040 1080 430 0 0 1 0 -1 0 1 0 0 3004.DAT 
1 256 1060 1080 310 0 0 1 0 -1 0 1 0 0 3004.DAT 
1 256 1070 1080 440 -1 0 0 0 -1 0 0 0 1 3004.DAT 
1 256 1080 1080 320 -1 0 0 0 -1 0 0 0 1 3005.dat 
1 256 1090 1080 420 -1 0 0 0 -1 0 0 0 1 3004.DAT 
1 256 1100 1080 350 0 0 1 0 -1 0 1 0 0 3004.DAT 
1 256 1100 1080 390 0 0 1 0 -1 0 1 0 0 3004.DAT 
1 256 1100 1080 440 -1 0 0 0 -1 0 0 0 1 3005.dat 
1 256 1120 1080 380 -1 0 0 0 -1 0 0 0 1 3005.dat 
1 0 950 1080 240 -1 0 0 0 -1 0 0 0 1 3004.DAT 
1 28 710 1080 520 -1 0 0 0 -1 0 0 0 1 3004.DAT 
1 28 780 1080 570 0 0 1 0 -1 0 1 0 0 3004.DAT 
1 179 840 1080 550 0 0 -1 0 -1 0 -1 0 0 3004.DAT 
0 STEP
1 0 520 1104 330 0 0 1 0 -1 0 1 0 0 3004.DAT 
1 0 520 1104 370 0 0 1 0 -1 0 1 0 0 3004.DAT 
1 256 530 1104 400 -1 0 0 0 -1 0 0 0 1 3004.DAT 
1 0 550 1104 270 0 0 1 0 -1 0 1 0 0 3003.DAT 
1 0 540 1104 300 -1 0 0 0 -1 0 0 0 1 3005.dat 
1 256 540 1104 330 0 0 1 0 -1 0 1 0 0 3004.DAT 
1 256 540 1104 360 -1 0 0 0 -1 0 0 0 1 3005.dat 
1 256 550 1104 420 -1 0 0 0 -1 0 0 0 1 3004.DAT 
1 256 570 1104 320 -1 0 0 0 -1 0 0 0 1 3004.DAT 
1 256 570 1104 440 -1 0 0 0 -1 0 0 0 1 3004.DAT 
1 0 590 1104 240 -1 0 0 0 -1 0 0 0 1 3004.DAT 
1 256 590 1104 300 -1 0 0 0 -1 0 0 0 1 3004.DAT 
1 72 590 1104 410 0 0 1 0 -1 0 1 0 0 3003.DAT 
1 72 610 1104 320 -1 0 0 0 -1 0 0 0 1 3004.DAT 
1 0 630 1104 240 -1 0 0 0 -1 0 0 0 1 3004.DAT 
1 72 630 1104 400 -1 0 0 0 -1 0 0 0 1 3004.DAT 
1 72 640 1104 330 0 0 1 0 -1 0 1 0 0 3004.DAT 
1 72 640 1104 370 0 0 1 0 -1 0 1 0 0 3004.DAT 
1 0 660 1104 260 -1 0 0 0 -1 0 0 0 1 3005.dat 
1 72 660 1104 350 0 0 1 0 -1 0 1 0 0 3004.DAT 
1 0 680 1104 280 -1 0 0 0 -1 0 0 0 1 3005.dat 
1 28 680 1104 390 0 0 1 0 -1 0 1 0 0 3004.DAT 
1 28 680 1104 420 -1 0 0 0 -1 0 0 0 1 3005.dat 
1 0 700 1104 300 -1 0 0 0 -1 0 0 0 1 3005.dat 
1 28 700 1104 370 0 0 1 0 -1 0 1 0 0 3004.DAT 
1 72 700 1104 410 0 0 1 0 -1 0 1 0 0 3004.DAT 
1 72 700 1104 450 0 0 1 0 -1 0 1 0 0 3004.DAT 
1 72 700 1104 480 -1 0 0 0 -1 0 0 0 1 3005.dat 
1 0 730 1104 320 -1 0 0 0 -1 0 0 0 1 3004.DAT 
1 28 730 1104 360 -1 0 0 0 -1 0 0 0 1 3004.DAT 
1 72 720 1104 510 0 0 1 0 -1 0 1 0 0 3004.DAT 
1 28 750 1104 340 -1 0 0 0 -1 0 0 0 1 3004.DAT 
1 72 750 1104 520 -1 0 0 0 -1 0 0 0 1 3004.DAT 
1 0 760 1104 290 0 0 1 0 -1 0 1 0 0 3004.DAT 
1 72 760 1104 540 -1 0 0 0 -1 0 0 0 1 3005.dat 
1 0 780 1104 270 0 0 1 0 -1 0 1 0 0 3004.DAT 
1 28 790 1104 340 -1 0 0 0 -1 0 0 0 1 3004.DAT 
1 179 780 1104 550 0 0 1 0 -1 0 1 0 0 3004.DAT 
1 0 810 1104 260 -1 0 0 0 -1 0 0 0 1 3004.DAT 
1 179 810 1104 560 -1 0 0 0 -1 0 0 0 1 3004.DAT 
1 0 830 1104 280 -1 0 0 0 -1 0 0 0 1 3004.DAT 
1 28 830 1104 340 -1 0 0 0 -1 0 0 0 1 3004.DAT 
1 179 850 1104 560 -1 0 0 0 -1 0 0 0 1 3004.DAT 
1 0 870 1104 300 -1 0 0 0 -1 0 0 0 1 3004.DAT 
1 28 860 1104 330 0 0 1 0 -1 0 1 0 0 3004.DAT 
1 179 870 1104 540 -1 0 0 0 -1 0 0 0 1 3004.DAT 
1 28 890 1104 340 -1 0 0 0 -1 0 0 0 1 3004.DAT 
1 0 900 1104 280 -1 0 0 0 -1 0 0 0 1 3005.dat 
1 72 910 1104 360 -1 0 0 0 -1 0 0 0 1 3004.DAT 
1 72 900 1104 510 0 0 1 0 -1 0 1 0 0 3004.DAT 
1 0 930 1104 260 -1 0 0 0 -1 0 0 0 1 3004.DAT 
1 72 920 1104 490 0 0 1 0 -1 0 1 0 0 3004.DAT 
1 0 940 1104 240 -1 0 0 0 -1 0 0 0 1 3005.dat 
1 28 940 1104 370 0 0 1 0 -1 0 1 0 0 3004.DAT 
1 72 940 1104 410 0 0 1 0 -1 0 1 0 0 3004.DAT 
1 72 940 1104 450 0 0 1 0 -1 0 1 0 0 3004.DAT 
1 0 970 1104 260 -1 0 0 0 -1 0 0 0 1 3004.DAT 
1 72 960 1104 330 0 0 1 0 -1 0 1 0 0 3004.DAT 
1 72 960 1104 370 0 0 1 0 -1 0 1 0 0 3004.DAT 
1 0 990 1104 280 -1 0 0 0 -1 0 0 0 1 3004.DAT 
1 72 980 1104 380 -1 0 0 0 -1 0 0 0 1 3005.dat 
1 72 1010 1104 400 -1 0 0 0 -1 0 0 0 1 3004.DAT 
1 0 1030 1104 300 -1 0 0 0 -1 0 0 0 1 3004.DAT 
1 256 1030 1104 420 -1 0 0 0 -1 0 0 0 1 3004.DAT 
1 256 1040 1104 400 -1 0 0 0 -1 0 0 0 1 3005.dat 
1 0 1060 1104 300 -1 0 0 0 -1 0 0 0 1 3005.dat 
1 256 1070 1104 320 -1 0 0 0 -1 0 0 0 1 3004.DAT 
1 256 1060 1104 430 0 0 1 0 -1 0 1 0 0 3004.DAT 
1 256 1090 1104 340 -1 0 0 0 -1 0 0 0 1 3004.DAT 
1 256 1080 1104 410 0 0 1 0 -1 0 1 0 0 3004.DAT 
1 256 1100 1104 370 0 0 1 0 -1 0 1 0 0 3004.DAT 
1 256 1100 1104 400 -1 0 0 0 -1 0 0 0 1 3005.dat 
1 72 990 1104 300 -1 0 0 0 -1 0 0 0 1 3004.DAT 
0 STEP
1 0 520 1128 350 0 0 1 0 -1 0 1 0 0 3004.DAT 
1 0 520 1128 380 -1 0 0 0 -1 0 0 0 1 3005.dat 
1 0 540 1128 290 0 0 1 0 -1 0 1 0 0 3004.DAT 
1 0 540 1128 330 0 0 1 0 -1 0 1 0 0 3004.DAT 
1 0 540 1128 360 -1 0 0 0 -1 0 0 0 1 3005.dat 
1 256 540 1128 390 0 0 1 0 -1 0 1 0 0 3004.DAT 
1 256 550 1128 420 -1 0 0 0 -1 0 0 0 1 3004.DAT 
1 0 560 1128 270 0 0 1 0 -1 0 1 0 0 3004.DAT 
1 0 560 1128 300 -1 0 0 0 -1 0 0 0 1 3005.dat 
1 256 560 1128 330 0 0 1 0 -1 0 1 0 0 3004.DAT 
1 256 560 1128 400 -1 0 0 0 -1 0 0 0 1 3005.dat 
1 0 590 1128 260 -1 0 0 0 -1 0 0 0 1 3004.DAT 
1 72 590 1128 320 -1 0 0 0 -1 0 0 0 1 3004.DAT 
1 0 610 1128 240 -1 0 0 0 -1 0 0 0 1 3004.DAT 
1 72 630 1128 320 -1 0 0 0 -1 0 0 0 1 3004.DAT 
1 0 640 1128 240 -1 0 0 0 -1 0 0 0 1 3005.dat 
1 72 650 1128 340 -1 0 0 0 -1 0 0 0 1 3004.DAT 
1 0 660 1128 260 -1 0 0 0 -1 0 0 0 1 3005.dat 
1 72 660 1128 370 0 0 1 0 -1 0 1 0 0 3004.DAT 
1 0 680 1128 280 -1 0 0 0 -1 0 0 0 1 3005.dat 
1 0 700 1128 300 -1 0 0 0 -1 0 0 0 1 3005.dat 
1 0 730 1128 320 -1 0 0 0 -1 0 0 0 1 3004.DAT 
1 72 750 1128 360 -1 0 0 0 -1 0 0 0 1 3004.DAT 
1 0 760 1128 320 -1 0 0 0 -1 0 0 0 1 3005.dat 
1 0 780 1128 290 0 0 1 0 -1 0 1 0 0 3004.DAT 
1 179 780 1128 550 0 0 1 0 -1 0 1 0 0 3004.DAT 
1 0 810 1128 260 -1 0 0 0 -1 0 0 0 1 3004.DAT 
1 179 810 1128 560 -1 0 0 0 -1 0 0 0 1 3004.DAT 
1 0 840 1128 280 -1 0 0 0 -1 0 0 0 1 3005.dat 
1 179 850 1128 560 -1 0 0 0 -1 0 0 0 1 3004.DAT 
1 0 870 1128 300 -1 0 0 0 -1 0 0 0 1 3004.DAT 
1 179 890 1128 540 -1 0 0 0 -1 0 0 0 1 3004.DAT 
1 0 900 1128 280 -1 0 0 0 -1 0 0 0 1 3005.dat 
1 0 930 1128 260 -1 0 0 0 -1 0 0 0 1 3004.DAT 
1 0 970 1128 260 -1 0 0 0 -1 0 0 0 1 3004.DAT 
1 72 960 1128 330 0 0 1 0 -1 0 1 0 0 3004.DAT 
1 72 960 1128 370 0 0 1 0 -1 0 1 0 0 3004.DAT 
1 0 990 1128 280 -1 0 0 0 -1 0 0 0 1 3004.DAT 
1 72 990 1128 380 -1 0 0 0 -1 0 0 0 1 3004.DAT 
1 72 1010 1128 400 -1 0 0 0 -1 0 0 0 1 3004.DAT 
1 0 1020 1128 290 0 0 1 0 -1 0 1 0 0 3004.DAT 
1 0 1050 1128 300 -1 0 0 0 -1 0 0 0 1 3004.DAT 
1 256 1050 1128 420 -1 0 0 0 -1 0 0 0 1 3004.DAT 
1 256 1070 1128 320 -1 0 0 0 -1 0 0 0 1 3004.DAT 
1 256 1070 1128 390 0 0 1 0 -1 0 1 0 0 3003.DAT 
1 256 1080 1128 350 0 0 1 0 -1 0 1 0 0 3004.DAT 
1 256 1100 1128 370 0 0 1 0 -1 0 1 0 0 3004.DAT 
1 72 730 1128 390 1 0 0 0 -1 0 0 0 -1 3001.DAT 
1 72 810 1128 370 1 0 0 0 -1 0 0 0 -1 3001.DAT 
1 72 890 1128 370 1 0 0 0 -1 0 0 0 -1 3001.DAT 
1 72 930 1128 430 0 0 1 0 -1 0 1 0 0 3001.DAT 
1 72 730 1128 520 -1 0 0 0 -1 0 0 0 1 3004.DAT 
1 72 710 1128 470 0 0 1 0 -1 0 1 0 0 3001.DAT 
1 72 690 1128 420 -1 0 0 0 -1 0 0 0 1 3004.DAT 
1 72 930 1128 480 -1 0 0 0 -1 0 0 0 1 3004.DAT 
1 72 890 1128 520 -1 0 0 0 -1 0 0 0 1 3004.DAT 
1 72 910 1128 500 -1 0 0 0 -1 0 0 0 1 3004.DAT 
1 72 760 1128 530 0 0 1 0 -1 0 1 0 0 3004.DAT 
1 72 610 1128 410 1 0 0 0 -1 0 0 0 -1 3001.DAT 
0 STEP
1 0 520 1152 390 0 0 1 0 -1 0 1 0 0 3004.DAT 
1 0 540 1152 330 0 0 1 0 -1 0 1 0 0 3004.DAT 
1 0 540 1152 370 0 0 1 0 -1 0 1 0 0 3004.DAT 
1 0 560 1152 290 0 0 1 0 -1 0 1 0 0 3004.DAT 
1 0 560 1152 320 -1 0 0 0 -1 0 0 0 1 3005.dat 
1 256 560 1152 390 0 0 1 0 -1 0 1 0 0 3004.DAT 
1 0 580 1152 270 0 0 1 0 -1 0 1 0 0 3004.DAT 
1 72 590 1152 420 -1 0 0 0 -1 0 0 0 1 3004.DAT 
1 0 610 1152 260 -1 0 0 0 -1 0 0 0 1 3004.DAT 
1 72 610 1152 440 -1 0 0 0 -1 0 0 0 1 3004.DAT 
1 0 650 1152 260 -1 0 0 0 -1 0 0 0 1 3004.DAT 
1 72 650 1152 420 -1 0 0 0 -1 0 0 0 1 3004.DAT 
1 72 640 1152 440 -1 0 0 0 -1 0 0 0 1 3005.dat 
1 72 660 1152 330 0 0 1 0 -1 0 1 0 0 3004.DAT 
1 72 660 1152 390 0 0 1 0 -1 0 1 0 0 3004.DAT 
1 0 680 1152 270 0 0 1 0 -1 0 1 0 0 3004.DAT 
1 72 680 1152 430 0 0 1 0 -1 0 1 0 0 3004.DAT 
1 0 700 1152 290 0 0 1 0 -1 0 1 0 0 3004.DAT 
1 72 700 1152 390 0 0 1 0 -1 0 1 0 0 3004.DAT 
1 72 700 1152 470 0 0 1 0 -1 0 1 0 0 3004.DAT 
1 72 710 1152 500 -1 0 0 0 -1 0 0 0 1 3004.DAT 
1 0 730 1152 320 -1 0 0 0 -1 0 0 0 1 3004.DAT 
1 72 720 1152 370 0 0 1 0 -1 0 1 0 0 3004.DAT 
1 72 730 1152 520 -1 0 0 0 -1 0 0 0 1 3004.DAT 
1 72 750 1152 360 -1 0 0 0 -1 0 0 0 1 3004.DAT 
1 72 750 1152 540 -1 0 0 0 -1 0 0 0 1 3004.DAT 
1 0 760 1152 320 -1 0 0 0 -1 0 0 0 1 3005.dat 
1 179 770 1152 560 -1 0 0 0 -1 0 0 0 1 3004.DAT 
1 0 780 1152 300 -1 0 0 0 -1 0 0 0 1 3005.dat 
1 0 800 1152 270 0 0 1 0 -1 0 1 0 0 3004.DAT 
1 179 830 1152 560 -1 0 0 0 -1 0 0 0 1 3004.DAT 
1 0 820 1152 260 -1 0 0 0 -1 0 0 0 1 3005.dat 
1 0 840 1152 280 -1 0 0 0 -1 0 0 0 1 3005.dat 
1 179 870 1152 560 -1 0 0 0 -1 0 0 0 1 3004.DAT 
1 0 870 1152 300 -1 0 0 0 -1 0 0 0 1 3004.DAT 
1 72 890 1152 360 -1 0 0 0 -1 0 0 0 1 3004.DAT 
1 0 910 1152 280 -1 0 0 0 -1 0 0 0 1 3004.DAT 
1 72 910 1152 520 -1 0 0 0 -1 0 0 0 1 3004.DAT 
1 0 930 1152 260 -1 0 0 0 -1 0 0 0 1 3004.DAT 
1 72 920 1152 370 0 0 1 0 -1 0 1 0 0 3004.DAT 
1 72 930 1152 400 -1 0 0 0 -1 0 0 0 1 3004.DAT 
1 72 920 1152 490 0 0 1 0 -1 0 1 0 0 3004.DAT 
1 72 950 1152 320 -1 0 0 0 -1 0 0 0 1 3004.DAT 
1 72 950 1152 350 0 0 1 0 -1 0 1 0 0 3003.DAT 
1 72 940 1152 430 0 0 1 0 -1 0 1 0 0 3004.DAT 
1 72 940 1152 470 0 0 1 0 -1 0 1 0 0 3004.DAT 
1 0 970 1152 260 -1 0 0 0 -1 0 0 0 1 3004.DAT 
1 0 990 1152 280 -1 0 0 0 -1 0 0 0 1 3004.DAT 
1 0 1030 1152 280 -1 0 0 0 -1 0 0 0 1 3004.DAT 
1 0 1050 1152 300 -1 0 0 0 -1 0 0 0 1 3004.DAT 
1 256 1060 1152 330 0 0 1 0 -1 0 1 0 0 3004.DAT 
1 256 1060 1152 370 0 0 1 0 -1 0 1 0 0 3004.DAT 
1 256 1080 1152 350 0 0 1 0 -1 0 1 0 0 3004.DAT 
1 256 1080 1152 380 -1 0 0 0 -1 0 0 0 1 3005.dat 
1 72 670 1152 360 -1 0 0 0 -1 0 0 0 1 3004.DAT 
1 72 990 1152 410 1 0 0 0 -1 0 0 0 -1 3001.DAT 
1 72 1040 1152 410 0 0 1 0 -1 0 1 0 0 3004.DAT 
1 72 970 1152 300 -1 0 0 0 -1 0 0 0 1 3004.DAT 
1 179 890 1152 540 -1 0 0 0 -1 0 0 0 1 3004.DAT 
1 179 800 1152 550 0 0 1 0 -1 0 1 0 0 3004.DAT 
0 STEP
1 0 520 1176 390 0 0 1 0 -1 0 1 0 0 3004.DAT 
1 0 540 1176 350 0 0 1 0 -1 0 1 0 0 3004.DAT 
1 0 540 1176 380 -1 0 0 0 -1 0 0 0 1 3005.dat 
1 0 560 1176 310 0 0 1 0 -1 0 1 0 0 3004.DAT 
1 256 560 1176 350 0 0 1 0 -1 0 1 0 0 3004.DAT 
1 256 560 1176 380 -1 0 0 0 -1 0 0 0 1 3005.dat 
1 0 580 1176 270 0 0 1 0 -1 0 1 0 0 3004.DAT 
1 72 580 1176 420 -1 0 0 0 -1 0 0 0 1 3005.dat 
1 0 610 1176 260 -1 0 0 0 -1 0 0 0 1 3004.DAT 
1 0 650 1176 260 -1 0 0 0 -1 0 0 0 1 3004.DAT 
1 72 660 1176 330 0 0 1 0 -1 0 1 0 0 3004.DAT 
1 0 680 1176 270 0 0 1 0 -1 0 1 0 0 3004.DAT 
1 72 680 1176 340 -1 0 0 0 -1 0 0 0 1 3005.dat 
1 72 680 1176 450 0 0 1 0 -1 0 1 0 0 3004.DAT 
1 0 700 1176 290 0 0 1 0 -1 0 1 0 0 3004.DAT 
1 0 720 1176 310 0 0 1 0 -1 0 1 0 0 3004.DAT 
1 72 730 1176 360 -1 0 0 0 -1 0 0 0 1 3004.DAT 
1 72 730 1176 520 -1 0 0 0 -1 0 0 0 1 3004.DAT 
1 0 750 1176 320 -1 0 0 0 -1 0 0 0 1 3004.DAT 
1 72 750 1176 540 -1 0 0 0 -1 0 0 0 1 3004.DAT 
1 179 770 1176 560 -1 0 0 0 -1 0 0 0 1 3004.DAT 
1 0 780 1176 310 0 0 1 0 -1 0 1 0 0 3004.DAT 
1 0 800 1176 290 0 0 1 0 -1 0 1 0 0 3004.DAT 
1 179 810 1176 560 -1 0 0 0 -1 0 0 0 1 3004.DAT 
1 0 830 1176 260 -1 0 0 0 -1 0 0 0 1 3004.DAT 
1 179 850 1176 560 -1 0 0 0 -1 0 0 0 1 3004.DAT 
1 0 860 1176 280 -1 0 0 0 -1 0 0 0 1 3005.dat 
1 0 890 1176 300 -1 0 0 0 -1 0 0 0 1 3004.DAT 
1 72 890 1176 340 -1 0 0 0 -1 0 0 0 1 3004.DAT 
1 179 880 1176 550 0 0 1 0 -1 0 1 0 0 3004.DAT 
1 72 910 1176 360 -1 0 0 0 -1 0 0 0 1 3004.DAT 
1 179 900 1176 540 -1 0 0 0 -1 0 0 0 1 3005.dat 
1 0 930 1176 280 -1 0 0 0 -1 0 0 0 1 3004.DAT 
1 0 950 1176 260 -1 0 0 0 -1 0 0 0 1 3004.DAT 
1 72 940 1176 390 0 0 1 0 -1 0 1 0 0 3004.DAT 
1 72 970 1176 400 -1 0 0 0 -1 0 0 0 1 3004.DAT 
1 0 990 1176 280 -1 0 0 0 -1 0 0 0 1 3004.DAT 
1 72 990 1176 420 -1 0 0 0 -1 0 0 0 1 3004.DAT 
1 0 1030 1176 280 -1 0 0 0 -1 0 0 0 1 3004.DAT 
1 0 1040 1176 310 0 0 1 0 -1 0 1 0 0 3004.DAT 
1 0 1060 1176 300 -1 0 0 0 -1 0 0 0 1 3005.dat 
1 256 1060 1176 330 0 0 1 0 -1 0 1 0 0 3004.DAT 
1 256 1060 1176 360 -1 0 0 0 -1 0 0 0 1 3005.dat 
1 72 1030 1176 370 0 0 1 0 -1 0 1 0 0 3001.DAT 
1 72 930 1176 450 0 0 1 0 -1 0 1 0 0 3001.DAT 
1 72 710 1176 470 0 0 1 0 -1 0 1 0 0 3001.DAT 
1 72 610 1176 310 1 0 0 0 -1 0 0 0 -1 3001.DAT 
1 72 690 1176 390 0 0 1 0 -1 0 1 0 0 3001.DAT 
1 72 630 1176 430 1 0 0 0 -1 0 0 0 -1 3001.DAT 
1 72 590 1176 370 0 0 1 0 -1 0 1 0 0 3001.DAT 
1 72 950 1176 330 0 0 1 0 -1 0 1 0 0 3001.DAT 
1 72 920 1176 510 0 0 1 0 -1 0 1 0 0 3004.DAT 
0 STEP
1 0 530 1200 380 -1 0 0 0 -1 0 0 0 1 3004.DAT 
1 0 550 1200 360 -1 0 0 0 -1 0 0 0 1 3004.DAT 
1 0 560 1200 310 0 0 1 0 -1 0 1 0 0 3004.DAT 
1 0 560 1200 340 -1 0 0 0 -1 0 0 0 1 3005.dat 
1 0 580 1200 290 0 0 1 0 -1 0 1 0 0 3004.DAT 
1 0 610 1200 260 -1 0 0 0 -1 0 0 0 1 3004.DAT 
1 72 640 1200 450 0 0 1 0 -1 0 1 0 0 3004.DAT 
1 72 630 1200 300 -1 0 0 0 -1 0 0 0 1 3004.DAT 
1 72 610 1200 460 -1 0 0 0 -1 0 0 0 1 3004.DAT 
1 0 650 1200 260 -1 0 0 0 -1 0 0 0 1 3004.DAT 
1 72 650 1200 320 -1 0 0 0 -1 0 0 0 1 3004.DAT 
1 72 670 1200 440 -1 0 0 0 -1 0 0 0 1 3004.DAT 
1 0 680 1200 270 0 0 1 0 -1 0 1 0 0 3004.DAT 
1 72 680 1200 350 0 0 1 0 -1 0 1 0 0 3004.DAT 
1 72 690 1200 460 -1 0 0 0 -1 0 0 0 1 3004.DAT 
1 0 700 1200 280 -1 0 0 0 -1 0 0 0 1 3005.dat 
1 72 700 1200 490 0 0 1 0 -1 0 1 0 0 3004.DAT 
1 0 720 1200 310 0 0 1 0 -1 0 1 0 0 3004.DAT 
1 72 720 1200 510 0 0 1 0 -1 0 1 0 0 3004.DAT 
1 0 750 1200 320 -1 0 0 0 -1 0 0 0 1 3004.DAT 
1 72 740 1200 530 0 0 1 0 -1 0 1 0 0 3004.DAT 
1 179 750 1200 560 -1 0 0 0 -1 0 0 0 1 3004.DAT 
1 0 780 1200 320 -1 0 0 0 -1 0 0 0 1 3005.dat 
1 179 790 1200 560 -1 0 0 0 -1 0 0 0 1 3004.DAT 
1 0 800 1200 300 -1 0 0 0 -1 0 0 0 1 3005.dat 
1 179 810 1200 580 -1 0 0 0 -1 0 0 0 1 3004.DAT 
1 0 830 1200 280 -1 0 0 0 -1 0 0 0 1 3004.DAT 
1 179 830 1200 560 -1 0 0 0 -1 0 0 0 1 3004.DAT 
1 0 840 1200 260 -1 0 0 0 -1 0 0 0 1 3005.dat 
1 0 860 1200 280 -1 0 0 0 -1 0 0 0 1 3005.dat 
1 179 870 1200 560 -1 0 0 0 -1 0 0 0 1 3004.DAT 
1 0 890 1200 300 -1 0 0 0 -1 0 0 0 1 3004.DAT 
1 0 920 1200 290 0 0 1 0 -1 0 1 0 0 3004.DAT 
1 72 920 1200 510 0 0 1 0 -1 0 1 0 0 3004.DAT 
1 0 940 1200 270 0 0 1 0 -1 0 1 0 0 3004.DAT 
1 0 960 1200 260 -1 0 0 0 -1 0 0 0 1 3005.dat 
1 0 990 1200 280 -1 0 0 0 -1 0 0 0 1 3004.DAT 
1 72 1010 1200 420 -1 0 0 0 -1 0 0 0 1 3004.DAT 
1 0 1020 1200 290 0 0 1 0 -1 0 1 0 0 3004.DAT 
1 0 1040 1200 310 0 0 1 0 -1 0 1 0 0 3004.DAT 
1 72 1040 1200 350 0 0 1 0 -1 0 1 0 0 3004.DAT 
1 72 1040 1200 390 0 0 1 0 -1 0 1 0 0 3004.DAT 
1 72 930 1200 450 0 0 1 0 -1 0 1 0 0 3001.DAT 
1 72 590 1200 410 0 0 1 0 -1 0 1 0 0 3001.DAT 
1 72 710 1200 360 -1 0 0 0 -1 0 0 0 1 3004.DAT 
1 72 980 1200 410 0 0 1 0 -1 0 1 0 0 3004.DAT 
1 72 950 1200 400 -1 0 0 0 -1 0 0 0 1 3004.DAT 
1 179 910 1200 540 -1 0 0 0 -1 0 0 0 1 3004.DAT 
0 STEP
1 0 500 1224 400 -1 0 0 0 -1 0 0 0 1 3005.dat 
1 0 530 1224 380 -1 0 0 0 -1 0 0 0 1 3004.DAT 
1 0 550 1224 360 -1 0 0 0 -1 0 0 0 1 3004.DAT 
1 0 560 1224 330 0 0 1 0 -1 0 1 0 0 3004.DAT 
1 0 580 1224 290 0 0 1 0 -1 0 1 0 0 3004.DAT 
1 0 580 1224 320 -1 0 0 0 -1 0 0 0 1 3005.dat 
1 72 580 1224 350 0 0 1 0 -1 0 1 0 0 3004.DAT 
1 0 610 1224 280 -1 0 0 0 -1 0 0 0 1 3004.DAT 
1 72 610 1224 320 -1 0 0 0 -1 0 0 0 1 3004.DAT 
1 72 610 1224 460 -1 0 0 0 -1 0 0 0 1 3004.DAT 
1 0 630 1224 260 -1 0 0 0 -1 0 0 0 1 3004.DAT 
1 0 670 1224 270 0 0 1 0 -1 0 1 0 0 3003.DAT 
1 0 700 1224 280 -1 0 0 0 -1 0 0 0 1 3005.dat 
1 72 700 1224 490 0 0 1 0 -1 0 1 0 0 3004.DAT 
1 72 710 1224 520 -1 0 0 0 -1 0 0 0 1 3004.DAT 
1 0 720 1224 300 -1 0 0 0 -1 0 0 0 1 3005.dat 
1 0 750 1224 320 -1 0 0 0 -1 0 0 0 1 3004.DAT 
1 179 750 1224 560 -1 0 0 0 -1 0 0 0 1 3004.DAT 
1 0 790 1224 320 -1 0 0 0 -1 0 0 0 1 3004.DAT 
1 0 810 1224 300 -1 0 0 0 -1 0 0 0 1 3004.DAT 
1 0 830 1224 280 -1 0 0 0 -1 0 0 0 1 3004.DAT 
1 179 850 1224 560 -1 0 0 0 -1 0 0 0 1 3004.DAT 
1 0 870 1224 280 -1 0 0 0 -1 0 0 0 1 3004.DAT 
1 0 890 1224 300 -1 0 0 0 -1 0 0 0 1 3004.DAT 
1 0 920 1224 290 0 0 1 0 -1 0 1 0 0 3004.DAT 
1 72 920 1224 510 0 0 1 0 -1 0 1 0 0 3004.DAT 
1 0 950 1224 270 0 0 1 0 -1 0 1 0 0 3003.DAT 
1 72 950 1224 390 0 0 1 0 -1 0 1 0 0 3003.DAT 
1 72 940 1224 500 -1 0 0 0 -1 0 0 0 1 3005.dat 
1 0 990 1224 280 -1 0 0 0 -1 0 0 0 1 3004.DAT 
1 0 1020 1224 290 0 0 1 0 -1 0 1 0 0 3004.DAT 
1 0 1040 1224 310 0 0 1 0 -1 0 1 0 0 3004.DAT 
1 0 1040 1224 340 -1 0 0 0 -1 0 0 0 1 3005.dat 
1 72 1040 1224 370 0 0 1 0 -1 0 1 0 0 3004.DAT 
1 179 780 1224 560 -1 0 0 0 -1 0 0 0 1 3005.dat 
1 179 800 1224 570 0 0 1 0 -1 0 1 0 0 3004.DAT 
1 179 910 1224 540 -1 0 0 0 -1 0 0 0 1 3004.DAT 
1 179 880 1224 550 0 0 1 0 -1 0 1 0 0 3004.DAT 
1 83 820 1224 570 0 0 1 0 -1 0 1 0 0 3004.DAT 
1 72 590 1224 410 0 0 1 0 -1 0 1 0 0 3001.DAT 
1 72 670 1224 450 1 0 0 0 -1 0 0 0 -1 3001.DAT 
1 72 930 1224 450 0 0 1 0 -1 0 1 0 0 3001.DAT 
1 72 1010 1224 410 1 0 0 0 -1 0 0 0 -1 3001.DAT 
1 179 730 1224 540 -1 0 0 0 -1 0 0 0 1 3004.DAT 
0 STEP
1 0 500 1248 400 -1 0 0 0 -1 0 0 0 1 3005.dat 
1 0 530 1248 380 -1 0 0 0 -1 0 0 0 1 3004.DAT 
1 0 550 1248 360 -1 0 0 0 -1 0 0 0 1 3004.DAT 
1 0 570 1248 340 -1 0 0 0 -1 0 0 0 1 3004.DAT 
1 0 580 1248 310 0 0 1 0 -1 0 1 0 0 3004.DAT 
1 72 580 1248 390 0 0 1 0 -1 0 1 0 0 3004.DAT 
1 72 580 1248 430 0 0 1 0 -1 0 1 0 0 3004.DAT 
1 0 600 1248 290 0 0 1 0 -1 0 1 0 0 3004.DAT 
1 72 610 1248 460 -1 0 0 0 -1 0 0 0 1 3004.DAT 
1 0 630 1248 280 -1 0 0 0 -1 0 0 0 1 3004.DAT 
1 72 630 1248 480 -1 0 0 0 -1 0 0 0 1 3004.DAT 
1 72 650 1248 460 -1 0 0 0 -1 0 0 0 1 3004.DAT 
1 0 670 1248 280 -1 0 0 0 -1 0 0 0 1 3004.DAT 
1 72 680 1248 490 0 0 1 0 -1 0 1 0 0 3004.DAT 
1 0 700 1248 280 -1 0 0 0 -1 0 0 0 1 3005.dat 
1 179 710 1248 540 -1 0 0 0 -1 0 0 0 1 3004.DAT 
1 0 730 1248 300 -1 0 0 0 -1 0 0 0 1 3004.DAT 
1 179 730 1248 560 -1 0 0 0 -1 0 0 0 1 3004.DAT 
1 0 750 1248 320 -1 0 0 0 -1 0 0 0 1 3004.DAT 
1 179 770 1248 560 -1 0 0 0 -1 0 0 0 1 3004.DAT 
1 0 790 1248 320 -1 0 0 0 -1 0 0 0 1 3004.DAT 
1 0 820 1248 290 0 0 1 0 -1 0 1 0 0 3004.DAT 
1 0 850 1248 280 -1 0 0 0 -1 0 0 0 1 3004.DAT 
1 179 870 1248 560 -1 0 0 0 -1 0 0 0 1 3004.DAT 
1 0 880 1248 290 0 0 1 0 -1 0 1 0 0 3004.DAT 
1 0 910 1248 300 -1 0 0 0 -1 0 0 0 1 3004.DAT 
1 0 930 1248 280 -1 0 0 0 -1 0 0 0 1 3004.DAT 
1 72 940 1248 430 0 0 1 0 -1 0 1 0 0 3004.DAT 
1 72 950 1248 470 0 0 1 0 -1 0 1 0 0 3003.DAT 
1 0 970 1248 280 -1 0 0 0 -1 0 0 0 1 3004.DAT 
1 0 1000 1248 280 -1 0 0 0 -1 0 0 0 1 3005.dat 
1 72 1010 1248 440 -1 0 0 0 -1 0 0 0 1 3004.DAT 
1 0 1030 1248 300 -1 0 0 0 -1 0 0 0 1 3004.DAT 
1 72 1030 1248 420 -1 0 0 0 -1 0 0 0 1 3004.DAT 
1 0 1040 1248 330 0 0 1 0 -1 0 1 0 0 3004.DAT 
1 72 1040 1248 360 -1 0 0 0 -1 0 0 0 1 3005.dat 
1 72 1040 1248 390 0 0 1 0 -1 0 1 0 0 3004.DAT 
1 83 830 1248 560 -1 0 0 0 -1 0 0 0 1 3004.DAT 
1 83 810 1248 580 -1 0 0 0 -1 0 0 0 1 3004.DAT 
1 72 990 1248 420 -1 0 0 0 -1 0 0 0 1 3004.DAT 
1 72 950 1248 400 -1 0 0 0 -1 0 0 0 1 3004.DAT 
1 179 950 1248 500 -1 0 0 0 -1 0 0 0 1 3004.DAT 
1 179 910 1248 530 -1 0 0 0 -1 0 0 0 1 3001.dat 
1 179 690 1248 520 -1 0 0 0 -1 0 0 0 1 3004.DAT 
0 STEP
1 0 510 1272 400 -1 0 0 0 -1 0 0 0 1 3004.DAT 
1 0 530 1272 380 -1 0 0 0 -1 0 0 0 1 3004.DAT 
1 0 550 1272 360 -1 0 0 0 -1 0 0 0 1 3004.DAT 
1 0 570 1272 340 -1 0 0 0 -1 0 0 0 1 3004.DAT 
1 0 590 1272 320 -1 0 0 0 -1 0 0 0 1 3004.DAT 
1 8 580 1272 390 0 0 1 0 -1 0 1 0 0 3004.DAT 
1 8 580 1272 420 -1 0 0 0 -1 0 0 0 1 3005.dat 
1 72 590 1272 440 -1 0 0 0 -1 0 0 0 1 3004.DAT 
1 0 600 1272 300 -1 0 0 0 -1 0 0 0 1 3005.dat 
1 72 610 1272 460 -1 0 0 0 -1 0 0 0 1 3004.DAT 
1 0 630 1272 280 -1 0 0 0 -1 0 0 0 1 3004.DAT 
1 72 630 1272 480 -1 0 0 0 -1 0 0 0 1 3004.DAT 
1 0 670 1272 280 -1 0 0 0 -1 0 0 0 1 3004.DAT 
1 0 710 1272 280 -1 0 0 0 -1 0 0 0 1 3004.DAT 
1 0 730 1272 300 -1 0 0 0 -1 0 0 0 1 3004.DAT 
1 179 710 1272 560 -1 0 0 0 -1 0 0 0 1 3004.DAT 
1 0 770 1272 320 -1 0 0 0 -1 0 0 0 1 3004.DAT 
1 0 810 1272 320 -1 0 0 0 -1 0 0 0 1 3004.DAT 
1 0 830 1272 300 -1 0 0 0 -1 0 0 0 1 3004.DAT 
1 0 850 1272 280 -1 0 0 0 -1 0 0 0 1 3004.DAT 
1 0 880 1272 290 0 0 1 0 -1 0 1 0 0 3004.DAT 
1 0 910 1272 300 -1 0 0 0 -1 0 0 0 1 3004.DAT 
1 0 950 1272 280 -1 0 0 0 -1 0 0 0 1 3004.DAT 
1 0 990 1272 280 -1 0 0 0 -1 0 0 0 1 3004.DAT 
1 179 980 1272 470 0 0 1 0 -1 0 1 0 0 3004.DAT 
1 0 1010 1272 300 -1 0 0 0 -1 0 0 0 1 3004.DAT 
1 0 1030 1272 320 -1 0 0 0 -1 0 0 0 1 3004.DAT 
1 0 1040 1272 340 -1 0 0 0 -1 0 0 0 1 3005.dat 
1 8 1040 1272 370 0 0 1 0 -1 0 1 0 0 3004.DAT 
1 83 960 1272 520 -1 0 0 0 -1 0 0 0 1 3005.dat 
1 179 940 1272 530 0 0 1 0 -1 0 1 0 0 3004.DAT 
1 179 920 1272 550 0 0 1 0 -1 0 1 0 0 3004.DAT 
1 83 690 1272 540 -1 0 0 0 -1 0 0 0 1 3004.DAT 
1 83 770 1272 580 -1 0 0 0 -1 0 0 0 1 3004.DAT 
1 83 870 1272 550 1 0 0 0 -1 0 0 0 -1 3001.DAT 
1 83 750 1272 560 -1 0 0 0 -1 0 0 0 1 3004.DAT 
1 83 820 1272 550 0 0 1 0 -1 0 1 0 0 3004.DAT 
1 83 800 1272 570 0 0 1 0 -1 0 1 0 0 3004.DAT 
1 179 690 1272 520 -1 0 0 0 -1 0 0 0 1 3004.DAT 
1 179 670 1272 500 -1 0 0 0 -1 0 0 0 1 3004.DAT 
1 179 960 1272 490 0 0 1 0 -1 0 1 0 0 3004.DAT 
1 72 1040 1272 410 0 0 1 0 -1 0 1 0 0 3004.DAT 
1 72 990 1272 430 -1 0 0 0 -1 0 0 0 1 3001.dat 
0 STEP
1 0 520 1296 390 0 0 1 0 -1 0 1 0 0 3004.DAT 
1 0 530 1296 420 -1 0 0 0 -1 0 0 0 1 3004.DAT 
1 0 540 1296 370 0 0 1 0 -1 0 1 0 0 3004.DAT 
1 0 540 1296 400 -1 0 0 0 -1 0 0 0 1 3005.dat 
1 0 560 1296 350 0 0 1 0 -1 0 1 0 0 3004.DAT 
1 0 560 1296 380 -1 0 0 0 -1 0 0 0 1 3005.dat 
1 0 580 1296 340 -1 0 0 0 -1 0 0 0 1 3005.dat 
1 8 580 1296 370 0 0 1 0 -1 0 1 0 0 3004.DAT 
1 8 580 1296 410 0 0 1 0 -1 0 1 0 0 3004.DAT 
1 8 580 1296 450 0 0 1 0 -1 0 1 0 0 3004.DAT 
1 0 600 1296 310 0 0 1 0 -1 0 1 0 0 3004.DAT 
1 8 600 1296 480 -1 0 0 0 -1 0 0 0 1 3005.dat 
1 0 630 1296 300 -1 0 0 0 -1 0 0 0 1 3004.DAT 
1 72 630 1296 480 -1 0 0 0 -1 0 0 0 1 3004.DAT 
1 0 650 1296 280 -1 0 0 0 -1 0 0 0 1 3004.DAT 
1 72 660 1296 490 0 0 1 0 -1 0 1 0 0 3004.DAT 
1 179 670 1296 520 -1 0 0 0 -1 0 0 0 1 3004.DAT 
1 0 690 1296 280 -1 0 0 0 -1 0 0 0 1 3004.DAT 
1 0 720 1296 290 0 0 1 0 -1 0 1 0 0 3004.DAT 
1 0 750 1296 300 -1 0 0 0 -1 0 0 0 1 3004.DAT 
1 0 770 1296 320 -1 0 0 0 -1 0 0 0 1 3004.DAT 
1 0 810 1296 320 -1 0 0 0 -1 0 0 0 1 3004.DAT 
1 0 830 1296 300 -1 0 0 0 -1 0 0 0 1 3004.DAT 
1 0 850 1296 280 -1 0 0 0 -1 0 0 0 1 3004.DAT 
1 0 880 1296 290 0 0 1 0 -1 0 1 0 0 3004.DAT 
1 0 910 1296 300 -1 0 0 0 -1 0 0 0 1 3004.DAT 
1 0 940 1296 290 0 0 1 0 -1 0 1 0 0 3004.DAT 
1 0 970 1296 280 -1 0 0 0 -1 0 0 0 1 3004.DAT 
1 179 980 1296 490 0 0 1 0 -1 0 1 0 0 3004.DAT 
1 0 1000 1296 290 0 0 1 0 -1 0 1 0 0 3004.DAT 
1 72 1010 1296 440 -1 0 0 0 -1 0 0 0 1 3004.DAT 
1 0 1020 1296 310 0 0 1 0 -1 0 1 0 0 3004.DAT 
1 0 1040 1296 330 0 0 1 0 -1 0 1 0 0 3004.DAT 
1 0 1040 1296 360 -1 0 0 0 -1 0 0 0 1 3005.dat 
1 8 1040 1296 380 -1 0 0 0 -1 0 0 0 1 3005.dat 
1 83 690 1296 540 -1 0 0 0 -1 0 0 0 1 3004.DAT 
1 83 730 1296 560 -1 0 0 0 -1 0 0 0 1 3004.DAT 
1 83 790 1296 580 -1 0 0 0 -1 0 0 0 1 3004.DAT 
1 83 760 1296 570 0 0 1 0 -1 0 1 0 0 3004.DAT 
1 83 810 1296 550 1 0 0 0 -1 0 0 0 -1 3001.DAT 
1 83 890 1296 550 1 0 0 0 -1 0 0 0 -1 3001.DAT 
1 83 940 1296 530 0 0 1 0 -1 0 1 0 0 3004.DAT 
1 83 960 1296 510 0 0 1 0 -1 0 1 0 0 3004.DAT 
1 72 980 1296 450 0 0 1 0 -1 0 1 0 0 3004.DAT 
1 72 1040 1296 410 0 0 1 0 -1 0 1 0 0 3004.DAT 
0 STEP
1 0 540 1320 390 0 0 1 0 -1 0 1 0 0 3004.DAT 
1 0 540 1320 420 -1 0 0 0 -1 0 0 0 1 3005.dat 
1 0 560 1320 370 0 0 1 0 -1 0 1 0 0 3004.DAT 
1 0 560 1320 450 0 0 1 0 -1 0 1 0 0 3004.DAT 
1 0 580 1320 350 0 0 1 0 -1 0 1 0 0 3004.DAT 
1 8 580 1320 390 0 0 1 0 -1 0 1 0 0 3004.DAT 
1 8 580 1320 430 0 0 1 0 -1 0 1 0 0 3004.DAT 
1 0 580 1320 460 -1 0 0 0 -1 0 0 0 1 3005.dat 
1 0 600 1320 330 0 0 1 0 -1 0 1 0 0 3004.DAT 
1 8 600 1320 470 0 0 1 0 -1 0 1 0 0 3004.DAT 
1 0 620 1320 310 0 0 1 0 -1 0 1 0 0 3004.DAT 
1 0 650 1320 300 -1 0 0 0 -1 0 0 0 1 3004.DAT 
1 0 690 1320 280 -1 0 0 0 -1 0 0 0 1 3004.DAT 
1 0 730 1320 300 -1 0 0 0 -1 0 0 0 1 3004.DAT 
1 0 760 1320 310 0 0 1 0 -1 0 1 0 0 3004.DAT 
1 0 790 1320 320 -1 0 0 0 -1 0 0 0 1 3004.DAT 
1 0 830 1320 320 -1 0 0 0 -1 0 0 0 1 3004.DAT 
1 0 850 1320 300 -1 0 0 0 -1 0 0 0 1 3004.DAT 
1 0 910 1320 300 -1 0 0 0 -1 0 0 0 1 3004.DAT 
1 0 940 1320 300 -1 0 0 0 -1 0 0 0 1 3005.dat 
1 0 970 1320 280 -1 0 0 0 -1 0 0 0 1 3004.DAT 
1 72 990 1320 460 -1 0 0 0 -1 0 0 0 1 3004.DAT 
1 0 1000 1320 290 0 0 1 0 -1 0 1 0 0 3004.DAT 
1 72 1010 1320 440 -1 0 0 0 -1 0 0 0 1 3004.DAT 
1 0 1020 1320 310 0 0 1 0 -1 0 1 0 0 3004.DAT 
1 0 1040 1320 330 0 0 1 0 -1 0 1 0 0 3004.DAT 
1 0 1040 1320 370 0 0 1 0 -1 0 1 0 0 3004.DAT 
1 8 1040 1320 410 0 0 1 0 -1 0 1 0 0 3004.DAT 
1 179 960 1320 510 0 0 1 0 -1 0 1 0 0 3004.DAT 
1 0 870 1320 280 -1 0 0 0 -1 0 0 0 1 3004.DAT 
1 83 700 1320 530 0 0 1 0 -1 0 1 0 0 3004.DAT 
1 83 750 1320 550 1 0 0 0 -1 0 0 0 -1 3001.DAT 
1 83 830 1320 550 1 0 0 0 -1 0 0 0 -1 3001.DAT 
1 83 910 1320 530 1 0 0 0 -1 0 0 0 -1 3001.DAT 
1 83 890 1320 560 -1 0 0 0 -1 0 0 0 1 3004.DAT 
1 83 790 1320 580 -1 0 0 0 -1 0 0 0 1 3004.DAT 
1 179 680 1320 530 0 0 1 0 -1 0 1 0 0 3004.DAT 
1 179 660 1320 510 0 0 1 0 -1 0 1 0 0 3004.DAT 
1 72 630 1320 470 0 0 1 0 -1 0 1 0 0 3001.DAT 
1 179 970 1320 480 -1 0 0 0 -1 0 0 0 1 3004.DAT 
0 STEP
1 0 560 1344 390 0 0 1 0 -1 0 1 0 0 3004.DAT 
1 0 560 1344 430 0 0 1 0 -1 0 1 0 0 3004.DAT 
1 0 580 1344 370 0 0 1 0 -1 0 1 0 0 3004.DAT 
1 0 580 1344 450 0 0 1 0 -1 0 1 0 0 3004.DAT 
1 0 610 1344 480 -1 0 0 0 -1 0 0 0 1 3004.DAT 
1 0 630 1344 500 -1 0 0 0 -1 0 0 0 1 3004.DAT 
1 72 670 1344 500 -1 0 0 0 -1 0 0 0 1 3004.DAT 
1 179 690 1344 520 -1 0 0 0 -1 0 0 0 1 3004.DAT 
1 179 770 1344 560 -1 0 0 0 -1 0 0 0 1 3004.DAT 
1 0 680 1344 300 -1 0 0 0 -1 0 0 0 1 3005.dat 
1 0 850 1344 300 -1 0 0 0 -1 0 0 0 1 3004.DAT 
1 0 970 1344 290 0 0 1 0 -1 0 1 0 0 3003.DAT 
1 179 960 1344 510 0 0 1 0 -1 0 1 0 0 3004.DAT 
1 72 990 1344 460 -1 0 0 0 -1 0 0 0 1 3004.DAT 
1 179 980 1344 480 -1 0 0 0 -1 0 0 0 1 3005.dat 
1 0 1000 1344 290 0 0 1 0 -1 0 1 0 0 3004.DAT 
1 0 1020 1344 310 0 0 1 0 -1 0 1 0 0 3004.DAT 
1 8 1020 1344 430 0 0 1 0 -1 0 1 0 0 3004.DAT 
1 0 1040 1344 330 0 0 1 0 -1 0 1 0 0 3004.DAT 
1 0 1040 1344 370 0 0 1 0 -1 0 1 0 0 3004.DAT 
1 0 1040 1344 400 -1 0 0 0 -1 0 0 0 1 3005.dat 
1 8 1040 1344 420 -1 0 0 0 -1 0 0 0 1 3005.dat 
1 179 870 1344 560 -1 0 0 0 -1 0 0 0 1 3004.DAT 
1 83 710 1344 540 -1 0 0 0 -1 0 0 0 1 3004.DAT 
1 83 740 1344 550 0 0 1 0 -1 0 1 0 0 3004.DAT 
1 83 930 1344 520 -1 0 0 0 -1 0 0 0 1 3004.DAT 
1 83 910 1344 540 -1 0 0 0 -1 0 0 0 1 3004.DAT 
1 83 830 1344 560 -1 0 0 0 -1 0 0 0 1 3004.DAT 
1 83 800 1344 550 0 0 1 0 -1 0 1 0 0 3004.DAT 
1 0 600 1344 350 0 0 1 0 -1 0 1 0 0 3004.DAT 
1 0 650 1344 330 1 0 0 0 -1 0 0 0 -1 3001.DAT 
1 0 730 1344 310 1 0 0 0 -1 0 0 0 -1 3001.DAT 
1 0 810 1344 330 1 0 0 0 -1 0 0 0 -1 3001.DAT 
1 0 910 1344 310 1 0 0 0 -1 0 0 0 -1 3001.DAT 
0 STEP
1 0 560 1368 390 0 0 1 0 -1 0 1 0 0 3004.DAT 
1 0 570 1368 420 -1 0 0 0 -1 0 0 0 1 3004.DAT 
1 0 580 1368 370 0 0 1 0 -1 0 1 0 0 3004.DAT 
1 0 580 1368 440 -1 0 0 0 -1 0 0 0 1 3005.dat 
1 0 610 1368 350 0 0 1 0 -1 0 1 0 0 3003.DAT 
1 0 600 1368 470 0 0 1 0 -1 0 1 0 0 3004.DAT 
1 0 640 1368 330 0 0 1 0 -1 0 1 0 0 3004.DAT 
1 0 670 1368 320 -1 0 0 0 -1 0 0 0 1 3004.DAT 
1 179 700 1368 510 0 0 1 0 -1 0 1 0 0 3004.DAT 
1 179 770 1368 550 0 0 1 0 -1 0 1 0 0 3003.DAT 
1 0 830 1368 320 -1 0 0 0 -1 0 0 0 1 3004.DAT 
1 0 850 1368 300 -1 0 0 0 -1 0 0 0 1 3004.DAT 
1 179 890 1368 540 -1 0 0 0 -1 0 0 0 1 3004.DAT 
1 0 970 1368 290 0 0 1 0 -1 0 1 0 0 3003.DAT 
1 72 970 1368 460 -1 0 0 0 -1 0 0 0 1 3004.DAT 
1 0 1000 1368 310 0 0 1 0 -1 0 1 0 0 3004.DAT 
1 0 1010 1368 440 -1 0 0 0 -1 0 0 0 1 3004.DAT 
1 0 1020 1368 320 -1 0 0 0 -1 0 0 0 1 3005.dat 
1 0 1030 1368 420 -1 0 0 0 -1 0 0 0 1 3004.DAT 
1 179 820 1368 550 0 0 1 0 -1 0 1 0 0 3004.DAT 
1 83 920 1368 540 -1 0 0 0 -1 0 0 0 1 3005.dat 
1 83 720 1368 530 0 0 1 0 -1 0 1 0 0 3004.DAT 
1 83 800 1368 550 0 0 1 0 -1 0 1 0 0 3004.DAT 
1 83 840 1368 550 0 0 1 0 -1 0 1 0 0 3004.DAT 
1 179 950 1368 480 -1 0 0 0 -1 0 0 0 1 3004.DAT 
1 179 910 1368 510 1 0 0 0 -1 0 0 0 -1 3001.DAT 
1 179 860 1368 530 0 0 1 0 -1 0 1 0 0 3004.DAT 
1 179 740 1368 530 0 0 1 0 -1 0 1 0 0 3004.DAT 
1 0 650 1368 490 1 0 0 0 -1 0 0 0 -1 3001.DAT 
1 0 770 1368 310 1 0 0 0 -1 0 0 0 -1 3001.DAT 
1 0 710 1368 310 0 0 1 0 -1 0 1 0 0 3003.DAT 
1 0 1030 1368 370 0 0 1 0 -1 0 1 0 0 3001.DAT 
1 0 910 1368 310 1 0 0 0 -1 0 0 0 -1 3001.DAT 
0 STEP
1 0 580 1392 390 0 0 1 0 -1 0 1 0 0 3004.DAT 
1 0 580 1392 430 0 0 1 0 -1 0 1 0 0 3004.DAT 
1 0 600 1392 370 0 0 1 0 -1 0 1 0 0 3004.DAT 
1 0 600 1392 410 0 0 1 0 -1 0 1 0 0 3004.DAT 
1 0 600 1392 450 0 0 1 0 -1 0 1 0 0 3004.DAT 
1 0 630 1392 360 -1 0 0 0 -1 0 0 0 1 3004.DAT 
1 0 620 1392 470 0 0 1 0 -1 0 1 0 0 3004.DAT 
1 0 650 1392 340 -1 0 0 0 -1 0 0 0 1 3004.DAT 
1 0 650 1392 490 0 0 1 0 -1 0 1 0 0 3003.DAT 
1 0 670 1392 320 -1 0 0 0 -1 0 0 0 1 3004.DAT 
1 0 690 1392 500 -1 0 0 0 -1 0 0 0 1 3004.DAT 
1 0 710 1392 320 -1 0 0 0 -1 0 0 0 1 3004.DAT 
1 0 700 1392 520 -1 0 0 0 -1 0 0 0 1 3005.dat 
1 179 720 1392 510 0 0 1 0 -1 0 1 0 0 3004.DAT 
1 0 770 1392 310 1 0 0 0 -1 0 0 0 -1 3001.DAT 
1 179 740 1392 530 0 0 1 0 -1 0 1 0 0 3004.DAT 
1 179 770 1392 540 -1 0 0 0 -1 0 0 0 1 3004.DAT 
1 83 800 1392 500 -1 0 0 0 -1 0 0 0 1 3005.dat 
1 179 810 1392 540 -1 0 0 0 -1 0 0 0 1 3004.DAT 
1 0 830 1392 300 -1 0 0 0 -1 0 0 0 1 3004.DAT 
1 179 840 1392 540 -1 0 0 0 -1 0 0 0 1 3005.dat 
1 0 870 1392 300 -1 0 0 0 -1 0 0 0 1 3004.DAT 
1 179 870 1392 520 -1 0 0 0 -1 0 0 0 1 3004.DAT 
1 0 910 1392 300 -1 0 0 0 -1 0 0 0 1 3004.DAT 
1 179 900 1392 520 -1 0 0 0 -1 0 0 0 1 3005.dat 
1 179 920 1392 500 -1 0 0 0 -1 0 0 0 1 3005.dat 
1 0 950 1392 300 -1 0 0 0 -1 0 0 0 1 3004.DAT 
1 179 940 1392 470 0 0 1 0 -1 0 1 0 0 3004.DAT 
1 0 960 1392 470 0 0 1 0 -1 0 1 0 0 3004.DAT 
1 0 990 1392 310 0 0 1 0 -1 0 1 0 0 3003.DAT 
1 0 980 1392 450 0 0 1 0 -1 0 1 0 0 3004.DAT 
1 0 1010 1392 340 -1 0 0 0 -1 0 0 0 1 3004.DAT 
1 0 1010 1392 440 -1 0 0 0 -1 0 0 0 1 3004.DAT 
1 0 1020 1392 320 -1 0 0 0 -1 0 0 0 1 3005.dat 
1 0 1020 1392 370 0 0 1 0 -1 0 1 0 0 3004.DAT 
1 0 1020 1392 410 0 0 1 0 -1 0 1 0 0 3004.DAT 
1 0 1040 1392 390 0 0 1 0 -1 0 1 0 0 3004.DAT 
0 STEP
1 0 600 1416 390 0 0 1 0 -1 0 1 0 0 3004.DAT 
1 0 600 1416 430 0 0 1 0 -1 0 1 0 0 3004.DAT 
1 0 630 1416 370 0 0 1 0 -1 0 1 0 0 3003.DAT 
1 0 620 1416 410 0 0 1 0 -1 0 1 0 0 3004.DAT 
1 0 630 1416 450 0 0 1 0 -1 0 1 0 0 3003.DAT 
1 0 650 1416 480 -1 0 0 0 -1 0 0 0 1 3004.DAT 
1 0 670 1416 350 0 0 1 0 -1 0 1 0 0 3003.DAT 
1 0 690 1416 490 0 0 1 0 -1 0 1 0 0 3003.DAT 
1 0 700 1416 330 0 0 1 0 -1 0 1 0 0 3004.DAT 
1 0 730 1416 320 -1 0 0 0 -1 0 0 0 1 3004.DAT 
1 0 720 1416 510 0 0 1 0 -1 0 1 0 0 3004.DAT 
1 0 750 1416 520 -1 0 0 0 -1 0 0 0 1 3004.DAT 
1 0 770 1416 320 -1 0 0 0 -1 0 0 0 1 3004.DAT 
1 0 780 1416 520 -1 0 0 0 -1 0 0 0 1 3005.dat 
1 0 810 1416 320 -1 0 0 0 -1 0 0 0 1 3004.DAT 
1 179 810 1416 520 -1 0 0 0 -1 0 0 0 1 3004.DAT 
1 0 830 1416 300 -1 0 0 0 -1 0 0 0 1 3004.DAT 
1 83 850 1416 520 -1 0 0 0 -1 0 0 0 1 3004.DAT 
1 0 870 1416 300 -1 0 0 0 -1 0 0 0 1 3004.DAT 
1 0 890 1416 500 -1 0 0 0 -1 0 0 0 1 3004.DAT 
1 179 880 1416 520 -1 0 0 0 -1 0 0 0 1 3005.dat 
1 0 930 1416 310 1 0 0 0 -1 0 0 0 -1 3001.DAT 
1 0 920 1416 500 -1 0 0 0 -1 0 0 0 1 3005.dat 
1 0 940 1416 470 0 0 1 0 -1 0 1 0 0 3004.DAT 
1 0 970 1416 460 -1 0 0 0 -1 0 0 0 1 3004.DAT 
1 0 990 1416 330 0 0 1 0 -1 0 1 0 0 3003.DAT 
1 0 990 1416 410 0 0 1 0 -1 0 1 0 0 3003.DAT 
1 0 990 1416 440 -1 0 0 0 -1 0 0 0 1 3004.DAT 
1 0 1000 1416 370 0 0 1 0 -1 0 1 0 0 3004.DAT 
1 0 1020 1416 350 0 0 1 0 -1 0 1 0 0 3004.DAT 
1 0 1020 1416 390 0 0 1 0 -1 0 1 0 0 3004.DAT 
0 STEP
1 0 630 1440 430 0 0 1 0 -1 0 1 0 0 3003.DAT 
1 0 640 1440 390 0 0 1 0 -1 0 1 0 0 3004.DAT 
1 0 650 1440 460 -1 0 0 0 -1 0 0 0 1 3004.DAT 
1 0 670 1440 440 -1 0 0 0 -1 0 0 0 1 3004.DAT 
1 0 690 1440 470 0 0 1 0 -1 0 1 0 0 3003.DAT 
1 83 700 1440 350 0 0 1 0 -1 0 1 0 0 3004.DAT 
1 83 700 1440 430 0 0 1 0 -1 0 1 0 0 3004.DAT 
1 0 710 1440 500 -1 0 0 0 -1 0 0 0 1 3004.DAT 
1 83 730 1440 340 -1 0 0 0 -1 0 0 0 1 3004.DAT 
1 83 720 1440 450 0 0 1 0 -1 0 1 0 0 3004.DAT 
1 0 730 1440 480 -1 0 0 0 -1 0 0 0 1 3004.DAT 
1 0 750 1440 500 -1 0 0 0 -1 0 0 0 1 3004.DAT 
1 83 810 1440 520 -1 0 0 0 -1 0 0 0 1 3004.DAT 
1 83 890 1440 460 -1 0 0 0 -1 0 0 0 1 3004.DAT 
1 0 910 1440 480 -1 0 0 0 -1 0 0 0 1 3004.DAT 
1 0 930 1440 330 0 0 1 0 -1 0 1 0 0 3003.DAT 
1 0 930 1440 450 0 0 1 0 -1 0 1 0 0 3003.DAT 
1 0 950 1440 410 0 0 1 0 -1 0 1 0 0 3003.DAT 
1 0 960 1440 330 0 0 1 0 -1 0 1 0 0 3004.DAT 
1 0 960 1440 370 0 0 1 0 -1 0 1 0 0 3004.DAT 
1 0 960 1440 440 -1 0 0 0 -1 0 0 0 1 3005.dat 
1 0 980 1440 350 0 0 1 0 -1 0 1 0 0 3004.DAT 
1 0 980 1440 390 0 0 1 0 -1 0 1 0 0 3004.DAT 
1 0 980 1440 420 -1 0 0 0 -1 0 0 0 1 3005.dat 
1 0 1000 1440 380 -1 0 0 0 -1 0 0 0 1 3005.dat 
1 83 850 1440 490 -1 0 0 0 -1 0 0 0 1 3001.dat 
1 83 780 1440 510 0 0 1 0 -1 0 1 0 0 3004.DAT 
1 83 870 1440 330 -1 0 0 0 -1 0 0 0 1 3001.dat 
1 83 790 1440 330 -1 0 0 0 -1 0 0 0 1 3001.dat 
1 0 670 1440 390 0 0 -1 0 -1 0 -1 0 0 3001.DAT 
0 STEP
1 83 680 1464 390 0 0 1 0 -1 0 1 0 0 3004.DAT 
1 83 700 1464 370 0 0 1 0 -1 0 1 0 0 3004.DAT 
1 83 700 1464 410 0 0 1 0 -1 0 1 0 0 3004.DAT 
1 83 730 1464 360 -1 0 0 0 -1 0 0 0 1 3004.DAT 
1 83 720 1464 430 0 0 1 0 -1 0 1 0 0 3004.DAT 
1 83 750 1464 340 -1 0 0 0 -1 0 0 0 1 3004.DAT 
1 83 750 1464 450 0 0 1 0 -1 0 1 0 0 3003.DAT 
1 83 770 1464 480 -1 0 0 0 -1 0 0 0 1 3004.DAT 
1 83 790 1464 340 -1 0 0 0 -1 0 0 0 1 3004.DAT 
1 83 830 1464 330 0 0 1 0 -1 0 1 0 0 3003.DAT 
1 83 830 1464 480 -1 0 0 0 -1 0 0 0 1 3004.DAT 
1 83 860 1464 330 0 0 1 0 -1 0 1 0 0 3004.DAT 
1 83 860 1464 480 -1 0 0 0 -1 0 0 0 1 3005.dat 
1 83 890 1464 340 -1 0 0 0 -1 0 0 0 1 3004.DAT 
1 83 890 1464 420 -1 0 0 0 -1 0 0 0 1 3004.DAT 
1 83 880 1464 460 -1 0 0 0 -1 0 0 0 1 3005.dat 
1 83 900 1464 320 -1 0 0 0 -1 0 0 0 1 3005.dat 
1 83 910 1464 400 -1 0 0 0 -1 0 0 0 1 3004.DAT 
1 83 900 1464 440 -1 0 0 0 -1 0 0 0 1 3005.dat 
1 83 920 1464 350 0 0 1 0 -1 0 1 0 0 3004.DAT 
1 83 930 1464 380 -1 0 0 0 -1 0 0 0 1 3004.DAT 
1 83 920 1464 420 -1 0 0 0 -1 0 0 0 1 3005.dat 
1 83 940 1464 340 -1 0 0 0 -1 0 0 0 1 3005.dat 
1 0 950 1464 360 -1 0 0 0 -1 0 0 0 1 3004.DAT 
1 0 940 1464 400 -1 0 0 0 -1 0 0 0 1 3005.dat 
1 0 960 1464 380 -1 0 0 0 -1 0 0 0 1 3005.dat 
1 83 810 1464 500 -1 0 0 0 -1 0 0 0 1 3004.DAT 
0 STEP
1 83 720 1488 390 0 0 1 0 -1 0 1 0 0 3004.DAT 
1 83 730 1488 420 -1 0 0 0 -1 0 0 0 1 3004.DAT 
1 83 740 1488 370 0 0 1 0 -1 0 1 0 0 3004.DAT 
1 83 750 1488 440 -1 0 0 0 -1 0 0 0 1 3004.DAT 
1 83 770 1488 360 -1 0 0 0 -1 0 0 0 1 3004.DAT 
1 83 770 1488 460 -1 0 0 0 -1 0 0 0 1 3004.DAT 
1 83 790 1488 340 -1 0 0 0 -1 0 0 0 1 3004.DAT 
1 83 800 1488 470 0 0 1 0 -1 0 1 0 0 3004.DAT 
1 83 830 1488 340 -1 0 0 0 -1 0 0 0 1 3004.DAT 
1 83 830 1488 480 -1 0 0 0 -1 0 0 0 1 3004.DAT 
1 83 850 1488 460 -1 0 0 0 -1 0 0 0 1 3004.DAT 
1 83 870 1488 340 -1 0 0 0 -1 0 0 0 1 3004.DAT 
1 83 880 1488 410 0 0 1 0 -1 0 1 0 0 3004.DAT 
1 83 880 1488 440 -1 0 0 0 -1 0 0 0 1 3005.dat 
1 83 900 1488 350 0 0 1 0 -1 0 1 0 0 3004.DAT 
1 83 900 1488 390 0 0 1 0 -1 0 1 0 0 3004.DAT 
0 STEP
1 83 740 1512 390 0 0 1 0 -1 0 1 0 0 3004.DAT 
1 83 750 1512 420 -1 0 0 0 -1 0 0 0 1 3004.DAT 
1 83 770 1512 370 0 0 1 0 -1 0 1 0 0 3003.DAT 
1 83 760 1512 450 0 0 1 0 -1 0 1 0 0 3004.DAT 
1 83 790 1512 460 -1 0 0 0 -1 0 0 0 1 3004.DAT 
1 68 790 1512 480 -1 0 0 0 -1 0 0 0 1 3004.DAT 
1 83 800 1512 370 0 0 1 0 -1 0 1 0 0 3004.DAT 
1 68 810 1512 500 -1 0 0 0 -1 0 0 0 1 3004.DAT 
1 83 830 1512 360 -1 0 0 0 -1 0 0 0 1 3004.DAT 
1 68 830 1512 520 -1 0 0 0 -1 0 0 0 1 3004.DAT 
1 83 850 1512 340 -1 0 0 0 -1 0 0 0 1 3004.DAT 
1 83 850 1512 380 -1 0 0 0 -1 0 0 0 1 3004.DAT 
1 68 850 1512 460 -1 0 0 0 -1 0 0 0 1 3004.DAT 
1 68 850 1512 500 -1 0 0 0 -1 0 0 0 1 3004.DAT 
1 83 870 1512 360 -1 0 0 0 -1 0 0 0 1 3004.DAT 
1 83 860 1512 430 0 0 1 0 -1 0 1 0 0 3004.DAT 
1 68 860 1512 480 -1 0 0 0 -1 0 0 0 1 3005.dat 
1 68 860 1512 520 -1 0 0 0 -1 0 0 0 1 3005.dat 
1 83 880 1512 390 0 0 1 0 -1 0 1 0 0 3004.DAT 
0 STEP
1 83 760 1536 470 0 0 1 0 -1 0 1 0 0 3004.DAT 
1 68 780 1536 480 -1 0 0 0 -1 0 0 0 1 3005.dat 
1 68 830 1536 490 1 0 0 0 -1 0 0 0 -1 3001.DAT 
1 68 830 1536 520 -1 0 0 0 -1 0 0 0 1 3004.DAT 
1 68 870 1536 460 -1 0 0 0 -1 0 0 0 1 3004.DAT 
1 68 860 1536 520 -1 0 0 0 -1 0 0 0 1 3005.dat 
1 68 880 1536 440 -1 0 0 0 -1 0 0 0 1 3005.dat 
1 68 880 1536 480 -1 0 0 0 -1 0 0 0 1 3005.dat 
1 83 770 1536 410 0 0 1 0 -1 0 1 0 0 3001.dat 
1 83 800 1536 390 0 0 1 0 -1 0 1 0 0 3004.DAT 
1 83 850 1536 390 0 0 1 0 -1 0 1 0 0 3001.dat 
1 83 820 1536 370 0 0 1 0 -1 0 1 0 0 3004.DAT 
0 STEP
1 83 740 1560 410 0 0 1 0 -1 0 1 0 0 3004.DAT 
1 83 750 1560 440 -1 0 0 0 -1 0 0 0 1 3004.DAT 
1 83 770 1560 390 0 0 1 0 -1 0 1 0 0 3003.DAT 
1 83 760 1560 470 0 0 1 0 -1 0 1 0 0 3004.DAT 
1 83 810 1560 370 0 0 1 0 -1 0 1 0 0 3003.DAT 
1 68 810 1560 490 1 0 0 0 -1 0 0 0 -1 3001.DAT 
1 83 850 1560 390 0 0 1 0 -1 0 1 0 0 3003.DAT 
1 68 860 1560 510 0 0 1 0 -1 0 1 0 0 3004.DAT 
1 68 880 1560 450 0 0 1 0 -1 0 1 0 0 3004.DAT 
1 68 830 1560 520 -1 0 0 0 -1 0 0 0 1 3004.DAT 
1 83 870 1560 420 -1 0 0 0 -1 0 0 0 1 3004.DAT 
1 68 870 1560 480 -1 0 0 0 -1 0 0 0 1 3004.DAT 
0 STEP
1 83 750 1584 460 -1 0 0 0 -1 0 0 0 1 3004.DAT 
1 83 760 1584 480 -1 0 0 0 -1 0 0 0 1 3005.dat 
1 83 780 1584 490 0 0 1 0 -1 0 1 0 0 3004.DAT 
1 83 860 1584 390 0 0 1 0 -1 0 1 0 0 3004.DAT 
1 83 810 1584 370 1 0 0 0 -1 0 0 0 -1 3001.dat 
1 83 830 1584 510 1 0 0 0 -1 0 0 0 -1 3001.dat 
1 83 870 1584 450 0 0 -1 0 -1 0 -1 0 0 3001.dat 
1 83 750 1584 410 0 0 -1 0 -1 0 -1 0 0 3001.dat 
0 STEP
1 83 740 1608 390 0 0 1 0 -1 0 1 0 0 3004.DAT 
1 83 740 1608 430 0 0 1 0 -1 0 1 0 0 3004.DAT 
1 83 750 1608 460 -1 0 0 0 -1 0 0 0 1 3004.DAT 
1 83 760 1608 370 0 0 1 0 -1 0 1 0 0 3004.DAT 
1 83 770 1608 480 -1 0 0 0 -1 0 0 0 1 3004.DAT 
1 83 790 1608 360 -1 0 0 0 -1 0 0 0 1 3004.DAT 
1 83 780 1608 500 -1 0 0 0 -1 0 0 0 1 3005.dat 
1 83 830 1608 360 -1 0 0 0 -1 0 0 0 1 3004.DAT 
1 83 830 1608 390 1 0 0 0 -1 0 0 0 -1 3001.dat 
1 83 870 1608 450 0 0 -1 0 -1 0 -1 0 0 3001.dat 
1 83 830 1608 510 1 0 0 0 -1 0 0 0 -1 3001.dat 
0 STEP
1 83 740 1632 390 0 0 1 0 -1 0 1 0 0 3004.DAT 
1 83 740 1632 430 0 0 1 0 -1 0 1 0 0 3004.DAT 
1 83 750 1632 460 -1 0 0 0 -1 0 0 0 1 3004.DAT 
1 83 760 1632 370 0 0 1 0 -1 0 1 0 0 3004.DAT 
1 83 770 1632 480 -1 0 0 0 -1 0 0 0 1 3004.DAT 
1 83 790 1632 360 -1 0 0 0 -1 0 0 0 1 3004.DAT 
1 83 780 1632 500 -1 0 0 0 -1 0 0 0 1 3005.dat 
1 83 810 1632 520 -1 0 0 0 -1 0 0 0 1 3004.DAT 
1 83 830 1632 360 -1 0 0 0 -1 0 0 0 1 3004.DAT 
1 83 850 1632 380 -1 0 0 0 -1 0 0 0 1 3004.DAT 
1 83 850 1632 500 -1 0 0 0 -1 0 0 0 1 3004.DAT 
1 83 840 1632 520 -1 0 0 0 -1 0 0 0 1 3005.dat 
1 83 860 1632 410 0 0 1 0 -1 0 1 0 0 3004.DAT 
1 83 870 1632 440 -1 0 0 0 -1 0 0 0 1 3004.DAT 
1 83 880 1632 470 0 0 1 0 -1 0 1 0 0 3004.DAT 
0 STEP
1 83 740 1656 390 0 0 1 0 -1 0 1 0 0 3004.DAT 
1 83 740 1656 430 0 0 1 0 -1 0 1 0 0 3004.DAT 
1 83 760 1656 370 0 0 1 0 -1 0 1 0 0 3004.DAT 
1 83 760 1656 450 0 0 1 0 -1 0 1 0 0 3004.DAT 
1 83 770 1656 480 -1 0 0 0 -1 0 0 0 1 3004.DAT 
1 83 790 1656 360 -1 0 0 0 -1 0 0 0 1 3004.DAT 
1 83 790 1656 500 -1 0 0 0 -1 0 0 0 1 3004.DAT 
1 83 810 1656 520 -1 0 0 0 -1 0 0 0 1 3004.DAT 
1 83 830 1656 360 -1 0 0 0 -1 0 0 0 1 3004.DAT 
1 83 830 1656 500 -1 0 0 0 -1 0 0 0 1 3004.DAT 
1 83 850 1656 380 -1 0 0 0 -1 0 0 0 1 3004.DAT 
1 83 860 1656 410 0 0 1 0 -1 0 1 0 0 3004.DAT 
1 83 860 1656 450 0 0 1 0 -1 0 1 0 0 3004.DAT 
1 83 860 1656 500 -1 0 0 0 -1 0 0 0 1 3005.dat 
1 83 880 1656 470 0 0 1 0 -1 0 1 0 0 3004.DAT 
0 STEP
1 83 740 1680 410 0 0 1 0 -1 0 1 0 0 3004.DAT 
1 83 750 1680 440 -1 0 0 0 -1 0 0 0 1 3004.DAT 
1 83 760 1680 390 0 0 1 0 -1 0 1 0 0 3004.DAT 
1 83 770 1680 470 0 0 1 0 -1 0 1 0 0 3003.DAT 
1 83 790 1680 500 -1 0 0 0 -1 0 0 0 1 3004.DAT 
1 83 830 1680 500 -1 0 0 0 -1 0 0 0 1 3004.DAT 
1 83 850 1680 480 -1 0 0 0 -1 0 0 0 1 3004.DAT 
1 83 810 1680 370 1 0 0 0 -1 0 0 0 -1 3001.dat 
1 83 850 1680 430 0 0 -1 0 -1 0 -1 0 0 3001.dat 
0 STEP
1 83 750 1704 410 0 0 1 0 -1 0 1 0 0 3003.DAT 
1 83 750 1704 440 -1 0 0 0 -1 0 0 0 1 3004.DAT 
1 83 770 1704 460 -1 0 0 0 -1 0 0 0 1 3004.DAT 
1 83 780 1704 410 0 0 1 0 -1 0 1 0 0 3004.DAT 
1 83 790 1704 440 -1 0 0 0 -1 0 0 0 1 3004.DAT 
1 83 790 1704 480 -1 0 0 0 -1 0 0 0 1 3004.DAT 
1 83 800 1704 390 0 0 1 0 -1 0 1 0 0 3004.DAT 
1 83 810 1704 420 -1 0 0 0 -1 0 0 0 1 3004.DAT 
1 83 810 1704 460 -1 0 0 0 -1 0 0 0 1 3004.DAT 
1 83 830 1704 370 0 0 1 0 -1 0 1 0 0 3003.DAT 
1 83 830 1704 400 -1 0 0 0 -1 0 0 0 1 3004.DAT 
1 83 830 1704 440 -1 0 0 0 -1 0 0 0 1 3004.DAT 
1 83 830 1704 480 -1 0 0 0 -1 0 0 0 1 3004.DAT 
1 83 850 1704 420 -1 0 0 0 -1 0 0 0 1 3004.DAT 
1 83 840 1704 460 -1 0 0 0 -1 0 0 0 1 3005.dat 
1 83 860 1704 440 -1 0 0 0 -1 0 0 0 1 3005.dat 
0 STEP
1 83 750 1728 410 0 0 1 0 -1 0 1 0 0 3003.DAT 
1 83 820 1728 370 0 0 1 0 -1 0 1 0 0 3004.DAT 
1 83 840 1728 380 -1 0 0 0 -1 0 0 0 1 3005.dat 
1 83 760 1728 440 -1 0 0 0 -1 0 0 0 1 3005.dat 
0 STEP
1 83 820 1752 370 0 0 1 0 -1 0 1 0 0 3004.DAT 
1 83 760 1752 420 -1 0 0 0 -1 0 0 0 1 3005.dat 
1 83 740 1752 420 -1 0 0 0 -1 0 0 0 1 3005.dat 
0 STEP
1 83 820 1776 380 -1 0 0 0 -1 0 0 0 1 3005.dat 
1 83 760 1776 420 -1 0 0 0 -1 0 0 0 1 3005.dat 
1 28 660 1032 490 0 0 1 0 -1 0 1 0 0 3004.DAT 
1 28 660 1056 490 0 0 1 0 -1 0 1 0 0 3004.DAT 
0 STEP