0 Captain America
0 Name: 
0 Author: 
1 256 40 24 610 0 0 1 0 -1 0 1 0 0 3004.DAT 
1 256 40 24 650 0 0 1 0 -1 0 1 0 0 3004.DAT 
1 256 60 24 570 0 0 1 0 -1 0 1 0 0 3004.DAT 
1 256 60 24 670 0 0 1 0 -1 0 1 0 0 3004.DAT 
1 256 70 24 700 -1 0 0 0 -1 0 0 0 1 3004.DAT 
1 256 80 24 510 0 0 1 0 -1 0 1 0 0 3004.DAT 
1 256 100 24 470 0 0 1 0 -1 0 1 0 0 3004.DAT 
1 256 110 24 550 0 0 1 0 -1 0 1 0 0 3001.DAT 
1 256 110 24 700 -1 0 0 0 -1 0 0 0 1 3004.DAT 
1 256 130 24 460 -1 0 0 0 -1 0 0 0 1 3004.DAT 
1 256 120 24 670 0 0 1 0 -1 0 1 0 0 3004.DAT 
1 256 140 24 550 0 0 1 0 -1 0 1 0 0 3004.DAT 
1 256 140 24 630 0 0 1 0 -1 0 1 0 0 3004.DAT 
1 256 140 24 660 -1 0 0 0 -1 0 0 0 1 3005.dat 
1 256 160 24 470 0 0 1 0 -1 0 1 0 0 3004.DAT 
1 256 580 24 30 0 0 1 0 -1 0 1 0 0 3004.DAT 
1 256 590 24 60 -1 0 0 0 -1 0 0 0 1 3004.DAT 
1 256 610 24 10 0 0 1 0 -1 0 1 0 0 3003.DAT 
1 256 610 24 80 -1 0 0 0 -1 0 0 0 1 3004.DAT 
1 256 650 24 120 -1 0 0 0 -1 0 0 0 1 3004.DAT 
1 256 670 24 60 -1 0 0 0 -1 0 0 0 1 3004.DAT 
1 256 670 24 140 -1 0 0 0 -1 0 0 0 1 3004.DAT 
1 256 690 24 80 -1 0 0 0 -1 0 0 0 1 3004.DAT 
1 256 680 24 170 0 0 1 0 -1 0 1 0 0 3004.DAT 
1 256 710 24 100 -1 0 0 0 -1 0 0 0 1 3004.DAT 
1 256 700 24 190 0 0 1 0 -1 0 1 0 0 3004.DAT 
1 256 720 24 80 -1 0 0 0 -1 0 0 0 1 3005.dat 
1 256 720 24 210 0 0 1 0 -1 0 1 0 0 3004.DAT 
1 256 750 24 130 0 0 1 0 -1 0 1 0 0 3001.DAT 
1 256 750 24 190 0 0 1 0 -1 0 1 0 0 3003.DAT 
1 256 750 24 220 -1 0 0 0 -1 0 0 0 1 3004.DAT 
1 256 780 24 150 0 0 1 0 -1 0 1 0 0 3004.DAT 
1 256 780 24 190 0 0 1 0 -1 0 1 0 0 3004.DAT 
1 320 80 24 550 0 0 1 0 -1 0 1 0 0 3004.DAT 
1 320 160 24 510 0 0 1 0 -1 0 1 0 0 3004.DAT 
1 320 630 24 100 -1 0 0 0 -1 0 0 0 1 3004.DAT 
1 320 650 24 30 0 0 1 0 -1 0 1 0 0 3003.DAT 
1 256 140 24 590 0 0 1 0 -1 0 1 0 0 3004.DAT 
0 STEP
1 256 40 48 610 0 0 1 0 -1 0 1 0 0 3004.DAT 
1 256 40 48 650 0 0 1 0 -1 0 1 0 0 3004.DAT 
1 256 60 48 570 0 0 1 0 -1 0 1 0 0 3004.DAT 
1 256 60 48 690 0 0 1 0 -1 0 1 0 0 3004.DAT 
1 256 80 48 510 0 0 1 0 -1 0 1 0 0 3004.DAT 
1 256 90 48 700 -1 0 0 0 -1 0 0 0 1 3004.DAT 
1 256 100 48 470 0 0 1 0 -1 0 1 0 0 3004.DAT 
1 256 110 48 680 -1 0 0 0 -1 0 0 0 1 3004.DAT 
1 256 130 48 460 -1 0 0 0 -1 0 0 0 1 3004.DAT 
1 256 130 48 660 -1 0 0 0 -1 0 0 0 1 3004.DAT 
1 256 140 48 550 0 0 1 0 -1 0 1 0 0 3004.DAT 
1 256 140 48 590 0 0 1 0 -1 0 1 0 0 3004.DAT 
1 256 140 48 630 0 0 1 0 -1 0 1 0 0 3004.DAT 
1 256 160 48 470 0 0 1 0 -1 0 1 0 0 3004.DAT 
1 256 160 48 540 -1 0 0 0 -1 0 0 0 1 3005.dat 
1 256 580 48 30 0 0 1 0 -1 0 1 0 0 3004.DAT 
1 256 590 48 60 -1 0 0 0 -1 0 0 0 1 3004.DAT 
1 256 610 48 0 -1 0 0 0 -1 0 0 0 1 3004.DAT 
1 256 610 48 80 -1 0 0 0 -1 0 0 0 1 3004.DAT 
1 256 650 48 20 -1 0 0 0 -1 0 0 0 1 3004.DAT 
1 256 650 48 120 -1 0 0 0 -1 0 0 0 1 3004.DAT 
1 256 670 48 140 -1 0 0 0 -1 0 0 0 1 3004.DAT 
1 256 690 48 60 -1 0 0 0 -1 0 0 0 1 3004.DAT 
1 256 680 48 170 0 0 1 0 -1 0 1 0 0 3004.DAT 
1 256 710 48 80 -1 0 0 0 -1 0 0 0 1 3004.DAT 
1 256 700 48 190 0 0 1 0 -1 0 1 0 0 3004.DAT 
1 256 720 48 200 -1 0 0 0 -1 0 0 0 1 3005.dat 
1 256 740 48 90 0 0 1 0 -1 0 1 0 0 3004.DAT 
1 256 750 48 220 -1 0 0 0 -1 0 0 0 1 3004.DAT 
1 256 760 48 110 0 0 1 0 -1 0 1 0 0 3004.DAT 
1 256 770 48 140 -1 0 0 0 -1 0 0 0 1 3004.DAT 
1 256 770 48 200 -1 0 0 0 -1 0 0 0 1 3004.DAT 
1 256 780 48 170 0 0 1 0 -1 0 1 0 0 3004.DAT 
1 320 80 48 540 -1 0 0 0 -1 0 0 0 1 3005.dat 
1 320 160 48 510 0 0 1 0 -1 0 1 0 0 3004.DAT 
1 320 630 48 100 -1 0 0 0 -1 0 0 0 1 3004.DAT 
1 320 670 48 40 -1 0 0 0 -1 0 0 0 1 3004.DAT 
0 STEP
1 256 40 72 610 0 0 1 0 -1 0 1 0 0 3004.DAT 
1 256 60 72 590 0 0 1 0 -1 0 1 0 0 3004.DAT 
1 256 60 72 630 0 0 1 0 -1 0 1 0 0 3004.DAT 
1 256 60 72 670 0 0 1 0 -1 0 1 0 0 3004.DAT 
1 256 80 72 510 0 0 1 0 -1 0 1 0 0 3004.DAT 
1 256 90 72 670 0 0 1 0 -1 0 1 0 0 3001.DAT 
1 256 100 72 470 0 0 1 0 -1 0 1 0 0 3004.DAT 
1 256 130 72 460 -1 0 0 0 -1 0 0 0 1 3004.DAT 
1 256 120 72 630 0 0 1 0 -1 0 1 0 0 3004.DAT 
1 256 120 72 670 0 0 1 0 -1 0 1 0 0 3004.DAT 
1 256 140 72 550 0 0 1 0 -1 0 1 0 0 3004.DAT 
1 256 140 72 590 0 0 1 0 -1 0 1 0 0 3004.DAT 
1 256 140 72 620 -1 0 0 0 -1 0 0 0 1 3005.dat 
1 256 160 72 470 0 0 1 0 -1 0 1 0 0 3004.DAT 
1 256 160 72 540 -1 0 0 0 -1 0 0 0 1 3005.dat 
1 256 580 72 30 0 0 1 0 -1 0 1 0 0 3004.DAT 
1 256 580 72 60 -1 0 0 0 -1 0 0 0 1 3005.dat 
1 256 610 72 0 -1 0 0 0 -1 0 0 0 1 3004.DAT 
1 256 600 72 80 -1 0 0 0 -1 0 0 0 1 3005.dat 
1 256 640 72 20 -1 0 0 0 -1 0 0 0 1 3005.dat 
1 256 640 72 120 -1 0 0 0 -1 0 0 0 1 3005.dat 
1 256 660 72 140 -1 0 0 0 -1 0 0 0 1 3005.dat 
1 256 680 72 60 -1 0 0 0 -1 0 0 0 1 3005.dat 
1 256 680 72 170 0 0 1 0 -1 0 1 0 0 3004.DAT 
1 256 710 72 80 -1 0 0 0 -1 0 0 0 1 3004.DAT 
1 256 700 72 190 0 0 1 0 -1 0 1 0 0 3004.DAT 
1 256 730 72 200 -1 0 0 0 -1 0 0 0 1 3004.DAT 
1 256 740 72 110 0 0 1 0 -1 0 1 0 0 3004.DAT 
1 256 750 72 220 -1 0 0 0 -1 0 0 0 1 3004.DAT 
1 256 760 72 130 0 0 1 0 -1 0 1 0 0 3004.DAT 
1 256 760 72 170 0 0 1 0 -1 0 1 0 0 3004.DAT 
1 256 770 72 200 -1 0 0 0 -1 0 0 0 1 3004.DAT 
1 256 780 72 150 0 0 1 0 -1 0 1 0 0 3004.DAT 
1 256 780 72 180 -1 0 0 0 -1 0 0 0 1 3005.dat 
1 320 60 72 550 0 0 1 0 -1 0 1 0 0 3004.DAT 
1 320 160 72 510 0 0 1 0 -1 0 1 0 0 3004.DAT 
1 320 620 72 100 -1 0 0 0 -1 0 0 0 1 3005.dat 
1 320 670 72 40 -1 0 0 0 -1 0 0 0 1 3004.DAT 
0 STEP
1 256 60 96 590 0 0 1 0 -1 0 1 0 0 3004.DAT 
1 256 90 96 610 0 0 1 0 -1 0 1 0 0 3003.DAT 
1 256 90 96 640 -1 0 0 0 -1 0 0 0 1 3004.DAT 
1 256 100 96 470 0 0 1 0 -1 0 1 0 0 3004.DAT 
1 256 130 96 460 -1 0 0 0 -1 0 0 0 1 3004.DAT 
1 256 120 96 610 0 0 1 0 -1 0 1 0 0 3004.DAT 
1 256 140 96 570 0 0 1 0 -1 0 1 0 0 3004.DAT 
1 256 140 96 600 -1 0 0 0 -1 0 0 0 1 3005.dat 
1 256 160 96 470 0 0 1 0 -1 0 1 0 0 3004.DAT 
1 256 160 96 540 -1 0 0 0 -1 0 0 0 1 3005.dat 
1 256 580 96 30 0 0 1 0 -1 0 1 0 0 3004.DAT 
1 256 580 96 60 -1 0 0 0 -1 0 0 0 1 3005.dat 
1 256 610 96 10 0 0 1 0 -1 0 1 0 0 3003.DAT 
1 256 640 96 20 -1 0 0 0 -1 0 0 0 1 3005.dat 
1 256 640 96 120 -1 0 0 0 -1 0 0 0 1 3005.dat 
1 256 660 96 150 0 0 1 0 -1 0 1 0 0 3004.DAT 
1 256 680 96 60 -1 0 0 0 -1 0 0 0 1 3005.dat 
1 256 690 96 160 -1 0 0 0 -1 0 0 0 1 3004.DAT 
1 256 710 96 80 -1 0 0 0 -1 0 0 0 1 3004.DAT 
1 256 710 96 140 -1 0 0 0 -1 0 0 0 1 3004.DAT 
1 256 710 96 180 -1 0 0 0 -1 0 0 0 1 3004.DAT 
1 256 720 96 110 0 0 1 0 -1 0 1 0 0 3004.DAT 
1 256 730 96 160 -1 0 0 0 -1 0 0 0 1 3004.DAT 
1 256 730 96 200 -1 0 0 0 -1 0 0 0 1 3004.DAT 
1 256 750 96 130 0 0 1 0 -1 0 1 0 0 3003.DAT 
1 256 750 96 180 -1 0 0 0 -1 0 0 0 1 3004.DAT 
1 256 760 96 160 -1 0 0 0 -1 0 0 0 1 3005.dat 
1 256 760 96 200 -1 0 0 0 -1 0 0 0 1 3005.dat 
1 320 60 96 550 0 0 1 0 -1 0 1 0 0 3004.DAT 
1 320 80 96 490 0 0 1 0 -1 0 1 0 0 3004.DAT 
1 320 80 96 520 -1 0 0 0 -1 0 0 0 1 3005.dat 
1 320 160 96 510 0 0 1 0 -1 0 1 0 0 3004.DAT 
1 320 600 96 90 0 0 1 0 -1 0 1 0 0 3004.DAT 
1 320 620 96 100 -1 0 0 0 -1 0 0 0 1 3005.dat 
1 320 660 96 40 -1 0 0 0 -1 0 0 0 1 3005.dat 
0 STEP
1 256 70 120 580 -1 0 0 0 -1 0 0 0 1 3004.DAT 
1 256 80 120 510 0 0 1 0 -1 0 1 0 0 3004.DAT 
1 256 90 120 600 -1 0 0 0 -1 0 0 0 1 3004.DAT 
1 256 100 120 500 -1 0 0 0 -1 0 0 0 1 3005.dat 
1 256 110 120 580 -1 0 0 0 -1 0 0 0 1 3004.DAT 
1 256 120 120 600 -1 0 0 0 -1 0 0 0 1 3005.dat 
1 256 140 120 570 0 0 1 0 -1 0 1 0 0 3004.DAT 
1 256 160 120 510 0 0 1 0 -1 0 1 0 0 3004.DAT 
1 256 580 120 30 0 0 1 0 -1 0 1 0 0 3004.DAT 
1 256 610 120 20 -1 0 0 0 -1 0 0 0 1 3004.DAT 
1 256 600 120 90 0 0 1 0 -1 0 1 0 0 3004.DAT 
1 256 660 120 40 -1 0 0 0 -1 0 0 0 1 3005.dat 
1 256 660 120 130 0 0 1 0 -1 0 1 0 0 3004.DAT 
1 256 690 120 140 -1 0 0 0 -1 0 0 0 1 3004.DAT 
1 256 700 120 90 0 0 1 0 -1 0 1 0 0 3004.DAT 
1 256 710 120 120 -1 0 0 0 -1 0 0 0 1 3004.DAT 
1 320 70 120 540 -1 0 0 0 -1 0 0 0 1 3004.DAT 
1 320 80 120 560 -1 0 0 0 -1 0 0 0 1 3005.dat 
1 320 100 120 470 0 0 1 0 -1 0 1 0 0 3004.DAT 
1 320 130 120 460 -1 0 0 0 -1 0 0 0 1 3004.DAT 
1 320 150 120 480 -1 0 0 0 -1 0 0 0 1 3004.DAT 
1 320 160 120 550 0 0 1 0 -1 0 1 0 0 3004.DAT 
1 320 580 120 70 0 0 1 0 -1 0 1 0 0 3004.DAT 
1 320 630 120 120 -1 0 0 0 -1 0 0 0 1 3004.DAT 
1 320 640 120 30 0 0 1 0 -1 0 1 0 0 3004.DAT 
1 320 680 120 70 0 0 1 0 -1 0 1 0 0 3004.DAT 
0 STEP
1 256 80 144 510 0 0 1 0 -1 0 1 0 0 3004.DAT 
1 256 100 144 470 0 0 1 0 -1 0 1 0 0 3004.DAT 
1 256 100 144 560 -1 0 0 0 -1 0 0 0 1 3005.dat 
1 256 120 144 460 -1 0 0 0 -1 0 0 0 1 3005.dat 
1 256 150 144 480 -1 0 0 0 -1 0 0 0 1 3004.DAT 
1 256 150 144 560 -1 0 0 0 -1 0 0 0 1 3004.DAT 
1 256 160 144 510 0 0 1 0 -1 0 1 0 0 3004.DAT 
1 256 160 144 540 -1 0 0 0 -1 0 0 0 1 3005.dat 
1 256 600 144 90 0 0 1 0 -1 0 1 0 0 3004.DAT 
1 256 610 144 120 -1 0 0 0 -1 0 0 0 1 3004.DAT 
1 256 650 144 40 -1 0 0 0 -1 0 0 0 1 3004.DAT 
1 256 670 144 60 -1 0 0 0 -1 0 0 0 1 3004.DAT 
1 320 80 144 550 0 0 1 0 -1 0 1 0 0 3004.DAT 
1 320 90 144 580 -1 0 0 0 -1 0 0 0 1 3004.DAT 
1 320 130 144 580 -1 0 0 0 -1 0 0 0 1 3004.DAT 
1 320 580 144 50 0 0 1 0 -1 0 1 0 0 3004.DAT 
1 320 600 144 30 0 0 1 0 -1 0 1 0 0 3004.DAT 
1 320 620 144 20 -1 0 0 0 -1 0 0 0 1 3005.dat 
1 320 650 144 120 -1 0 0 0 -1 0 0 0 1 3004.DAT 
1 320 680 144 90 0 0 1 0 -1 0 1 0 0 3004.DAT 
1 320 680 144 120 -1 0 0 0 -1 0 0 0 1 3005.dat 
1 320 700 144 100 -1 0 0 0 -1 0 0 0 1 3005.dat 
0 STEP
1 256 80 168 510 0 0 1 0 -1 0 1 0 0 3004.DAT 
1 256 80 168 550 0 0 1 0 -1 0 1 0 0 3004.DAT 
1 256 100 168 480 -1 0 0 0 -1 0 0 0 1 3005.dat 
1 256 110 168 560 -1 0 0 0 -1 0 0 0 1 3004.DAT 
1 256 120 168 460 -1 0 0 0 -1 0 0 0 1 3005.dat 
1 256 140 168 480 -1 0 0 0 -1 0 0 0 1 3005.dat 
1 256 140 168 550 0 0 1 0 -1 0 1 0 0 3004.DAT 
1 256 160 168 510 0 0 1 0 -1 0 1 0 0 3004.DAT 
1 256 160 168 540 -1 0 0 0 -1 0 0 0 1 3005.dat 
1 256 580 168 70 0 0 1 0 -1 0 1 0 0 3004.DAT 
1 256 610 168 30 0 0 1 0 -1 0 1 0 0 3003.DAT 
1 256 600 168 90 0 0 1 0 -1 0 1 0 0 3004.DAT 
1 256 610 168 120 -1 0 0 0 -1 0 0 0 1 3004.DAT 
1 256 630 168 140 -1 0 0 0 -1 0 0 0 1 3004.DAT 
1 256 640 168 40 -1 0 0 0 -1 0 0 0 1 3005.dat 
1 256 650 168 120 -1 0 0 0 -1 0 0 0 1 3004.DAT 
1 256 660 168 70 0 0 1 0 -1 0 1 0 0 3004.DAT 
1 256 660 168 100 -1 0 0 0 -1 0 0 0 1 3005.dat 
1 256 660 168 140 -1 0 0 0 -1 0 0 0 1 3005.dat 
0 STEP
1 256 80 192 530 0 0 1 0 -1 0 1 0 0 3004.DAT 
1 256 100 192 490 0 0 1 0 -1 0 1 0 0 3004.DAT 
1 256 110 192 560 -1 0 0 0 -1 0 0 0 1 3004.DAT 
1 256 130 192 480 -1 0 0 0 -1 0 0 0 1 3004.DAT 
1 256 140 192 550 0 0 1 0 -1 0 1 0 0 3004.DAT 
1 256 160 192 510 0 0 1 0 -1 0 1 0 0 3004.DAT 
1 256 580 192 70 0 0 1 0 -1 0 1 0 0 3004.DAT 
1 256 600 192 50 0 0 1 0 -1 0 1 0 0 3004.DAT 
1 256 600 192 110 0 0 1 0 -1 0 1 0 0 3004.DAT 
1 256 610 192 140 -1 0 0 0 -1 0 0 0 1 3004.DAT 
1 256 630 192 40 -1 0 0 0 -1 0 0 0 1 3004.DAT 
1 256 630 192 160 -1 0 0 0 -1 0 0 0 1 3004.DAT 
1 256 650 192 60 -1 0 0 0 -1 0 0 0 1 3004.DAT 
1 256 650 192 140 -1 0 0 0 -1 0 0 0 1 3004.DAT 
1 256 660 192 90 0 0 1 0 -1 0 1 0 0 3004.DAT 
1 256 660 192 120 -1 0 0 0 -1 0 0 0 1 3005.dat 
1 256 660 192 160 -1 0 0 0 -1 0 0 0 1 3005.dat 
0 STEP
1 256 80 216 530 0 0 1 0 -1 0 1 0 0 3004.DAT 
1 256 100 216 490 0 0 1 0 -1 0 1 0 0 3004.DAT 
1 256 110 216 560 -1 0 0 0 -1 0 0 0 1 3004.DAT 
1 256 120 216 470 0 0 1 0 -1 0 1 0 0 3004.DAT 
1 256 140 216 480 -1 0 0 0 -1 0 0 0 1 3005.dat 
1 256 140 216 560 -1 0 0 0 -1 0 0 0 1 3005.dat 
1 256 160 216 510 0 0 1 0 -1 0 1 0 0 3004.DAT 
1 256 160 216 540 -1 0 0 0 -1 0 0 0 1 3005.dat 
1 256 580 216 70 0 0 1 0 -1 0 1 0 0 3004.DAT 
1 256 580 216 110 0 0 1 0 -1 0 1 0 0 3004.DAT 
1 256 580 216 150 0 0 1 0 -1 0 1 0 0 3004.DAT 
1 256 600 216 60 -1 0 0 0 -1 0 0 0 1 3005.dat 
1 256 600 216 130 0 0 1 0 -1 0 1 0 0 3004.DAT 
1 256 610 216 160 -1 0 0 0 -1 0 0 0 1 3004.DAT 
1 256 620 216 40 -1 0 0 0 -1 0 0 0 1 3005.dat 
1 256 640 216 70 0 0 1 0 -1 0 1 0 0 3004.DAT 
1 256 650 216 160 -1 0 0 0 -1 0 0 0 1 3004.DAT 
1 256 660 216 90 0 0 1 0 -1 0 1 0 0 3004.DAT 
1 256 670 216 130 0 0 1 0 -1 0 1 0 0 3003.DAT 
0 STEP
1 256 80 240 510 0 0 1 0 -1 0 1 0 0 3004.DAT 
1 256 80 240 550 0 0 1 0 -1 0 1 0 0 3004.DAT 
1 256 100 240 470 0 0 1 0 -1 0 1 0 0 3004.DAT 
1 256 110 240 570 0 0 1 0 -1 0 1 0 0 3003.DAT 
1 256 130 240 460 -1 0 0 0 -1 0 0 0 1 3004.DAT 
1 256 150 240 480 -1 0 0 0 -1 0 0 0 1 3004.DAT 
1 256 150 240 560 -1 0 0 0 -1 0 0 0 1 3004.DAT 
1 256 160 240 510 0 0 1 0 -1 0 1 0 0 3004.DAT 
1 256 160 240 540 -1 0 0 0 -1 0 0 0 1 3005.dat 
1 256 580 240 90 0 0 1 0 -1 0 1 0 0 3004.DAT 
1 256 580 240 130 0 0 1 0 -1 0 1 0 0 3004.DAT 
1 256 600 240 70 0 0 1 0 -1 0 1 0 0 3004.DAT 
1 256 600 240 170 0 0 1 0 -1 0 1 0 0 3004.DAT 
1 256 630 240 60 -1 0 0 0 -1 0 0 0 1 3004.DAT 
1 256 630 240 180 -1 0 0 0 -1 0 0 0 1 3004.DAT 
1 256 650 240 80 -1 0 0 0 -1 0 0 0 1 3004.DAT 
1 256 660 240 100 -1 0 0 0 -1 0 0 0 1 3005.dat 
1 256 660 240 170 0 0 1 0 -1 0 1 0 0 3004.DAT 
1 256 680 240 130 0 0 1 0 -1 0 1 0 0 3004.DAT 
1 256 680 240 160 -1 0 0 0 -1 0 0 0 1 3005.dat 
0 STEP
1 256 80 264 490 0 0 1 0 -1 0 1 0 0 3004.DAT 
1 256 80 264 530 0 0 1 0 -1 0 1 0 0 3004.DAT 
1 256 90 264 560 -1 0 0 0 -1 0 0 0 1 3004.DAT 
1 256 100 264 470 0 0 1 0 -1 0 1 0 0 3004.DAT 
1 256 110 264 580 -1 0 0 0 -1 0 0 0 1 3004.DAT 
1 256 130 264 460 -1 0 0 0 -1 0 0 0 1 3004.DAT 
1 256 140 264 580 -1 0 0 0 -1 0 0 0 1 3005.dat 
1 256 160 264 470 0 0 1 0 -1 0 1 0 0 3004.DAT 
1 256 170 264 510 0 0 1 0 -1 0 1 0 0 3003.DAT 
1 256 160 264 550 0 0 1 0 -1 0 1 0 0 3004.DAT 
1 256 580 264 90 0 0 1 0 -1 0 1 0 0 3004.DAT 
1 256 580 264 130 0 0 1 0 -1 0 1 0 0 3004.DAT 
1 256 590 264 170 0 0 1 0 -1 0 1 0 0 3003.DAT 
1 256 600 264 70 0 0 1 0 -1 0 1 0 0 3004.DAT 
1 256 630 264 60 -1 0 0 0 -1 0 0 0 1 3004.DAT 
1 256 620 264 190 0 0 1 0 -1 0 1 0 0 3004.DAT 
1 256 640 264 80 -1 0 0 0 -1 0 0 0 1 3005.dat 
1 256 650 264 200 -1 0 0 0 -1 0 0 0 1 3004.DAT 
1 256 660 264 100 -1 0 0 0 -1 0 0 0 1 3005.dat 
1 256 670 264 180 -1 0 0 0 -1 0 0 0 1 3004.DAT 
1 256 680 264 130 0 0 1 0 -1 0 1 0 0 3004.DAT 
1 256 680 264 160 -1 0 0 0 -1 0 0 0 1 3005.dat 
0 STEP
1 256 80 288 490 0 0 1 0 -1 0 1 0 0 3004.DAT 
1 256 80 288 530 0 0 1 0 -1 0 1 0 0 3004.DAT 
1 256 90 288 560 -1 0 0 0 -1 0 0 0 1 3004.DAT 
1 256 100 288 470 0 0 1 0 -1 0 1 0 0 3004.DAT 
1 256 110 288 580 -1 0 0 0 -1 0 0 0 1 3004.DAT 
1 256 130 288 460 -1 0 0 0 -1 0 0 0 1 3004.DAT 
1 256 140 288 580 -1 0 0 0 -1 0 0 0 1 3005.dat 
1 256 160 288 470 0 0 1 0 -1 0 1 0 0 3004.DAT 
1 256 170 288 530 0 0 1 0 -1 0 1 0 0 3001.DAT 
1 256 570 288 130 0 0 1 0 -1 0 1 0 0 3003.DAT 
1 256 570 288 160 -1 0 0 0 -1 0 0 0 1 3004.DAT 
1 256 580 288 90 0 0 1 0 -1 0 1 0 0 3004.DAT 
1 256 610 288 70 0 0 1 0 -1 0 1 0 0 3003.DAT 
1 256 600 288 200 -1 0 0 0 -1 0 0 0 1 3005.dat 
1 256 630 288 220 -1 0 0 0 -1 0 0 0 1 3004.DAT 
1 256 640 288 70 0 0 1 0 -1 0 1 0 0 3004.DAT 
1 256 660 288 100 -1 0 0 0 -1 0 0 0 1 3005.dat 
1 256 660 288 210 0 0 1 0 -1 0 1 0 0 3004.DAT 
1 256 680 288 130 0 0 1 0 -1 0 1 0 0 3004.DAT 
1 256 680 288 170 0 0 1 0 -1 0 1 0 0 3004.DAT 
1 320 580 288 190 0 0 1 0 -1 0 1 0 0 3004.DAT 
0 STEP
1 256 80 312 470 0 0 1 0 -1 0 1 0 0 3004.DAT 
1 256 80 312 510 0 0 1 0 -1 0 1 0 0 3004.DAT 
1 256 80 312 550 0 0 1 0 -1 0 1 0 0 3004.DAT 
1 256 110 312 460 -1 0 0 0 -1 0 0 0 1 3004.DAT 
1 256 110 312 580 -1 0 0 0 -1 0 0 0 1 3004.DAT 
1 256 150 312 460 -1 0 0 0 -1 0 0 0 1 3004.DAT 
1 256 140 312 580 -1 0 0 0 -1 0 0 0 1 3005.dat 
1 256 170 312 480 -1 0 0 0 -1 0 0 0 1 3004.DAT 
1 256 160 312 550 0 0 1 0 -1 0 1 0 0 3004.DAT 
1 256 180 312 510 0 0 1 0 -1 0 1 0 0 3004.DAT 
1 256 180 312 540 -1 0 0 0 -1 0 0 0 1 3005.dat 
1 256 560 312 130 0 0 1 0 -1 0 1 0 0 3004.DAT 
1 256 580 312 90 0 0 1 0 -1 0 1 0 0 3004.DAT 
1 256 610 312 80 -1 0 0 0 -1 0 0 0 1 3004.DAT 
1 256 610 312 220 -1 0 0 0 -1 0 0 0 1 3004.DAT 
1 256 620 312 240 -1 0 0 0 -1 0 0 0 1 3005.dat 
1 256 640 312 90 0 0 1 0 -1 0 1 0 0 3004.DAT 
1 256 650 312 220 -1 0 0 0 -1 0 0 0 1 3004.DAT 
1 256 660 312 110 0 0 1 0 -1 0 1 0 0 3004.DAT 
1 256 680 312 150 0 0 1 0 -1 0 1 0 0 3004.DAT 
1 256 680 312 190 0 0 1 0 -1 0 1 0 0 3004.DAT 
1 320 560 312 170 0 0 1 0 -1 0 1 0 0 3004.DAT 
1 320 580 312 190 0 0 1 0 -1 0 1 0 0 3004.DAT 
0 STEP
1 256 60 336 510 0 0 1 0 -1 0 1 0 0 3004.DAT 
1 256 80 336 490 0 0 1 0 -1 0 1 0 0 3004.DAT 
1 256 80 336 550 0 0 1 0 -1 0 1 0 0 3004.DAT 
1 256 110 336 460 -1 0 0 0 -1 0 0 0 1 3004.DAT 
1 256 110 336 580 -1 0 0 0 -1 0 0 0 1 3004.DAT 
1 256 150 336 460 -1 0 0 0 -1 0 0 0 1 3004.DAT 
1 256 140 336 580 -1 0 0 0 -1 0 0 0 1 3005.dat 
1 256 170 336 480 -1 0 0 0 -1 0 0 0 1 3004.DAT 
1 256 160 336 560 -1 0 0 0 -1 0 0 0 1 3005.dat 
1 256 180 336 510 0 0 1 0 -1 0 1 0 0 3004.DAT 
1 256 180 336 540 -1 0 0 0 -1 0 0 0 1 3005.dat 
1 256 560 336 130 0 0 1 0 -1 0 1 0 0 3004.DAT 
1 256 570 336 200 -1 0 0 0 -1 0 0 0 1 3004.DAT 
1 256 580 336 110 0 0 1 0 -1 0 1 0 0 3004.DAT 
1 256 580 336 180 -1 0 0 0 -1 0 0 0 1 3005.dat 
1 256 590 336 220 -1 0 0 0 -1 0 0 0 1 3004.DAT 
1 256 600 336 90 0 0 1 0 -1 0 1 0 0 3004.DAT 
1 256 630 336 80 -1 0 0 0 -1 0 0 0 1 3004.DAT 
1 256 630 336 240 -1 0 0 0 -1 0 0 0 1 3004.DAT 
1 256 640 336 110 0 0 1 0 -1 0 1 0 0 3004.DAT 
1 256 660 336 100 -1 0 0 0 -1 0 0 0 1 3005.dat 
1 256 670 336 220 -1 0 0 0 -1 0 0 0 1 3004.DAT 
1 256 680 336 130 0 0 1 0 -1 0 1 0 0 3004.DAT 
1 256 680 336 170 0 0 1 0 -1 0 1 0 0 3004.DAT 
1 256 680 336 200 -1 0 0 0 -1 0 0 0 1 3005.dat 
1 272 600 336 240 -1 0 0 0 -1 0 0 0 1 3005.dat 
1 320 560 336 170 0 0 1 0 -1 0 1 0 0 3004.DAT 
0 STEP
1 256 60 360 530 0 0 1 0 -1 0 1 0 0 3004.DAT 
1 256 80 360 490 0 0 1 0 -1 0 1 0 0 3004.DAT 
1 256 80 360 550 0 0 1 0 -1 0 1 0 0 3004.DAT 
1 256 110 360 460 -1 0 0 0 -1 0 0 0 1 3004.DAT 
1 256 110 360 580 -1 0 0 0 -1 0 0 0 1 3004.DAT 
1 256 150 360 460 -1 0 0 0 -1 0 0 0 1 3004.DAT 
1 256 150 360 580 -1 0 0 0 -1 0 0 0 1 3004.DAT 
1 256 180 360 490 0 0 1 0 -1 0 1 0 0 3004.DAT 
1 256 560 360 130 0 0 1 0 -1 0 1 0 0 3004.DAT 
1 256 560 360 170 0 0 1 0 -1 0 1 0 0 3004.DAT 
1 256 570 360 200 -1 0 0 0 -1 0 0 0 1 3004.DAT 
1 256 580 360 120 -1 0 0 0 -1 0 0 0 1 3005.dat 
1 256 580 360 220 -1 0 0 0 -1 0 0 0 1 3005.dat 
1 256 610 360 100 -1 0 0 0 -1 0 0 0 1 3004.DAT 
1 256 620 360 80 -1 0 0 0 -1 0 0 0 1 3005.dat 
1 256 640 360 100 -1 0 0 0 -1 0 0 0 1 3005.dat 
1 256 660 360 220 -1 0 0 0 -1 0 0 0 1 3005.dat 
1 256 680 360 190 0 0 1 0 -1 0 1 0 0 3004.DAT 
1 272 560 360 230 0 0 1 0 -1 0 1 0 0 3004.DAT 
1 272 590 360 240 -1 0 0 0 -1 0 0 0 1 3004.DAT 
1 272 610 360 260 -1 0 0 0 -1 0 0 0 1 3004.DAT 
1 272 650 360 260 -1 0 0 0 -1 0 0 0 1 3004.DAT 
1 272 660 360 240 -1 0 0 0 -1 0 0 0 1 3005.dat 
1 272 680 360 220 -1 0 0 0 -1 0 0 0 1 3005.dat 
1 320 170 360 560 -1 0 0 0 -1 0 0 0 1 3004.DAT 
1 320 180 360 530 0 0 1 0 -1 0 1 0 0 3004.DAT 
1 320 660 360 130 0 0 1 0 -1 0 1 0 0 3004.DAT 
1 320 680 360 150 0 0 1 0 -1 0 1 0 0 3004.DAT 
0 STEP
1 256 80 384 560 -1 0 0 0 -1 0 0 0 1 3005.dat 
1 256 110 384 460 -1 0 0 0 -1 0 0 0 1 3004.DAT 
1 256 110 384 580 -1 0 0 0 -1 0 0 0 1 3004.DAT 
1 256 150 384 460 -1 0 0 0 -1 0 0 0 1 3004.DAT 
1 256 150 384 580 -1 0 0 0 -1 0 0 0 1 3004.DAT 
1 256 170 384 480 -1 0 0 0 -1 0 0 0 1 3004.DAT 
1 256 560 384 150 0 0 1 0 -1 0 1 0 0 3004.DAT 
1 256 560 384 180 -1 0 0 0 -1 0 0 0 1 3005.dat 
1 256 580 384 130 0 0 1 0 -1 0 1 0 0 3004.DAT 
1 256 580 384 160 -1 0 0 0 -1 0 0 0 1 3005.dat 
1 256 580 384 200 -1 0 0 0 -1 0 0 0 1 3005.dat 
1 256 600 384 110 0 0 1 0 -1 0 1 0 0 3004.DAT 
1 256 620 384 100 -1 0 0 0 -1 0 0 0 1 3005.dat 
1 256 680 384 170 0 0 1 0 -1 0 1 0 0 3004.DAT 
1 272 560 384 210 0 0 1 0 -1 0 1 0 0 3004.DAT 
1 272 570 384 240 -1 0 0 0 -1 0 0 0 1 3004.DAT 
1 272 580 384 180 -1 0 0 0 -1 0 0 0 1 3005.dat 
1 272 580 384 220 -1 0 0 0 -1 0 0 0 1 3005.dat 
1 272 590 384 260 -1 0 0 0 -1 0 0 0 1 3004.DAT 
1 272 620 384 280 -1 0 0 0 -1 0 0 0 1 3005.dat 
1 272 650 384 260 -1 0 0 0 -1 0 0 0 1 3004.DAT 
1 272 670 384 240 -1 0 0 0 -1 0 0 0 1 3004.DAT 
1 272 680 384 210 0 0 1 0 -1 0 1 0 0 3004.DAT 
1 320 70 384 530 0 0 1 0 -1 0 1 0 0 3003.DAT 
1 320 80 384 490 0 0 1 0 -1 0 1 0 0 3004.DAT 
1 320 170 384 560 -1 0 0 0 -1 0 0 0 1 3004.DAT 
1 320 180 384 510 0 0 1 0 -1 0 1 0 0 3004.DAT 
1 320 180 384 540 -1 0 0 0 -1 0 0 0 1 3005.dat 
1 320 650 384 120 -1 0 0 0 -1 0 0 0 1 3004.DAT 
1 320 670 384 140 -1 0 0 0 -1 0 0 0 1 3004.DAT 
0 STEP
1 256 80 408 550 0 0 1 0 -1 0 1 0 0 3004.DAT 
1 256 90 408 580 -1 0 0 0 -1 0 0 0 1 3004.DAT 
1 256 110 408 470 0 0 1 0 -1 0 1 0 0 3003.DAT 
1 256 120 408 590 0 0 1 0 -1 0 1 0 0 3004.DAT 
1 256 140 408 470 0 0 1 0 -1 0 1 0 0 3004.DAT 
1 256 150 408 580 -1 0 0 0 -1 0 0 0 1 3004.DAT 
1 256 170 408 480 -1 0 0 0 -1 0 0 0 1 3004.DAT 
1 256 170 408 560 -1 0 0 0 -1 0 0 0 1 3004.DAT 
1 256 180 408 510 0 0 1 0 -1 0 1 0 0 3004.DAT 
1 256 180 408 540 -1 0 0 0 -1 0 0 0 1 3005.dat 
1 256 590 408 140 -1 0 0 0 -1 0 0 0 1 3004.DAT 
1 256 610 408 120 -1 0 0 0 -1 0 0 0 1 3004.DAT 
1 256 630 408 140 -1 0 0 0 -1 0 0 0 1 3004.DAT 
1 256 640 408 120 -1 0 0 0 -1 0 0 0 1 3005.dat 
1 256 660 408 150 0 0 1 0 -1 0 1 0 0 3004.DAT 
1 272 60 408 550 0 0 1 0 -1 0 1 0 0 3004.DAT 
1 272 150 408 600 -1 0 0 0 -1 0 0 0 1 3004.DAT 
1 272 180 408 580 -1 0 0 0 -1 0 0 0 1 3005.dat 
1 272 200 408 530 0 0 1 0 -1 0 1 0 0 3004.DAT 
1 272 540 408 210 0 0 1 0 -1 0 1 0 0 3004.DAT 
1 272 560 408 170 0 0 1 0 -1 0 1 0 0 3004.DAT 
1 272 560 408 230 0 0 1 0 -1 0 1 0 0 3004.DAT 
1 272 570 408 260 -1 0 0 0 -1 0 0 0 1 3004.DAT 
1 272 590 408 280 -1 0 0 0 -1 0 0 0 1 3004.DAT 
1 272 630 408 280 -1 0 0 0 -1 0 0 0 1 3004.DAT 
1 272 660 408 270 0 0 1 0 -1 0 1 0 0 3004.DAT 
1 272 680 408 170 0 0 1 0 -1 0 1 0 0 3004.DAT 
1 272 680 408 210 0 0 1 0 -1 0 1 0 0 3004.DAT 
1 272 680 408 240 -1 0 0 0 -1 0 0 0 1 3005.dat 
1 272 700 408 190 0 0 1 0 -1 0 1 0 0 3004.DAT 
1 272 700 408 220 -1 0 0 0 -1 0 0 0 1 3005.dat 
1 320 70 408 520 -1 0 0 0 -1 0 0 0 1 3004.DAT 
1 320 80 408 490 0 0 1 0 -1 0 1 0 0 3004.DAT 
0 STEP
1 272 60 432 510 0 0 1 0 -1 0 1 0 0 3004.DAT 
1 272 60 432 550 0 0 1 0 -1 0 1 0 0 3004.DAT 
1 272 80 432 490 0 0 1 0 -1 0 1 0 0 3004.DAT 
1 272 80 432 570 0 0 1 0 -1 0 1 0 0 3004.DAT 
1 272 100 432 470 0 0 1 0 -1 0 1 0 0 3004.DAT 
1 272 110 432 600 -1 0 0 0 -1 0 0 0 1 3004.DAT 
1 272 130 432 460 -1 0 0 0 -1 0 0 0 1 3004.DAT 
1 272 150 432 600 -1 0 0 0 -1 0 0 0 1 3004.DAT 
1 272 170 432 460 -1 0 0 0 -1 0 0 0 1 3004.DAT 
1 272 170 432 580 -1 0 0 0 -1 0 0 0 1 3004.DAT 
1 272 180 432 490 0 0 1 0 -1 0 1 0 0 3004.DAT 
1 272 190 432 560 -1 0 0 0 -1 0 0 0 1 3004.DAT 
1 272 200 432 510 0 0 1 0 -1 0 1 0 0 3004.DAT 
1 272 200 432 540 -1 0 0 0 -1 0 0 0 1 3005.dat 
1 272 550 432 210 0 0 1 0 -1 0 1 0 0 3003.DAT 
1 272 560 432 170 0 0 1 0 -1 0 1 0 0 3004.DAT 
1 272 560 432 250 0 0 1 0 -1 0 1 0 0 3004.DAT 
1 272 590 432 140 -1 0 0 0 -1 0 0 0 1 3004.DAT 
1 272 590 432 280 -1 0 0 0 -1 0 0 0 1 3004.DAT 
1 272 610 432 120 -1 0 0 0 -1 0 0 0 1 3004.DAT 
1 272 610 432 300 -1 0 0 0 -1 0 0 0 1 3004.DAT 
1 272 630 432 140 -1 0 0 0 -1 0 0 0 1 3004.DAT 
1 272 640 432 120 -1 0 0 0 -1 0 0 0 1 3005.dat 
1 272 640 432 290 0 0 1 0 -1 0 1 0 0 3004.DAT 
1 272 660 432 150 0 0 1 0 -1 0 1 0 0 3004.DAT 
1 272 660 432 270 0 0 1 0 -1 0 1 0 0 3004.DAT 
1 272 660 432 300 -1 0 0 0 -1 0 0 0 1 3005.dat 
1 272 680 432 170 0 0 1 0 -1 0 1 0 0 3004.DAT 
1 272 690 432 210 0 0 1 0 -1 0 1 0 0 3003.DAT 
1 272 680 432 250 0 0 1 0 -1 0 1 0 0 3004.DAT 
1 272 680 432 280 -1 0 0 0 -1 0 0 0 1 3005.dat 
0 STEP
1 272 60 456 510 0 0 1 0 -1 0 1 0 0 3004.DAT 
1 272 70 456 550 0 0 1 0 -1 0 1 0 0 3003.DAT 
1 272 80 456 480 -1 0 0 0 -1 0 0 0 1 3005.dat 
1 272 90 456 580 -1 0 0 0 -1 0 0 0 1 3004.DAT 
1 272 110 456 460 -1 0 0 0 -1 0 0 0 1 3004.DAT 
1 272 110 456 600 -1 0 0 0 -1 0 0 0 1 3004.DAT 
1 272 150 456 460 -1 0 0 0 -1 0 0 0 1 3004.DAT 
1 272 150 456 600 -1 0 0 0 -1 0 0 0 1 3004.DAT 
1 272 180 456 470 0 0 1 0 -1 0 1 0 0 3004.DAT 
1 272 180 456 590 0 0 1 0 -1 0 1 0 0 3004.DAT 
1 272 200 456 510 0 0 1 0 -1 0 1 0 0 3004.DAT 
1 272 200 456 550 0 0 1 0 -1 0 1 0 0 3004.DAT 
1 272 550 456 220 -1 0 0 0 -1 0 0 0 1 3004.DAT 
1 272 560 456 200 -1 0 0 0 -1 0 0 0 1 3005.dat 
1 272 560 456 250 0 0 1 0 -1 0 1 0 0 3004.DAT 
1 272 580 456 170 0 0 1 0 -1 0 1 0 0 3004.DAT 
1 272 580 456 290 0 0 1 0 -1 0 1 0 0 3004.DAT 
1 272 610 456 140 -1 0 0 0 -1 0 0 0 1 3004.DAT 
1 272 610 456 320 -1 0 0 0 -1 0 0 0 1 3004.DAT 
1 272 620 456 120 -1 0 0 0 -1 0 0 0 1 3005.dat 
1 272 640 456 310 0 0 1 0 -1 0 1 0 0 3004.DAT 
1 272 660 456 170 0 0 1 0 -1 0 1 0 0 3004.DAT 
1 272 670 456 260 -1 0 0 0 -1 0 0 0 1 3004.DAT 
1 272 670 456 300 -1 0 0 0 -1 0 0 0 1 3004.DAT 
1 272 680 456 190 0 0 1 0 -1 0 1 0 0 3004.DAT 
1 272 680 456 230 0 0 1 0 -1 0 1 0 0 3004.DAT 
1 272 680 456 280 -1 0 0 0 -1 0 0 0 1 3005.dat 
1 272 640 456 150 0 0 1 0 -1 0 1 0 0 3004.DAT 
0 STEP
1 272 60 480 510 0 0 1 0 -1 0 1 0 0 3004.DAT 
1 272 60 480 550 0 0 1 0 -1 0 1 0 0 3004.DAT 
1 272 80 480 490 0 0 1 0 -1 0 1 0 0 3004.DAT 
1 272 80 480 560 -1 0 0 0 -1 0 0 0 1 3005.dat 
1 272 110 480 470 0 0 1 0 -1 0 1 0 0 3003.DAT 
1 272 100 480 590 0 0 1 0 -1 0 1 0 0 3004.DAT 
1 272 130 480 600 -1 0 0 0 -1 0 0 0 1 3004.DAT 
1 272 140 480 460 -1 0 0 0 -1 0 0 0 1 3005.dat 
1 272 170 480 480 -1 0 0 0 -1 0 0 0 1 3004.DAT 
1 272 160 480 600 -1 0 0 0 -1 0 0 0 1 3005.dat 
1 272 180 480 500 -1 0 0 0 -1 0 0 0 1 3005.dat 
1 272 180 480 580 -1 0 0 0 -1 0 0 0 1 3005.dat 
1 272 200 480 530 0 0 1 0 -1 0 1 0 0 3004.DAT 
1 272 200 480 560 -1 0 0 0 -1 0 0 0 1 3005.dat 
1 272 560 480 210 0 0 1 0 -1 0 1 0 0 3004.DAT 
1 272 560 480 250 0 0 1 0 -1 0 1 0 0 3004.DAT 
1 272 570 480 290 0 0 1 0 -1 0 1 0 0 3003.DAT 
1 272 580 480 190 0 0 1 0 -1 0 1 0 0 3004.DAT 
1 272 590 480 320 -1 0 0 0 -1 0 0 0 1 3004.DAT 
1 272 610 480 160 -1 0 0 0 -1 0 0 0 1 3004.DAT 
1 272 610 480 340 -1 0 0 0 -1 0 0 0 1 3004.DAT 
1 272 620 480 140 -1 0 0 0 -1 0 0 0 1 3005.dat 
1 272 640 480 160 -1 0 0 0 -1 0 0 0 1 3005.dat 
1 272 640 480 340 -1 0 0 0 -1 0 0 0 1 3005.dat 
1 272 660 480 180 -1 0 0 0 -1 0 0 0 1 3005.dat 
1 272 660 480 310 0 0 1 0 -1 0 1 0 0 3004.DAT 
1 272 680 480 250 0 0 1 0 -1 0 1 0 0 3004.DAT 
1 272 680 480 290 0 0 1 0 -1 0 1 0 0 3004.DAT 
1 320 680 480 210 0 0 1 0 -1 0 1 0 0 3004.DAT 
0 STEP
1 272 70 504 530 0 0 1 0 -1 0 1 0 0 3003.DAT 
1 272 70 504 560 -1 0 0 0 -1 0 0 0 1 3004.DAT 
1 272 80 504 490 0 0 1 0 -1 0 1 0 0 3004.DAT 
1 272 110 504 480 -1 0 0 0 -1 0 0 0 1 3004.DAT 
1 272 100 504 570 0 0 1 0 -1 0 1 0 0 3004.DAT 
1 272 110 504 600 -1 0 0 0 -1 0 0 0 1 3004.DAT 
1 272 120 504 580 -1 0 0 0 -1 0 0 0 1 3005.dat 
1 272 150 504 480 -1 0 0 0 -1 0 0 0 1 3004.DAT 
1 272 150 504 600 -1 0 0 0 -1 0 0 0 1 3004.DAT 
1 272 180 504 490 0 0 1 0 -1 0 1 0 0 3004.DAT 
1 272 190 504 520 -1 0 0 0 -1 0 0 0 1 3004.DAT 
1 272 180 504 580 -1 0 0 0 -1 0 0 0 1 3005.dat 
1 272 200 504 550 0 0 1 0 -1 0 1 0 0 3004.DAT 
1 272 560 504 230 0 0 1 0 -1 0 1 0 0 3004.DAT 
1 272 560 504 270 0 0 1 0 -1 0 1 0 0 3004.DAT 
1 272 580 504 200 -1 0 0 0 -1 0 0 0 1 3005.dat 
1 272 580 504 330 0 0 1 0 -1 0 1 0 0 3004.DAT 
1 272 610 504 180 -1 0 0 0 -1 0 0 0 1 3004.DAT 
1 272 610 504 340 -1 0 0 0 -1 0 0 0 1 3004.DAT 
1 272 620 504 160 -1 0 0 0 -1 0 0 0 1 3005.dat 
1 272 630 504 360 -1 0 0 0 -1 0 0 0 1 3004.DAT 
1 272 640 504 180 -1 0 0 0 -1 0 0 0 1 3005.dat 
1 272 650 504 340 -1 0 0 0 -1 0 0 0 1 3004.DAT 
1 272 670 504 320 -1 0 0 0 -1 0 0 0 1 3004.DAT 
1 272 680 504 230 0 0 1 0 -1 0 1 0 0 3004.DAT 
1 272 680 504 270 0 0 1 0 -1 0 1 0 0 3004.DAT 
1 272 680 504 300 -1 0 0 0 -1 0 0 0 1 3005.dat 
1 272 560 504 310 0 0 1 0 -1 0 1 0 0 3004.DAT 
1 320 670 504 200 -1 0 0 0 -1 0 0 0 1 3004.DAT 
0 STEP
1 272 60 528 530 0 0 1 0 -1 0 1 0 0 3004.DAT 
1 272 80 528 490 0 0 1 0 -1 0 1 0 0 3004.DAT 
1 272 80 528 550 0 0 1 0 -1 0 1 0 0 3004.DAT 
1 272 90 528 590 0 0 1 0 -1 0 1 0 0 3003.DAT 
1 272 110 528 480 -1 0 0 0 -1 0 0 0 1 3004.DAT 
1 272 130 528 600 -1 0 0 0 -1 0 0 0 1 3004.DAT 
1 272 150 528 480 -1 0 0 0 -1 0 0 0 1 3004.DAT 
1 272 140 528 620 -1 0 0 0 -1 0 0 0 1 3005.dat 
1 272 170 528 500 -1 0 0 0 -1 0 0 0 1 3004.DAT 
1 272 170 528 600 -1 0 0 0 -1 0 0 0 1 3004.DAT 
1 272 190 528 520 -1 0 0 0 -1 0 0 0 1 3004.DAT 
1 272 180 528 580 -1 0 0 0 -1 0 0 0 1 3005.dat 
1 272 200 528 550 0 0 1 0 -1 0 1 0 0 3004.DAT 
1 272 540 528 290 0 0 1 0 -1 0 1 0 0 3004.DAT 
1 272 560 528 250 0 0 1 0 -1 0 1 0 0 3004.DAT 
1 272 560 528 330 0 0 1 0 -1 0 1 0 0 3004.DAT 
1 272 580 528 230 0 0 1 0 -1 0 1 0 0 3004.DAT 
1 272 590 528 360 -1 0 0 0 -1 0 0 0 1 3004.DAT 
1 272 600 528 210 0 0 1 0 -1 0 1 0 0 3004.DAT 
1 272 630 528 200 -1 0 0 0 -1 0 0 0 1 3004.DAT 
1 272 650 528 220 -1 0 0 0 -1 0 0 0 1 3004.DAT 
1 272 650 528 340 -1 0 0 0 -1 0 0 0 1 3004.DAT 
1 272 680 528 270 0 0 1 0 -1 0 1 0 0 3004.DAT 
1 272 680 528 310 0 0 1 0 -1 0 1 0 0 3004.DAT 
1 272 630 528 360 -1 0 0 0 -1 0 0 0 1 3004.DAT 
1 272 680 528 230 0 0 1 0 -1 0 1 0 0 3004.DAT 
1 320 660 528 200 -1 0 0 0 -1 0 0 0 1 3005.dat 
0 STEP
1 272 70 552 530 0 0 1 0 -1 0 1 0 0 3003.DAT 
1 272 90 552 490 0 0 1 0 -1 0 1 0 0 3003.DAT 
1 272 80 552 570 0 0 1 0 -1 0 1 0 0 3004.DAT 
1 272 90 552 600 -1 0 0 0 -1 0 0 0 1 3004.DAT 
1 272 100 552 580 -1 0 0 0 -1 0 0 0 1 3005.dat 
1 272 130 552 480 -1 0 0 0 -1 0 0 0 1 3004.DAT 
1 272 120 552 610 0 0 1 0 -1 0 1 0 0 3004.DAT 
1 272 150 552 620 -1 0 0 0 -1 0 0 0 1 3004.DAT 
1 272 160 552 480 -1 0 0 0 -1 0 0 0 1 3005.dat 
1 272 170 552 600 -1 0 0 0 -1 0 0 0 1 3004.DAT 
1 272 180 552 510 0 0 1 0 -1 0 1 0 0 3004.DAT 
1 272 180 552 580 -1 0 0 0 -1 0 0 0 1 3005.dat 
1 272 200 552 530 0 0 1 0 -1 0 1 0 0 3004.DAT 
1 272 200 552 560 -1 0 0 0 -1 0 0 0 1 3005.dat 
1 272 530 552 280 -1 0 0 0 -1 0 0 0 1 3004.DAT 
1 272 550 552 260 -1 0 0 0 -1 0 0 0 1 3004.DAT 
1 272 540 552 310 0 0 1 0 -1 0 1 0 0 3004.DAT 
1 272 550 552 340 -1 0 0 0 -1 0 0 0 1 3004.DAT 
1 272 570 552 240 -1 0 0 0 -1 0 0 0 1 3004.DAT 
1 272 580 552 370 0 0 1 0 -1 0 1 0 0 3004.DAT 
1 272 610 552 220 -1 0 0 0 -1 0 0 0 1 3004.DAT 
1 272 600 552 380 -1 0 0 0 -1 0 0 0 1 3005.dat 
1 272 630 552 200 -1 0 0 0 -1 0 0 0 1 3004.DAT 
1 272 630 552 360 -1 0 0 0 -1 0 0 0 1 3004.DAT 
1 272 650 552 340 -1 0 0 0 -1 0 0 0 1 3004.DAT 
1 272 670 552 270 0 0 1 0 -1 0 1 0 0 3003.DAT 
1 272 670 552 320 -1 0 0 0 -1 0 0 0 1 3004.DAT 
1 272 680 552 300 -1 0 0 0 -1 0 0 0 1 3005.dat 
1 320 650 552 230 0 0 1 0 -1 0 1 0 0 3003.DAT 
0 STEP
1 272 80 576 530 0 0 1 0 -1 0 1 0 0 3004.DAT 
1 272 80 576 570 0 0 1 0 -1 0 1 0 0 3004.DAT 
1 272 100 576 490 0 0 1 0 -1 0 1 0 0 3004.DAT 
1 272 100 576 520 -1 0 0 0 -1 0 0 0 1 3005.dat 
1 272 100 576 590 0 0 1 0 -1 0 1 0 0 3004.DAT 
1 272 130 576 480 -1 0 0 0 -1 0 0 0 1 3004.DAT 
1 272 120 576 610 0 0 1 0 -1 0 1 0 0 3004.DAT 
1 272 150 576 620 -1 0 0 0 -1 0 0 0 1 3004.DAT 
1 272 160 576 480 -1 0 0 0 -1 0 0 0 1 3005.dat 
1 272 180 576 500 -1 0 0 0 -1 0 0 0 1 3005.dat 
1 272 200 576 530 0 0 1 0 -1 0 1 0 0 3004.DAT 
1 272 200 576 570 0 0 1 0 -1 0 1 0 0 3004.DAT 
1 272 520 576 290 0 0 1 0 -1 0 1 0 0 3004.DAT 
1 272 520 576 330 0 0 1 0 -1 0 1 0 0 3004.DAT 
1 272 540 576 270 0 0 1 0 -1 0 1 0 0 3004.DAT 
1 272 540 576 310 0 0 1 0 -1 0 1 0 0 3004.DAT 
1 272 540 576 350 0 0 1 0 -1 0 1 0 0 3004.DAT 
1 272 550 576 380 -1 0 0 0 -1 0 0 0 1 3004.DAT 
1 272 560 576 250 0 0 1 0 -1 0 1 0 0 3004.DAT 
1 272 560 576 360 -1 0 0 0 -1 0 0 0 1 3005.dat 
1 272 590 576 240 -1 0 0 0 -1 0 0 0 1 3004.DAT 
1 272 590 576 380 -1 0 0 0 -1 0 0 0 1 3004.DAT 
1 272 630 576 370 0 0 1 0 -1 0 1 0 0 3003.DAT 
1 272 650 576 280 -1 0 0 0 -1 0 0 0 1 3004.DAT 
1 272 660 576 330 0 0 1 0 -1 0 1 0 0 3004.DAT 
1 272 680 576 290 0 0 1 0 -1 0 1 0 0 3004.DAT 
1 272 680 576 320 -1 0 0 0 -1 0 0 0 1 3005.dat 
1 320 630 576 240 -1 0 0 0 -1 0 0 0 1 3004.DAT 
1 320 660 576 260 -1 0 0 0 -1 0 0 0 1 3005.dat 
1 272 170 576 600 -1 0 0 0 -1 0 0 0 1 3004.DAT 
0 STEP
1 272 80 600 530 0 0 1 0 -1 0 1 0 0 3004.DAT 
1 272 80 600 560 -1 0 0 0 -1 0 0 0 1 3005.dat 
1 272 100 600 500 -1 0 0 0 -1 0 0 0 1 3005.dat 
1 272 100 600 590 0 0 1 0 -1 0 1 0 0 3004.DAT 
1 272 120 600 490 0 0 1 0 -1 0 1 0 0 3004.DAT 
1 272 120 600 610 0 0 1 0 -1 0 1 0 0 3004.DAT 
1 272 150 600 480 -1 0 0 0 -1 0 0 0 1 3004.DAT 
1 272 150 600 620 -1 0 0 0 -1 0 0 0 1 3004.DAT 
1 272 190 600 490 0 0 1 0 -1 0 1 0 0 3003.DAT 
1 272 180 600 600 -1 0 0 0 -1 0 0 0 1 3005.dat 
1 272 210 600 520 -1 0 0 0 -1 0 0 0 1 3004.DAT 
1 272 200 600 570 0 0 1 0 -1 0 1 0 0 3004.DAT 
1 272 220 600 500 -1 0 0 0 -1 0 0 0 1 3005.dat 
1 272 220 600 550 0 0 1 0 -1 0 1 0 0 3004.DAT 
1 272 500 600 310 0 0 1 0 -1 0 1 0 0 3004.DAT 
1 272 520 600 280 -1 0 0 0 -1 0 0 0 1 3005.dat 
1 272 520 600 330 0 0 1 0 -1 0 1 0 0 3004.DAT 
1 272 530 600 370 0 0 1 0 -1 0 1 0 0 3003.DAT 
1 272 550 600 260 -1 0 0 0 -1 0 0 0 1 3004.DAT 
1 272 550 600 400 -1 0 0 0 -1 0 0 0 1 3004.DAT 
1 272 570 600 240 -1 0 0 0 -1 0 0 0 1 3004.DAT 
1 272 560 600 380 -1 0 0 0 -1 0 0 0 1 3005.dat 
1 272 580 600 260 -1 0 0 0 -1 0 0 0 1 3005.dat 
1 272 590 600 400 -1 0 0 0 -1 0 0 0 1 3004.DAT 
1 272 610 600 240 -1 0 0 0 -1 0 0 0 1 3004.DAT 
1 272 620 600 390 0 0 1 0 -1 0 1 0 0 3004.DAT 
1 272 650 600 280 -1 0 0 0 -1 0 0 0 1 3004.DAT 
1 272 640 600 370 0 0 1 0 -1 0 1 0 0 3004.DAT 
1 272 660 600 310 0 0 1 0 -1 0 1 0 0 3004.DAT 
1 272 660 600 350 0 0 1 0 -1 0 1 0 0 3004.DAT 
1 272 680 600 320 -1 0 0 0 -1 0 0 0 1 3005.dat 
1 320 630 600 260 -1 0 0 0 -1 0 0 0 1 3004.DAT 
1 320 640 600 240 -1 0 0 0 -1 0 0 0 1 3005.dat 
1 320 660 600 260 -1 0 0 0 -1 0 0 0 1 3005.dat 
0 STEP
1 272 100 624 510 0 0 1 0 -1 0 1 0 0 3004.DAT 
1 272 100 624 540 -1 0 0 0 -1 0 0 0 1 3005.dat 
1 272 100 624 590 0 0 1 0 -1 0 1 0 0 3004.DAT 
1 272 120 624 490 0 0 1 0 -1 0 1 0 0 3004.DAT 
1 272 120 624 520 -1 0 0 0 -1 0 0 0 1 3005.dat 
1 272 120 624 600 -1 0 0 0 -1 0 0 0 1 3005.dat 
1 272 150 624 480 -1 0 0 0 -1 0 0 0 1 3004.DAT 
1 272 150 624 620 -1 0 0 0 -1 0 0 0 1 3004.DAT 
1 272 170 624 460 -1 0 0 0 -1 0 0 0 1 3004.DAT 
1 272 170 624 600 -1 0 0 0 -1 0 0 0 1 3004.DAT 
1 272 190 624 480 -1 0 0 0 -1 0 0 0 1 3004.DAT 
1 272 190 624 580 -1 0 0 0 -1 0 0 0 1 3004.DAT 
1 272 200 624 450 0 0 1 0 -1 0 1 0 0 3004.DAT 
1 272 220 624 560 -1 0 0 0 -1 0 0 0 1 3005.dat 
1 272 200 624 600 -1 0 0 0 -1 0 0 0 1 3005.dat 
1 272 220 624 470 0 0 1 0 -1 0 1 0 0 3004.DAT 
1 272 230 624 530 0 0 1 0 -1 0 1 0 0 3003.DAT 
1 272 240 624 490 0 0 1 0 -1 0 1 0 0 3004.DAT 
1 272 490 624 320 -1 0 0 0 -1 0 0 0 1 3004.DAT 
1 272 500 624 300 -1 0 0 0 -1 0 0 0 1 3005.dat 
1 272 500 624 350 0 0 1 0 -1 0 1 0 0 3004.DAT 
1 272 520 624 280 -1 0 0 0 -1 0 0 0 1 3005.dat 
1 272 520 624 390 0 0 1 0 -1 0 1 0 0 3004.DAT 
1 272 550 624 260 -1 0 0 0 -1 0 0 0 1 3004.DAT 
1 272 550 624 400 -1 0 0 0 -1 0 0 0 1 3004.DAT 
1 272 570 624 240 -1 0 0 0 -1 0 0 0 1 3004.DAT 
1 272 590 624 400 -1 0 0 0 -1 0 0 0 1 3004.DAT 
1 272 610 624 250 0 0 1 0 -1 0 1 0 0 3003.DAT 
1 272 620 624 390 0 0 1 0 -1 0 1 0 0 3004.DAT 
1 272 640 624 380 -1 0 0 0 -1 0 0 0 1 3005.dat 
1 272 660 624 310 0 0 1 0 -1 0 1 0 0 3004.DAT 
1 272 660 624 350 0 0 1 0 -1 0 1 0 0 3004.DAT 
1 320 80 624 530 0 0 1 0 -1 0 1 0 0 3004.DAT 
1 320 90 624 560 -1 0 0 0 -1 0 0 0 1 3004.DAT 
1 320 640 624 270 0 0 1 0 -1 0 1 0 0 3004.DAT 
0 STEP
1 272 100 648 570 0 0 1 0 -1 0 1 0 0 3004.DAT 
1 272 120 648 490 0 0 1 0 -1 0 1 0 0 3004.DAT 
1 272 130 648 600 -1 0 0 0 -1 0 0 0 1 3004.DAT 
1 272 140 648 470 0 0 1 0 -1 0 1 0 0 3004.DAT 
1 272 170 648 450 0 0 1 0 -1 0 1 0 0 3003.DAT 
1 272 170 648 610 0 0 1 0 -1 0 1 0 0 3003.DAT 
1 272 210 648 440 -1 0 0 0 -1 0 0 0 1 3004.DAT 
1 272 200 648 590 0 0 1 0 -1 0 1 0 0 3004.DAT 
1 272 220 648 570 0 0 1 0 -1 0 1 0 0 3004.DAT 
1 272 240 648 470 0 0 1 0 -1 0 1 0 0 3004.DAT 
1 272 240 648 510 0 0 1 0 -1 0 1 0 0 3004.DAT 
1 272 240 648 540 -1 0 0 0 -1 0 0 0 1 3005.dat 
1 272 260 648 520 -1 0 0 0 -1 0 0 0 1 3005.dat 
1 272 480 648 330 0 0 1 0 -1 0 1 0 0 3004.DAT 
1 272 490 648 360 -1 0 0 0 -1 0 0 0 1 3004.DAT 
1 272 500 648 310 0 0 1 0 -1 0 1 0 0 3004.DAT 
1 272 500 648 340 -1 0 0 0 -1 0 0 0 1 3005.dat 
1 272 510 648 380 -1 0 0 0 -1 0 0 0 1 3004.DAT 
1 272 520 648 280 -1 0 0 0 -1 0 0 0 1 3005.dat 
1 272 520 648 400 -1 0 0 0 -1 0 0 0 1 3005.dat 
1 272 550 648 260 -1 0 0 0 -1 0 0 0 1 3004.DAT 
1 272 550 648 400 -1 0 0 0 -1 0 0 0 1 3004.DAT 
1 272 570 648 240 -1 0 0 0 -1 0 0 0 1 3004.DAT 
1 272 570 648 420 -1 0 0 0 -1 0 0 0 1 3004.DAT 
1 272 590 648 260 -1 0 0 0 -1 0 0 0 1 3004.DAT 
1 272 600 648 240 -1 0 0 0 -1 0 0 0 1 3005.dat 
1 272 610 648 400 -1 0 0 0 -1 0 0 0 1 3004.DAT 
1 272 620 648 260 -1 0 0 0 -1 0 0 0 1 3005.dat 
1 272 650 648 320 -1 0 0 0 -1 0 0 0 1 3004.DAT 
1 272 640 648 390 0 0 1 0 -1 0 1 0 0 3004.DAT 
1 272 660 648 350 0 0 1 0 -1 0 1 0 0 3004.DAT 
1 272 660 648 380 -1 0 0 0 -1 0 0 0 1 3005.dat 
1 320 100 648 530 0 0 1 0 -1 0 1 0 0 3004.DAT 
1 320 640 648 290 0 0 1 0 -1 0 1 0 0 3004.DAT 
1 320 100 648 500 -1 0 0 0 -1 0 0 0 1 3005.dat 
0 STEP
1 272 100 672 550 0 0 1 0 -1 0 1 0 0 3004.DAT 
1 272 110 672 580 -1 0 0 0 -1 0 0 0 1 3004.DAT 
1 272 120 672 490 0 0 1 0 -1 0 1 0 0 3004.DAT 
1 272 130 672 600 -1 0 0 0 -1 0 0 0 1 3004.DAT 
1 272 140 672 460 -1 0 0 0 -1 0 0 0 1 3005.dat 
1 272 140 672 580 -1 0 0 0 -1 0 0 0 1 3005.dat 
1 272 160 672 440 -1 0 0 0 -1 0 0 0 1 3005.dat 
1 272 170 672 600 -1 0 0 0 -1 0 0 0 1 3004.DAT 
1 272 190 672 420 -1 0 0 0 -1 0 0 0 1 3004.DAT 
1 272 200 672 600 -1 0 0 0 -1 0 0 0 1 3005.dat 
1 272 220 672 430 0 0 1 0 -1 0 1 0 0 3004.DAT 
1 272 220 672 580 -1 0 0 0 -1 0 0 0 1 3005.dat 
1 272 240 672 440 -1 0 0 0 -1 0 0 0 1 3005.dat 
1 272 240 672 530 0 0 1 0 -1 0 1 0 0 3004.DAT 
1 272 260 672 470 0 0 1 0 -1 0 1 0 0 3004.DAT 
1 272 260 672 510 0 0 1 0 -1 0 1 0 0 3004.DAT 
1 272 460 672 330 0 0 1 0 -1 0 1 0 0 3004.DAT 
1 272 460 672 360 -1 0 0 0 -1 0 0 0 1 3005.dat 
1 272 480 672 310 0 0 1 0 -1 0 1 0 0 3004.DAT 
1 272 480 672 380 -1 0 0 0 -1 0 0 0 1 3005.dat 
1 272 500 672 280 -1 0 0 0 -1 0 0 0 1 3005.dat 
1 272 510 672 410 0 0 1 0 -1 0 1 0 0 3003.DAT 
1 272 530 672 260 -1 0 0 0 -1 0 0 0 1 3004.DAT 
1 272 550 672 420 -1 0 0 0 -1 0 0 0 1 3004.DAT 
1 272 570 672 260 -1 0 0 0 -1 0 0 0 1 3004.DAT 
1 272 590 672 420 -1 0 0 0 -1 0 0 0 1 3004.DAT 
1 272 600 672 260 -1 0 0 0 -1 0 0 0 1 3005.dat 
1 272 620 672 280 -1 0 0 0 -1 0 0 0 1 3005.dat 
1 272 620 672 410 0 0 1 0 -1 0 1 0 0 3004.DAT 
1 272 640 672 310 0 0 1 0 -1 0 1 0 0 3004.DAT 
1 272 650 672 350 0 0 1 0 -1 0 1 0 0 3003.DAT 
1 272 640 672 390 0 0 1 0 -1 0 1 0 0 3004.DAT 
1 272 660 672 380 -1 0 0 0 -1 0 0 0 1 3005.dat 
1 272 220 672 550 0 0 1 0 -1 0 1 0 0 3004.DAT 
1 320 100 672 510 0 0 1 0 -1 0 1 0 0 3004.DAT 
0 STEP
1 272 110 696 550 0 0 1 0 -1 0 1 0 0 3003.DAT 
1 272 130 696 580 -1 0 0 0 -1 0 0 0 1 3004.DAT 
1 272 140 696 450 0 0 1 0 -1 0 1 0 0 3004.DAT 
1 272 150 696 600 -1 0 0 0 -1 0 0 0 1 3004.DAT 
1 272 160 696 430 0 0 1 0 -1 0 1 0 0 3004.DAT 
1 272 180 696 410 0 0 1 0 -1 0 1 0 0 3004.DAT 
1 272 190 696 600 -1 0 0 0 -1 0 0 0 1 3004.DAT 
1 272 210 696 580 -1 0 0 0 -1 0 0 0 1 3004.DAT 
1 272 230 696 400 -1 0 0 0 -1 0 0 0 1 3004.DAT 
1 272 230 696 560 -1 0 0 0 -1 0 0 0 1 3004.DAT 
1 272 250 696 430 0 0 1 0 -1 0 1 0 0 3003.DAT 
1 272 280 696 450 0 0 1 0 -1 0 1 0 0 3004.DAT 
1 272 280 696 490 0 0 1 0 -1 0 1 0 0 3004.DAT 
1 272 440 696 330 0 0 1 0 -1 0 1 0 0 3004.DAT 
1 272 450 696 360 -1 0 0 0 -1 0 0 0 1 3004.DAT 
1 272 460 696 310 0 0 1 0 -1 0 1 0 0 3004.DAT 
1 272 460 696 340 -1 0 0 0 -1 0 0 0 1 3005.dat 
1 272 460 696 390 0 0 1 0 -1 0 1 0 0 3004.DAT 
1 272 490 696 280 -1 0 0 0 -1 0 0 0 1 3004.DAT 
1 272 480 696 410 0 0 1 0 -1 0 1 0 0 3004.DAT 
1 272 510 696 260 -1 0 0 0 -1 0 0 0 1 3004.DAT 
1 272 500 696 420 -1 0 0 0 -1 0 0 0 1 3005.dat 
1 272 550 696 260 -1 0 0 0 -1 0 0 0 1 3004.DAT 
1 272 550 696 440 -1 0 0 0 -1 0 0 0 1 3004.DAT 
1 272 590 696 260 -1 0 0 0 -1 0 0 0 1 3004.DAT 
1 272 590 696 420 -1 0 0 0 -1 0 0 0 1 3004.DAT 
1 272 620 696 290 0 0 1 0 -1 0 1 0 0 3004.DAT 
1 272 620 696 410 0 0 1 0 -1 0 1 0 0 3004.DAT 
1 272 640 696 310 0 0 1 0 -1 0 1 0 0 3004.DAT 
1 272 650 696 350 0 0 1 0 -1 0 1 0 0 3003.DAT 
1 272 640 696 390 0 0 1 0 -1 0 1 0 0 3004.DAT 
1 272 520 696 430 0 0 1 0 -1 0 1 0 0 3004.DAT 
1 272 200 696 410 0 0 1 0 -1 0 1 0 0 3004.DAT 
1 320 120 696 510 0 0 1 0 -1 0 1 0 0 3004.DAT 
1 320 130 696 480 -1 0 0 0 -1 0 0 0 1 3004.DAT 
1 272 250 696 540 -1 0 0 0 -1 0 0 0 1 3004.DAT 
1 272 270 696 520 -1 0 0 0 -1 0 0 0 1 3004.DAT 
0 STEP
1 272 120 720 550 0 0 1 0 -1 0 1 0 0 3004.DAT 
1 272 130 720 580 -1 0 0 0 -1 0 0 0 1 3004.DAT 
1 272 140 720 450 0 0 1 0 -1 0 1 0 0 3004.DAT 
1 272 160 720 430 0 0 1 0 -1 0 1 0 0 3004.DAT 
1 272 170 720 580 -1 0 0 0 -1 0 0 0 1 3004.DAT 
1 272 190 720 400 -1 0 0 0 -1 0 0 0 1 3004.DAT 
1 272 190 720 600 -1 0 0 0 -1 0 0 0 1 3004.DAT 
1 272 210 720 380 -1 0 0 0 -1 0 0 0 1 3004.DAT 
1 272 230 720 560 -1 0 0 0 -1 0 0 0 1 3004.DAT 
1 272 250 720 380 -1 0 0 0 -1 0 0 0 1 3004.DAT 
1 272 250 720 540 -1 0 0 0 -1 0 0 0 1 3004.DAT 
1 272 270 720 410 0 0 1 0 -1 0 1 0 0 3003.DAT 
1 272 280 720 450 0 0 1 0 -1 0 1 0 0 3004.DAT 
1 272 280 720 490 0 0 1 0 -1 0 1 0 0 3004.DAT 
1 272 300 720 410 0 0 1 0 -1 0 1 0 0 3004.DAT 
1 272 300 720 440 -1 0 0 0 -1 0 0 0 1 3005.dat 
1 272 430 720 350 0 0 1 0 -1 0 1 0 0 3003.DAT 
1 272 440 720 390 0 0 1 0 -1 0 1 0 0 3004.DAT 
1 272 460 720 410 0 0 1 0 -1 0 1 0 0 3004.DAT 
1 272 490 720 440 -1 0 0 0 -1 0 0 0 1 3004.DAT 
1 272 510 720 260 -1 0 0 0 -1 0 0 0 1 3004.DAT 
1 272 530 720 440 -1 0 0 0 -1 0 0 0 1 3004.DAT 
1 272 550 720 260 -1 0 0 0 -1 0 0 0 1 3004.DAT 
1 272 540 720 460 -1 0 0 0 -1 0 0 0 1 3005.dat 
1 272 570 720 430 0 0 1 0 -1 0 1 0 0 3003.DAT 
1 272 590 720 260 -1 0 0 0 -1 0 0 0 1 3004.DAT 
1 272 610 720 280 -1 0 0 0 -1 0 0 0 1 3004.DAT 
1 272 600 720 410 0 0 1 0 -1 0 1 0 0 3004.DAT 
1 272 620 720 310 0 0 1 0 -1 0 1 0 0 3004.DAT 
1 272 620 720 410 0 0 1 0 -1 0 1 0 0 3004.DAT 
1 272 640 720 330 0 0 1 0 -1 0 1 0 0 3004.DAT 
1 272 640 720 370 0 0 1 0 -1 0 1 0 0 3004.DAT 
1 272 640 720 400 -1 0 0 0 -1 0 0 0 1 3005.dat 
1 272 490 720 280 -1 0 0 0 -1 0 0 0 1 3004.DAT 
1 272 470 720 300 -1 0 0 0 -1 0 0 0 1 3004.DAT 
1 272 450 720 320 -1 0 0 0 -1 0 0 0 1 3004.DAT 
1 320 120 720 510 0 0 1 0 -1 0 1 0 0 3004.DAT 
1 320 130 720 480 -1 0 0 0 -1 0 0 0 1 3004.DAT 
1 272 260 720 510 0 0 1 0 -1 0 1 0 0 3004.DAT 
1 272 210 720 580 -1 0 0 0 -1 0 0 0 1 3004.DAT 
0 STEP
1 272 120 744 530 0 0 1 0 -1 0 1 0 0 3004.DAT 
1 272 130 744 560 -1 0 0 0 -1 0 0 0 1 3004.DAT 
1 272 140 744 450 0 0 1 0 -1 0 1 0 0 3004.DAT 
1 272 150 744 580 -1 0 0 0 -1 0 0 0 1 3004.DAT 
1 272 180 744 390 0 0 1 0 -1 0 1 0 0 3004.DAT 
1 272 190 744 580 -1 0 0 0 -1 0 0 0 1 3004.DAT 
1 272 210 744 380 -1 0 0 0 -1 0 0 0 1 3004.DAT 
1 272 220 744 570 0 0 1 0 -1 0 1 0 0 3004.DAT 
1 272 250 744 360 -1 0 0 0 -1 0 0 0 1 3004.DAT 
1 272 270 744 380 -1 0 0 0 -1 0 0 0 1 3004.DAT 
1 272 280 744 510 0 0 1 0 -1 0 1 0 0 3004.DAT 
1 272 300 744 470 0 0 1 0 -1 0 1 0 0 3004.DAT 
1 272 320 744 410 0 0 1 0 -1 0 1 0 0 3004.DAT 
1 272 320 744 450 0 0 1 0 -1 0 1 0 0 3004.DAT 
1 272 420 744 350 0 0 1 0 -1 0 1 0 0 3004.DAT 
1 272 420 744 390 0 0 1 0 -1 0 1 0 0 3004.DAT 
1 272 430 744 420 -1 0 0 0 -1 0 0 0 1 3004.DAT 
1 272 440 744 330 0 0 1 0 -1 0 1 0 0 3004.DAT 
1 272 470 744 300 -1 0 0 0 -1 0 0 0 1 3004.DAT 
1 272 470 744 440 -1 0 0 0 -1 0 0 0 1 3004.DAT 
1 272 490 744 280 -1 0 0 0 -1 0 0 0 1 3004.DAT 
1 272 500 744 450 0 0 1 0 -1 0 1 0 0 3004.DAT 
1 272 550 744 260 -1 0 0 0 -1 0 0 0 1 3004.DAT 
1 272 550 744 440 -1 0 0 0 -1 0 0 0 1 3004.DAT 
1 272 600 744 290 0 0 1 0 -1 0 1 0 0 3004.DAT 
1 272 610 744 420 -1 0 0 0 -1 0 0 0 1 3004.DAT 
1 272 620 744 310 0 0 1 0 -1 0 1 0 0 3004.DAT 
1 272 640 744 330 0 0 1 0 -1 0 1 0 0 3004.DAT 
1 272 640 744 370 0 0 1 0 -1 0 1 0 0 3004.DAT 
1 272 510 744 260 -1 0 0 0 -1 0 0 0 1 3004.DAT 
1 320 120 744 490 0 0 1 0 -1 0 1 0 0 3004.DAT 
1 272 300 744 390 0 0 1 0 -1 0 1 0 0 3004.DAT 
1 272 170 744 420 -1 0 0 0 -1 0 0 0 1 3004.DAT 
1 272 260 744 530 0 0 1 0 -1 0 1 0 0 3004.DAT 
1 272 240 744 550 0 0 1 0 -1 0 1 0 0 3004.DAT 
1 272 530 744 460 -1 0 0 0 -1 0 0 0 1 3004.DAT 
1 272 630 744 400 -1 0 0 0 -1 0 0 0 1 3004.DAT 
1 272 580 744 270 0 0 1 0 -1 0 1 0 0 3004.DAT 
1 272 580 744 430 0 0 1 0 -1 0 1 0 0 3004.DAT 
0 STEP
1 272 120 768 510 0 0 1 0 -1 0 1 0 0 3004.DAT 
1 272 130 768 540 -1 0 0 0 -1 0 0 0 1 3004.DAT 
1 272 140 768 430 0 0 1 0 -1 0 1 0 0 3004.DAT 
1 272 150 768 560 -1 0 0 0 -1 0 0 0 1 3004.DAT 
1 272 160 768 410 0 0 1 0 -1 0 1 0 0 3004.DAT 
1 272 170 768 580 -1 0 0 0 -1 0 0 0 1 3004.DAT 
1 272 180 768 390 0 0 1 0 -1 0 1 0 0 3004.DAT 
1 272 200 768 370 0 0 1 0 -1 0 1 0 0 3004.DAT 
1 272 200 768 570 0 0 1 0 -1 0 1 0 0 3004.DAT 
1 272 230 768 360 -1 0 0 0 -1 0 0 0 1 3004.DAT 
1 272 230 768 560 -1 0 0 0 -1 0 0 0 1 3004.DAT 
1 272 240 768 540 -1 0 0 0 -1 0 0 0 1 3005.dat 
1 272 260 768 540 -1 0 0 0 -1 0 0 0 1 3005.dat 
1 272 290 768 360 -1 0 0 0 -1 0 0 0 1 3004.DAT 
1 272 280 768 510 0 0 1 0 -1 0 1 0 0 3004.DAT 
1 272 310 768 380 -1 0 0 0 -1 0 0 0 1 3004.DAT 
1 272 300 768 490 0 0 1 0 -1 0 1 0 0 3004.DAT 
1 272 330 768 410 0 0 1 0 -1 0 1 0 0 3003.DAT 
1 272 320 768 450 0 0 1 0 -1 0 1 0 0 3004.DAT 
1 272 320 768 480 -1 0 0 0 -1 0 0 0 1 3005.dat 
1 272 340 768 440 -1 0 0 0 -1 0 0 0 1 3005.dat 
1 272 360 768 410 0 0 1 0 -1 0 1 0 0 3004.DAT 
1 272 410 768 340 -1 0 0 0 -1 0 0 0 1 3004.DAT 
1 272 400 768 370 0 0 1 0 -1 0 1 0 0 3004.DAT 
1 272 400 768 410 0 0 1 0 -1 0 1 0 0 3004.DAT 
1 272 420 768 330 0 0 1 0 -1 0 1 0 0 3004.DAT 
1 272 420 768 420 -1 0 0 0 -1 0 0 0 1 3005.dat 
1 272 440 768 310 0 0 1 0 -1 0 1 0 0 3004.DAT 
1 272 450 768 440 -1 0 0 0 -1 0 0 0 1 3004.DAT 
1 272 470 768 300 -1 0 0 0 -1 0 0 0 1 3004.DAT 
1 272 490 768 280 -1 0 0 0 -1 0 0 0 1 3004.DAT 
1 272 490 768 440 -1 0 0 0 -1 0 0 0 1 3004.DAT 
1 272 510 768 460 -1 0 0 0 -1 0 0 0 1 3004.DAT 
1 272 530 768 270 0 0 1 0 -1 0 1 0 0 3003.DAT 
1 272 540 768 450 0 0 1 0 -1 0 1 0 0 3004.DAT 
1 272 560 768 270 0 0 1 0 -1 0 1 0 0 3004.DAT 
1 272 560 768 460 -1 0 0 0 -1 0 0 0 1 3005.dat 
1 272 580 768 280 -1 0 0 0 -1 0 0 0 1 3005.dat 
1 272 580 768 430 0 0 1 0 -1 0 1 0 0 3004.DAT 
1 272 590 768 300 -1 0 0 0 -1 0 0 0 1 3004.DAT 
1 272 600 768 420 -1 0 0 0 -1 0 0 0 1 3005.dat 
1 272 620 768 390 0 0 1 0 -1 0 1 0 0 3004.DAT 
1 272 640 768 370 0 0 1 0 -1 0 1 0 0 3004.DAT 
1 272 640 768 400 -1 0 0 0 -1 0 0 0 1 3005.dat 
1 272 250 768 340 -1 0 0 0 -1 0 0 0 1 3004.DAT 
1 272 620 768 330 0 0 1 0 -1 0 1 0 0 3004.DAT 
1 320 130 768 470 0 0 1 0 -1 0 1 0 0 3003.DAT 
0 STEP
1 272 130 792 510 0 0 1 0 -1 0 1 0 0 3003.DAT 
1 272 140 792 430 0 0 1 0 -1 0 1 0 0 3004.DAT 
1 272 140 792 470 0 0 1 0 -1 0 1 0 0 3004.DAT 
1 272 150 792 550 0 0 1 0 -1 0 1 0 0 3003.DAT 
1 272 180 792 570 0 0 1 0 -1 0 1 0 0 3004.DAT 
1 272 210 792 560 -1 0 0 0 -1 0 0 0 1 3004.DAT 
1 272 220 792 350 0 0 1 0 -1 0 1 0 0 3004.DAT 
1 272 250 792 340 -1 0 0 0 -1 0 0 0 1 3004.DAT 
1 272 240 792 550 0 0 1 0 -1 0 1 0 0 3004.DAT 
1 272 260 792 540 -1 0 0 0 -1 0 0 0 1 3005.dat 
1 272 290 792 340 -1 0 0 0 -1 0 0 0 1 3004.DAT 
1 272 280 792 520 -1 0 0 0 -1 0 0 0 1 3005.dat 
1 272 300 792 500 -1 0 0 0 -1 0 0 0 1 3005.dat 
1 272 320 792 350 0 0 1 0 -1 0 1 0 0 3004.DAT 
1 272 320 792 480 -1 0 0 0 -1 0 0 0 1 3005.dat 
1 272 340 792 370 0 0 1 0 -1 0 1 0 0 3004.DAT 
1 272 340 792 460 -1 0 0 0 -1 0 0 0 1 3005.dat 
1 272 370 792 410 0 0 1 0 -1 0 1 0 0 3001.DAT 
1 272 380 792 350 0 0 1 0 -1 0 1 0 0 3004.DAT 
1 272 390 792 460 -1 0 0 0 -1 0 0 0 1 3004.DAT 
1 272 400 792 330 0 0 1 0 -1 0 1 0 0 3004.DAT 
1 272 400 792 360 -1 0 0 0 -1 0 0 0 1 3005.dat 
1 272 400 792 430 0 0 1 0 -1 0 1 0 0 3004.DAT 
1 272 420 792 320 -1 0 0 0 -1 0 0 0 1 3005.dat 
1 272 430 792 440 -1 0 0 0 -1 0 0 0 1 3004.DAT 
1 272 450 792 300 -1 0 0 0 -1 0 0 0 1 3004.DAT 
1 272 450 792 460 -1 0 0 0 -1 0 0 0 1 3004.DAT 
1 272 480 792 290 0 0 1 0 -1 0 1 0 0 3004.DAT 
1 272 490 792 460 -1 0 0 0 -1 0 0 0 1 3004.DAT 
1 272 510 792 280 -1 0 0 0 -1 0 0 0 1 3004.DAT 
1 272 520 792 260 -1 0 0 0 -1 0 0 0 1 3005.dat 
1 272 530 792 460 -1 0 0 0 -1 0 0 0 1 3004.DAT 
1 272 550 792 280 -1 0 0 0 -1 0 0 0 1 3004.DAT 
1 272 560 792 450 0 0 1 0 -1 0 1 0 0 3004.DAT 
1 272 590 792 300 -1 0 0 0 -1 0 0 0 1 3004.DAT 
1 272 580 792 440 -1 0 0 0 -1 0 0 0 1 3005.dat 
1 272 600 792 330 0 0 1 0 -1 0 1 0 0 3004.DAT 
1 272 600 792 390 0 0 1 0 -1 0 1 0 0 3004.DAT 
1 272 600 792 420 -1 0 0 0 -1 0 0 0 1 3005.dat 
1 272 620 792 350 0 0 1 0 -1 0 1 0 0 3004.DAT 
1 272 190 792 360 -1 0 0 0 -1 0 0 0 1 3004.DAT 
1 272 190 792 380 -1 0 0 0 -1 0 0 0 1 3004.DAT 
1 272 160 792 410 0 0 1 0 -1 0 1 0 0 3004.DAT 
1 272 620 792 380 -1 0 0 0 -1 0 0 0 1 3005.dat 
0 STEP
1 272 140 816 430 0 0 1 0 -1 0 1 0 0 3004.DAT 
1 272 140 816 470 0 0 1 0 -1 0 1 0 0 3004.DAT 
1 272 150 816 510 0 0 1 0 -1 0 1 0 0 3003.DAT 
1 272 160 816 420 -1 0 0 0 -1 0 0 0 1 3005.dat 
1 272 170 816 550 0 0 1 0 -1 0 1 0 0 3003.DAT 
1 272 180 816 390 0 0 1 0 -1 0 1 0 0 3004.DAT 
1 272 210 816 560 -1 0 0 0 -1 0 0 0 1 3004.DAT 
1 272 230 816 540 -1 0 0 0 -1 0 0 0 1 3004.DAT 
1 272 250 816 330 0 0 1 0 -1 0 1 0 0 3003.DAT 
1 272 260 816 530 0 0 1 0 -1 0 1 0 0 3004.DAT 
1 272 280 816 520 -1 0 0 0 -1 0 0 0 1 3005.dat 
1 272 310 816 500 -1 0 0 0 -1 0 0 0 1 3004.DAT 
1 272 330 816 320 -1 0 0 0 -1 0 0 0 1 3004.DAT 
1 272 330 816 480 -1 0 0 0 -1 0 0 0 1 3004.DAT 
1 272 350 816 340 -1 0 0 0 -1 0 0 0 1 3004.DAT 
1 272 350 816 460 -1 0 0 0 -1 0 0 0 1 3004.DAT 
1 272 360 816 360 -1 0 0 0 -1 0 0 0 1 3005.dat 
1 272 370 816 440 -1 0 0 0 -1 0 0 0 1 3004.DAT 
1 272 380 816 330 0 0 1 0 -1 0 1 0 0 3004.DAT 
1 272 390 816 470 0 0 1 0 -1 0 1 0 0 3003.DAT 
1 272 410 816 310 0 0 1 0 -1 0 1 0 0 3003.DAT 
1 272 430 816 460 -1 0 0 0 -1 0 0 0 1 3004.DAT 
1 272 450 816 300 -1 0 0 0 -1 0 0 0 1 3004.DAT 
1 272 470 816 460 -1 0 0 0 -1 0 0 0 1 3004.DAT 
1 272 480 816 290 0 0 1 0 -1 0 1 0 0 3004.DAT 
1 272 480 816 480 -1 0 0 0 -1 0 0 0 1 3005.dat 
1 272 510 816 280 -1 0 0 0 -1 0 0 0 1 3004.DAT 
1 272 510 816 460 -1 0 0 0 -1 0 0 0 1 3004.DAT 
1 272 540 816 280 -1 0 0 0 -1 0 0 0 1 3005.dat 
1 272 550 816 460 -1 0 0 0 -1 0 0 0 1 3004.DAT 
1 272 570 816 300 -1 0 0 0 -1 0 0 0 1 3004.DAT 
1 272 570 816 440 -1 0 0 0 -1 0 0 0 1 3004.DAT 
1 272 580 816 320 -1 0 0 0 -1 0 0 0 1 3005.dat 
1 272 600 816 350 0 0 1 0 -1 0 1 0 0 3004.DAT 
1 272 600 816 390 0 0 1 0 -1 0 1 0 0 3004.DAT 
1 272 620 816 370 0 0 1 0 -1 0 1 0 0 3004.DAT 
1 272 290 816 320 -1 0 0 0 -1 0 0 0 1 3004.DAT 
1 272 200 816 370 0 0 1 0 -1 0 1 0 0 3004.DAT 
1 272 220 816 350 0 0 1 0 -1 0 1 0 0 3004.DAT 
1 272 590 816 420 -1 0 0 0 -1 0 0 0 1 3004.DAT 
0 STEP
1 272 140 840 450 0 0 1 0 -1 0 1 0 0 3004.DAT 
1 272 140 840 490 0 0 1 0 -1 0 1 0 0 3004.DAT 
1 272 160 840 430 0 0 1 0 -1 0 1 0 0 3004.DAT 
1 272 160 840 510 0 0 1 0 -1 0 1 0 0 3004.DAT 
1 272 180 840 390 0 0 1 0 -1 0 1 0 0 3004.DAT 
1 272 200 840 370 0 0 1 0 -1 0 1 0 0 3004.DAT 
1 272 210 840 560 -1 0 0 0 -1 0 0 0 1 3004.DAT 
1 272 240 840 330 0 0 1 0 -1 0 1 0 0 3004.DAT 
1 272 250 840 540 -1 0 0 0 -1 0 0 0 1 3004.DAT 
1 272 270 840 300 -1 0 0 0 -1 0 0 0 1 3004.DAT 
1 272 320 840 290 0 0 1 0 -1 0 1 0 0 3004.DAT 
1 272 330 840 480 -1 0 0 0 -1 0 0 0 1 3004.DAT 
1 272 370 840 310 1 0 0 0 -1 0 0 0 -1 3001.DAT 
1 272 370 840 470 0 0 1 0 -1 0 1 0 0 3003.DAT 
1 272 410 840 480 -1 0 0 0 -1 0 0 0 1 3004.DAT 
1 272 430 840 300 -1 0 0 0 -1 0 0 0 1 3004.DAT 
1 272 450 840 480 -1 0 0 0 -1 0 0 0 1 3004.DAT 
1 272 470 840 300 -1 0 0 0 -1 0 0 0 1 3004.DAT 
1 272 470 840 460 -1 0 0 0 -1 0 0 0 1 3004.DAT 
1 272 490 840 280 -1 0 0 0 -1 0 0 0 1 3004.DAT 
1 272 480 840 480 -1 0 0 0 -1 0 0 0 1 3005.dat 
1 272 510 840 460 -1 0 0 0 -1 0 0 0 1 3004.DAT 
1 272 530 840 280 -1 0 0 0 -1 0 0 0 1 3004.DAT 
1 272 550 840 300 -1 0 0 0 -1 0 0 0 1 3004.DAT 
1 272 540 840 460 -1 0 0 0 -1 0 0 0 1 3005.dat 
1 272 570 840 320 -1 0 0 0 -1 0 0 0 1 3004.DAT 
1 272 570 840 440 -1 0 0 0 -1 0 0 0 1 3004.DAT 
1 272 580 840 300 -1 0 0 0 -1 0 0 0 1 3005.dat 
1 272 580 840 350 0 0 1 0 -1 0 1 0 0 3004.DAT 
1 272 580 840 390 0 0 1 0 -1 0 1 0 0 3004.DAT 
1 272 590 840 420 -1 0 0 0 -1 0 0 0 1 3004.DAT 
1 272 600 840 370 0 0 1 0 -1 0 1 0 0 3004.DAT 
1 272 600 840 400 -1 0 0 0 -1 0 0 0 1 3005.dat 
1 272 300 840 310 0 0 1 0 -1 0 1 0 0 3004.DAT 
1 272 220 840 350 0 0 1 0 -1 0 1 0 0 3004.DAT 
1 272 180 840 530 0 0 1 0 -1 0 1 0 0 3004.DAT 
1 272 310 840 500 -1 0 0 0 -1 0 0 0 1 3004.DAT 
1 272 280 840 510 0 0 1 0 -1 0 1 0 0 3004.DAT 
0 STEP
1 272 160 864 430 0 0 1 0 -1 0 1 0 0 3004.DAT 
1 272 160 864 470 0 0 1 0 -1 0 1 0 0 3004.DAT 
1 272 180 864 390 0 0 1 0 -1 0 1 0 0 3004.DAT 
1 272 160 864 510 0 0 1 0 -1 0 1 0 0 3004.DAT 
1 272 190 864 540 -1 0 0 0 -1 0 0 0 1 3004.DAT 
1 272 200 864 370 0 0 1 0 -1 0 1 0 0 3004.DAT 
1 272 220 864 530 0 0 1 0 -1 0 1 0 0 3004.DAT 
1 272 240 864 540 -1 0 0 0 -1 0 0 0 1 3005.dat 
1 272 270 864 300 -1 0 0 0 -1 0 0 0 1 3004.DAT 
1 272 270 864 520 -1 0 0 0 -1 0 0 0 1 3004.DAT 
1 272 290 864 280 -1 0 0 0 -1 0 0 0 1 3004.DAT 
1 272 300 864 300 -1 0 0 0 -1 0 0 0 1 3005.dat 
1 272 310 864 500 -1 0 0 0 -1 0 0 0 1 3004.DAT 
1 272 330 864 280 -1 0 0 0 -1 0 0 0 1 3004.DAT 
1 272 330 864 480 -1 0 0 0 -1 0 0 0 1 3004.DAT 
1 272 350 864 300 -1 0 0 0 -1 0 0 0 1 3004.DAT 
1 272 370 864 480 -1 0 0 0 -1 0 0 0 1 3004.DAT 
1 272 390 864 300 -1 0 0 0 -1 0 0 0 1 3004.DAT 
1 272 400 864 490 0 0 1 0 -1 0 1 0 0 3004.DAT 
1 272 430 864 280 -1 0 0 0 -1 0 0 0 1 3004.DAT 
1 272 430 864 480 -1 0 0 0 -1 0 0 0 1 3004.DAT 
1 272 450 864 300 -1 0 0 0 -1 0 0 0 1 3004.DAT 
1 272 470 864 280 -1 0 0 0 -1 0 0 0 1 3004.DAT 
1 272 470 864 480 -1 0 0 0 -1 0 0 0 1 3004.DAT 
1 272 490 864 300 -1 0 0 0 -1 0 0 0 1 3004.DAT 
1 272 510 864 280 -1 0 0 0 -1 0 0 0 1 3004.DAT 
1 272 510 864 460 -1 0 0 0 -1 0 0 0 1 3004.DAT 
1 272 530 864 300 -1 0 0 0 -1 0 0 0 1 3004.DAT 
1 272 550 864 320 -1 0 0 0 -1 0 0 0 1 3004.DAT 
1 272 540 864 450 0 0 1 0 -1 0 1 0 0 3004.DAT 
1 272 560 864 350 0 0 1 0 -1 0 1 0 0 3004.DAT 
1 272 560 864 430 0 0 1 0 -1 0 1 0 0 3004.DAT 
1 272 580 864 370 0 0 1 0 -1 0 1 0 0 3004.DAT 
1 272 580 864 410 0 0 1 0 -1 0 1 0 0 3004.DAT 
1 272 600 864 380 -1 0 0 0 -1 0 0 0 1 3005.dat 
1 272 220 864 350 0 0 1 0 -1 0 1 0 0 3004.DAT 
1 272 240 864 330 0 0 1 0 -1 0 1 0 0 3004.DAT 
1 272 180 864 510 0 0 1 0 -1 0 1 0 0 3004.DAT 
0 STEP
1 272 160 888 450 0 0 1 0 -1 0 1 0 0 3004.DAT 
1 272 180 888 390 0 0 1 0 -1 0 1 0 0 3004.DAT 
1 272 180 888 430 0 0 1 0 -1 0 1 0 0 3004.DAT 
1 272 180 888 490 0 0 1 0 -1 0 1 0 0 3004.DAT 
1 272 200 888 370 0 0 1 0 -1 0 1 0 0 3004.DAT 
1 272 200 888 490 0 0 1 0 -1 0 1 0 0 3004.DAT 
1 272 210 888 520 -1 0 0 0 -1 0 0 0 1 3004.DAT 
1 272 220 888 330 0 0 1 0 -1 0 1 0 0 3004.DAT 
1 272 220 888 540 -1 0 0 0 -1 0 0 0 1 3005.dat 
1 272 240 888 310 0 0 1 0 -1 0 1 0 0 3004.DAT 
1 272 240 888 520 -1 0 0 0 -1 0 0 0 1 3005.dat 
1 272 270 888 300 -1 0 0 0 -1 0 0 0 1 3004.DAT 
1 272 270 888 500 -1 0 0 0 -1 0 0 0 1 3004.DAT 
1 272 290 888 280 -1 0 0 0 -1 0 0 0 1 3004.DAT 
1 272 260 888 520 -1 0 0 0 -1 0 0 0 1 3005.dat 
1 272 300 888 500 -1 0 0 0 -1 0 0 0 1 3005.dat 
1 272 330 888 280 -1 0 0 0 -1 0 0 0 1 3004.DAT 
1 272 330 888 480 -1 0 0 0 -1 0 0 0 1 3004.DAT 
1 272 370 888 280 -1 0 0 0 -1 0 0 0 1 3004.DAT 
1 272 370 888 480 -1 0 0 0 -1 0 0 0 1 3004.DAT 
1 272 390 888 500 -1 0 0 0 -1 0 0 0 1 3004.DAT 
1 272 410 888 280 -1 0 0 0 -1 0 0 0 1 3004.DAT 
1 272 410 888 480 -1 0 0 0 -1 0 0 0 1 3004.DAT 
1 272 450 888 280 -1 0 0 0 -1 0 0 0 1 3004.DAT 
1 272 450 888 480 -1 0 0 0 -1 0 0 0 1 3004.DAT 
1 272 480 888 290 0 0 1 0 -1 0 1 0 0 3004.DAT 
1 272 480 888 480 -1 0 0 0 -1 0 0 0 1 3005.dat 
1 272 510 888 300 -1 0 0 0 -1 0 0 0 1 3004.DAT 
1 272 510 888 460 -1 0 0 0 -1 0 0 0 1 3004.DAT 
1 272 530 888 320 -1 0 0 0 -1 0 0 0 1 3004.DAT 
1 272 530 888 440 -1 0 0 0 -1 0 0 0 1 3004.DAT 
1 272 550 888 340 -1 0 0 0 -1 0 0 0 1 3004.DAT 
1 272 560 888 370 0 0 1 0 -1 0 1 0 0 3004.DAT 
1 272 560 888 410 0 0 1 0 -1 0 1 0 0 3004.DAT 
1 272 580 888 390 0 0 1 0 -1 0 1 0 0 3004.DAT 
1 272 580 888 420 -1 0 0 0 -1 0 0 0 1 3005.dat 
0 STEP
1 6 30 912 480 -1 0 0 0 -1 0 0 0 1 3004.DAT 
1 6 50 912 450 0 0 1 0 -1 0 1 0 0 3003.DAT 
1 6 50 912 500 -1 0 0 0 -1 0 0 0 1 3004.DAT 
1 6 60 912 480 -1 0 0 0 -1 0 0 0 1 3005.dat 
1 272 190 912 400 -1 0 0 0 -1 0 0 0 1 3004.DAT 
1 272 180 912 430 0 0 1 0 -1 0 1 0 0 3004.DAT 
1 272 190 912 460 -1 0 0 0 -1 0 0 0 1 3004.DAT 
1 272 200 912 370 0 0 1 0 -1 0 1 0 0 3004.DAT 
1 272 200 912 440 -1 0 0 0 -1 0 0 0 1 3005.dat 
1 272 210 912 480 -1 0 0 0 -1 0 0 0 1 3004.DAT 
1 272 220 912 330 0 0 1 0 -1 0 1 0 0 3004.DAT 
1 272 230 912 500 -1 0 0 0 -1 0 0 0 1 3004.DAT 
1 272 250 912 480 -1 0 0 0 -1 0 0 0 1 3004.DAT 
1 272 260 912 290 0 0 1 0 -1 0 1 0 0 3004.DAT 
1 272 270 912 500 -1 0 0 0 -1 0 0 0 1 3004.DAT 
1 272 290 912 280 -1 0 0 0 -1 0 0 0 1 3004.DAT 
1 272 290 912 480 -1 0 0 0 -1 0 0 0 1 3004.DAT 
1 272 330 912 280 -1 0 0 0 -1 0 0 0 1 3004.DAT 
1 272 330 912 480 -1 0 0 0 -1 0 0 0 1 3004.DAT 
1 272 340 912 460 -1 0 0 0 -1 0 0 0 1 3005.dat 
1 272 370 912 280 -1 0 0 0 -1 0 0 0 1 3004.DAT 
1 272 370 912 480 -1 0 0 0 -1 0 0 0 1 3004.DAT 
1 272 410 912 280 -1 0 0 0 -1 0 0 0 1 3004.DAT 
1 272 410 912 480 -1 0 0 0 -1 0 0 0 1 3004.DAT 
1 272 450 912 280 -1 0 0 0 -1 0 0 0 1 3004.DAT 
1 272 450 912 480 -1 0 0 0 -1 0 0 0 1 3004.DAT 
1 272 480 912 290 0 0 1 0 -1 0 1 0 0 3004.DAT 
1 272 480 912 470 0 0 1 0 -1 0 1 0 0 3004.DAT 
1 272 500 912 300 -1 0 0 0 -1 0 0 0 1 3005.dat 
1 272 510 912 460 -1 0 0 0 -1 0 0 0 1 3004.DAT 
1 272 520 912 320 -1 0 0 0 -1 0 0 0 1 3005.dat 
1 272 530 912 440 -1 0 0 0 -1 0 0 0 1 3004.DAT 
1 272 540 912 350 0 0 1 0 -1 0 1 0 0 3004.DAT 
1 272 540 912 390 0 0 1 0 -1 0 1 0 0 3004.DAT 
1 272 540 912 420 -1 0 0 0 -1 0 0 0 1 3005.dat 
1 272 560 912 400 -1 0 0 0 -1 0 0 0 1 3005.dat 
1 272 240 912 310 0 0 1 0 -1 0 1 0 0 3004.DAT 
1 272 390 912 500 -1 0 0 0 -1 0 0 0 1 3004.DAT 
0 STEP
1 6 0 936 490 0 0 1 0 -1 0 1 0 0 3004.DAT 
1 6 20 936 510 0 0 1 0 -1 0 1 0 0 3004.DAT 
1 6 50 936 470 0 0 1 0 -1 0 1 0 0 3001.DAT 
1 6 40 936 520 -1 0 0 0 -1 0 0 0 1 3005.dat 
1 6 70 936 410 0 0 1 0 -1 0 1 0 0 3003.DAT 
1 6 80 936 450 0 0 1 0 -1 0 1 0 0 3004.DAT 
1 6 100 936 410 0 0 1 0 -1 0 1 0 0 3004.DAT 
1 272 200 936 370 0 0 1 0 -1 0 1 0 0 3004.DAT 
1 272 200 936 410 0 0 1 0 -1 0 1 0 0 3004.DAT 
1 272 200 936 450 0 0 1 0 -1 0 1 0 0 3004.DAT 
1 272 220 936 330 0 0 1 0 -1 0 1 0 0 3004.DAT 
1 272 230 936 460 -1 0 0 0 -1 0 0 0 1 3004.DAT 
1 272 240 936 300 -1 0 0 0 -1 0 0 0 1 3005.dat 
1 272 260 936 280 -1 0 0 0 -1 0 0 0 1 3005.dat 
1 272 290 936 470 1 0 0 0 -1 0 0 0 -1 3001.DAT 
1 272 290 936 280 -1 0 0 0 -1 0 0 0 1 3004.DAT 
1 272 300 936 280 -1 0 0 0 -1 0 0 0 1 3005.dat 
1 272 330 936 280 -1 0 0 0 -1 0 0 0 1 3004.DAT 
1 272 340 936 470 0 0 1 0 -1 0 1 0 0 3004.DAT 
1 272 370 936 280 -1 0 0 0 -1 0 0 0 1 3004.DAT 
1 272 370 936 480 -1 0 0 0 -1 0 0 0 1 3004.DAT 
1 272 410 936 280 -1 0 0 0 -1 0 0 0 1 3004.DAT 
1 272 410 936 480 -1 0 0 0 -1 0 0 0 1 3004.DAT 
1 272 450 936 280 -1 0 0 0 -1 0 0 0 1 3004.DAT 
1 272 450 936 480 -1 0 0 0 -1 0 0 0 1 3004.DAT 
1 272 480 936 290 0 0 1 0 -1 0 1 0 0 3004.DAT 
1 272 480 936 480 -1 0 0 0 -1 0 0 0 1 3005.dat 
1 272 500 936 310 0 0 1 0 -1 0 1 0 0 3004.DAT 
1 272 510 936 460 -1 0 0 0 -1 0 0 0 1 3004.DAT 
1 272 520 936 330 0 0 1 0 -1 0 1 0 0 3004.DAT 
1 272 530 936 370 0 0 1 0 -1 0 1 0 0 3003.DAT 
1 272 520 936 440 -1 0 0 0 -1 0 0 0 1 3005.dat 
1 272 540 936 410 0 0 1 0 -1 0 1 0 0 3004.DAT 
1 272 390 936 500 -1 0 0 0 -1 0 0 0 1 3004.DAT 
1 383 20 936 470 0 0 1 0 -1 0 1 0 0 3004.DAT 
0 STEP
1 6 10 960 490 0 0 1 0 -1 0 1 0 0 3003.DAT 
1 6 30 960 520 -1 0 0 0 -1 0 0 0 1 3004.DAT 
1 6 40 960 430 0 0 1 0 -1 0 1 0 0 3004.DAT 
1 6 90 960 390 1 0 0 0 -1 0 0 0 -1 3001.DAT 
1 6 80 960 450 0 0 1 0 -1 0 1 0 0 3004.DAT 
1 6 80 960 490 0 0 1 0 -1 0 1 0 0 3004.DAT 
1 6 100 960 360 -1 0 0 0 -1 0 0 0 1 3005.dat 
1 6 100 960 430 0 0 1 0 -1 0 1 0 0 3004.DAT 
1 6 140 960 390 0 0 1 0 -1 0 1 0 0 3004.DAT 
1 272 130 960 350 0 0 1 0 -1 0 1 0 0 3003.DAT 
1 272 160 960 350 0 0 1 0 -1 0 1 0 0 3004.DAT 
1 272 180 960 340 -1 0 0 0 -1 0 0 0 1 3005.dat 
1 272 220 960 330 0 0 1 0 -1 0 1 0 0 3004.DAT 
1 272 220 960 370 0 0 1 0 -1 0 1 0 0 3004.DAT 
1 272 220 960 410 0 0 1 0 -1 0 1 0 0 3004.DAT 
1 272 230 960 440 -1 0 0 0 -1 0 0 0 1 3004.DAT 
1 272 240 960 310 0 0 1 0 -1 0 1 0 0 3004.DAT 
1 272 240 960 420 -1 0 0 0 -1 0 0 0 1 3005.dat 
1 272 260 960 290 0 0 1 0 -1 0 1 0 0 3004.DAT 
1 272 270 960 440 -1 0 0 0 -1 0 0 0 1 3004.DAT 
1 272 290 960 280 -1 0 0 0 -1 0 0 0 1 3004.DAT 
1 272 290 960 460 -1 0 0 0 -1 0 0 0 1 3004.DAT 
1 272 320 960 290 0 0 1 0 -1 0 1 0 0 3004.DAT 
1 272 330 960 460 -1 0 0 0 -1 0 0 0 1 3004.DAT 
1 272 350 960 280 -1 0 0 0 -1 0 0 0 1 3004.DAT 
1 272 350 960 480 -1 0 0 0 -1 0 0 0 1 3004.DAT 
1 272 390 960 280 -1 0 0 0 -1 0 0 0 1 3004.DAT 
1 272 390 960 480 -1 0 0 0 -1 0 0 0 1 3004.DAT 
1 272 430 960 280 -1 0 0 0 -1 0 0 0 1 3004.DAT 
1 272 430 960 480 -1 0 0 0 -1 0 0 0 1 3004.DAT 
1 272 460 960 290 0 0 1 0 -1 0 1 0 0 3004.DAT 
1 272 490 960 460 -1 0 0 0 -1 0 0 0 1 3004.DAT 
1 272 500 960 330 0 0 1 0 -1 0 1 0 0 3004.DAT 
1 272 510 960 440 -1 0 0 0 -1 0 0 0 1 3004.DAT 
1 320 520 960 350 0 0 1 0 -1 0 1 0 0 3004.DAT 
1 320 520 960 390 0 0 1 0 -1 0 1 0 0 3004.DAT 
1 320 520 960 420 -1 0 0 0 -1 0 0 0 1 3005.dat 
1 320 540 960 400 -1 0 0 0 -1 0 0 0 1 3005.dat 
1 383 20 960 450 0 0 1 0 -1 0 1 0 0 3004.DAT 
1 272 480 960 310 0 0 1 0 -1 0 1 0 0 3004.DAT 
1 272 460 960 470 0 0 1 0 -1 0 1 0 0 3004.DAT 
1 6 60 960 510 0 0 1 0 -1 0 1 0 0 3004.DAT 
0 STEP
1 6 10 984 490 0 0 1 0 -1 0 1 0 0 3003.DAT 
1 6 10 984 520 -1 0 0 0 -1 0 0 0 1 3004.DAT 
1 6 40 984 410 0 0 1 0 -1 0 1 0 0 3004.DAT 
1 6 40 984 520 -1 0 0 0 -1 0 0 0 1 3005.dat 
1 6 60 984 390 0 0 1 0 -1 0 1 0 0 3004.DAT 
1 6 70 984 500 -1 0 0 0 -1 0 0 0 1 3004.DAT 
1 6 80 984 360 -1 0 0 0 -1 0 0 0 1 3005.dat 
1 6 80 984 380 -1 0 0 0 -1 0 0 0 1 3005.dat 
1 6 80 984 450 0 0 1 0 -1 0 1 0 0 3004.DAT 
1 6 80 984 480 -1 0 0 0 -1 0 0 0 1 3005.dat 
1 6 100 984 350 0 0 1 0 -1 0 1 0 0 3004.DAT 
1 6 100 984 430 0 0 1 0 -1 0 1 0 0 3004.DAT 
1 6 120 984 410 0 0 1 0 -1 0 1 0 0 3004.DAT 
1 6 140 984 390 0 0 1 0 -1 0 1 0 0 3004.DAT 
1 6 140 984 420 -1 0 0 0 -1 0 0 0 1 3005.dat 
1 6 170 984 380 -1 0 0 0 -1 0 0 0 1 3004.DAT 
1 70 470 984 520 -1 0 0 0 -1 0 0 0 1 3004.DAT 
1 70 480 984 490 0 0 1 0 -1 0 1 0 0 3004.DAT 
1 70 510 984 470 0 0 1 0 -1 0 1 0 0 3003.DAT 
1 70 500 984 500 -1 0 0 0 -1 0 0 0 1 3005.dat 
1 272 120 984 330 0 0 1 0 -1 0 1 0 0 3004.DAT 
1 272 140 984 310 0 0 1 0 -1 0 1 0 0 3004.DAT 
1 272 170 984 280 -1 0 0 0 -1 0 0 0 1 3004.DAT 
1 272 170 984 310 0 0 1 0 -1 0 1 0 0 3003.DAT 
1 272 180 984 360 -1 0 0 0 -1 0 0 0 1 3005.dat 
1 272 200 984 300 -1 0 0 0 -1 0 0 0 1 3005.dat 
1 272 200 984 320 -1 0 0 0 -1 0 0 0 1 3005.dat 
1 272 210 984 340 -1 0 0 0 -1 0 0 0 1 3004.DAT 
1 272 220 984 300 -1 0 0 0 -1 0 0 0 1 3005.dat 
1 272 240 984 310 0 0 1 0 -1 0 1 0 0 3004.DAT 
1 272 270 984 300 -1 0 0 0 -1 0 0 0 1 3004.DAT 
1 272 270 984 440 -1 0 0 0 -1 0 0 0 1 3004.DAT 
1 272 290 984 280 -1 0 0 0 -1 0 0 0 1 3004.DAT 
1 272 300 984 450 0 0 1 0 -1 0 1 0 0 3004.DAT 
1 272 330 984 280 -1 0 0 0 -1 0 0 0 1 3004.DAT 
1 272 320 984 460 -1 0 0 0 -1 0 0 0 1 3005.dat 
1 272 350 984 480 -1 0 0 0 -1 0 0 0 1 3004.DAT 
1 272 370 984 280 -1 0 0 0 -1 0 0 0 1 3004.DAT 
1 272 390 984 480 -1 0 0 0 -1 0 0 0 1 3004.DAT 
1 272 410 984 280 -1 0 0 0 -1 0 0 0 1 3004.DAT 
1 272 430 984 480 -1 0 0 0 -1 0 0 0 1 3004.DAT 
1 272 450 984 280 -1 0 0 0 -1 0 0 0 1 3004.DAT 
1 272 470 984 300 -1 0 0 0 -1 0 0 0 1 3004.DAT 
1 272 460 984 480 -1 0 0 0 -1 0 0 0 1 3005.dat 
1 272 480 984 460 -1 0 0 0 -1 0 0 0 1 3005.dat 
1 320 220 984 370 0 0 1 0 -1 0 1 0 0 3004.DAT 
1 320 230 984 400 -1 0 0 0 -1 0 0 0 1 3004.DAT 
1 320 250 984 420 -1 0 0 0 -1 0 0 0 1 3004.DAT 
1 320 490 984 320 -1 0 0 0 -1 0 0 0 1 3004.DAT 
1 320 520 984 370 0 0 1 0 -1 0 1 0 0 3004.DAT 
1 320 520 984 410 0 0 1 0 -1 0 1 0 0 3004.DAT 
1 383 20 984 450 0 0 1 0 -1 0 1 0 0 3004.DAT 
1 320 500 984 430 0 0 1 0 -1 0 1 0 0 3004.DAT 
1 320 500 984 350 0 0 1 0 -1 0 1 0 0 3004.DAT 
0 STEP
1 6 10 1008 500 -1 0 0 0 -1 0 0 0 1 3004.DAT 
1 6 30 1008 450 0 0 1 0 -1 0 1 0 0 3003.DAT 
1 6 30 1008 480 -1 0 0 0 -1 0 0 0 1 3004.DAT 
1 6 40 1008 410 0 0 1 0 -1 0 1 0 0 3004.DAT 
1 6 50 1008 500 -1 0 0 0 -1 0 0 0 1 3004.DAT 
1 6 60 1008 390 0 0 1 0 -1 0 1 0 0 3004.DAT 
1 6 80 1008 350 0 0 1 0 -1 0 1 0 0 3004.DAT 
1 6 80 1008 450 0 0 1 0 -1 0 1 0 0 3004.DAT 
1 6 80 1008 490 0 0 1 0 -1 0 1 0 0 3004.DAT 
1 6 100 1008 330 0 0 1 0 -1 0 1 0 0 3004.DAT 
1 6 150 1008 400 -1 0 0 0 -1 0 0 0 1 3004.DAT 
1 6 170 1008 380 -1 0 0 0 -1 0 0 0 1 3004.DAT 
1 70 450 1008 480 -1 0 0 0 -1 0 0 0 1 3004.DAT 
1 70 450 1008 510 0 0 1 0 -1 0 1 0 0 3003.DAT 
1 70 490 1008 310 0 0 1 0 -1 0 1 0 0 3003.DAT 
1 70 480 1008 460 -1 0 0 0 -1 0 0 0 1 3005.dat 
1 70 480 1008 490 0 0 1 0 -1 0 1 0 0 3004.DAT 
1 70 510 1008 470 0 0 1 0 -1 0 1 0 0 3003.DAT 
1 70 500 1008 500 -1 0 0 0 -1 0 0 0 1 3005.dat 
1 70 520 1008 330 0 0 1 0 -1 0 1 0 0 3004.DAT 
1 70 530 1008 360 -1 0 0 0 -1 0 0 0 1 3004.DAT 
1 70 530 1008 390 0 0 1 0 -1 0 1 0 0 3003.DAT 
1 70 520 1008 430 0 0 1 0 -1 0 1 0 0 3004.DAT 
1 70 540 1008 420 -1 0 0 0 -1 0 0 0 1 3005.dat 
1 70 540 1008 450 0 0 1 0 -1 0 1 0 0 3004.DAT 
1 179 410 1008 500 -1 0 0 0 -1 0 0 0 1 3004.DAT 
1 272 370 1008 480 -1 0 0 0 -1 0 0 0 1 3004.DAT 
1 272 120 1008 310 0 0 1 0 -1 0 1 0 0 3004.DAT 
1 272 140 1008 290 0 0 1 0 -1 0 1 0 0 3004.DAT 
1 272 160 1008 280 -1 0 0 0 -1 0 0 0 1 3005.dat 
1 272 210 1008 290 1 0 0 0 -1 0 0 0 -1 3001.DAT 
1 272 190 1008 360 -1 0 0 0 -1 0 0 0 1 3004.DAT 
1 272 260 1008 310 0 0 1 0 -1 0 1 0 0 3004.DAT 
1 272 290 1008 280 -1 0 0 0 -1 0 0 0 1 3004.DAT 
1 272 300 1008 450 0 0 1 0 -1 0 1 0 0 3004.DAT 
1 272 330 1008 280 -1 0 0 0 -1 0 0 0 1 3004.DAT 
1 272 360 1008 280 -1 0 0 0 -1 0 0 0 1 3005.dat 
1 272 390 1008 280 -1 0 0 0 -1 0 0 0 1 3004.DAT 
1 272 420 1008 280 -1 0 0 0 -1 0 0 0 1 3005.dat 
1 272 450 1008 300 -1 0 0 0 -1 0 0 0 1 3004.DAT 
1 272 330 1008 460 -1 0 0 0 -1 0 0 0 1 3004.DAT 
1 272 340 1008 480 -1 0 0 0 -1 0 0 0 1 3005.dat 
1 320 100 1008 430 0 0 1 0 -1 0 1 0 0 3004.DAT 
1 320 120 1008 420 -1 0 0 0 -1 0 0 0 1 3005.dat 
1 320 220 1008 360 -1 0 0 0 -1 0 0 0 1 3005.dat 
1 320 240 1008 390 0 0 1 0 -1 0 1 0 0 3004.DAT 
1 320 260 1008 410 0 0 1 0 -1 0 1 0 0 3004.DAT 
1 320 280 1008 430 0 0 1 0 -1 0 1 0 0 3004.DAT 
0 STEP
1 6 50 1032 450 0 0 1 0 -1 0 1 0 0 3001.DAT 
1 6 60 1032 390 0 0 1 0 -1 0 1 0 0 3004.DAT 
1 6 60 1032 500 -1 0 0 0 -1 0 0 0 1 3005.dat 
1 6 80 1032 350 0 0 1 0 -1 0 1 0 0 3004.DAT 
1 6 80 1032 470 0 0 1 0 -1 0 1 0 0 3004.DAT 
1 6 110 1032 320 -1 0 0 0 -1 0 0 0 1 3004.DAT 
1 6 160 1032 400 -1 0 0 0 -1 0 0 0 1 3005.dat 
1 6 200 1032 360 -1 0 0 0 -1 0 0 0 1 3005.dat 
1 70 220 1032 350 0 0 1 0 -1 0 1 0 0 3004.DAT 
1 70 230 1032 390 0 0 1 0 -1 0 1 0 0 3003.DAT 
1 70 240 1032 350 0 0 1 0 -1 0 1 0 0 3004.DAT 
1 70 250 1032 430 0 0 1 0 -1 0 1 0 0 3003.DAT 
1 70 270 1032 460 -1 0 0 0 -1 0 0 0 1 3004.DAT 
1 70 280 1032 290 0 0 1 0 -1 0 1 0 0 3004.DAT 
1 70 290 1032 480 -1 0 0 0 -1 0 0 0 1 3004.DAT 
1 70 310 1032 280 -1 0 0 0 -1 0 0 0 1 3004.DAT 
1 70 300 1032 500 -1 0 0 0 -1 0 0 0 1 3005.dat 
1 70 350 1032 280 -1 0 0 0 -1 0 0 0 1 3004.DAT 
1 70 350 1032 480 -1 0 0 0 -1 0 0 0 1 3004.DAT 
1 70 390 1032 280 -1 0 0 0 -1 0 0 0 1 3004.DAT 
1 70 380 1032 480 -1 0 0 0 -1 0 0 0 1 3005.dat 
1 70 420 1032 280 -1 0 0 0 -1 0 0 0 1 3005.dat 
1 70 450 1032 300 -1 0 0 0 -1 0 0 0 1 3004.DAT 
1 70 450 1032 510 0 0 1 0 -1 0 1 0 0 3003.DAT 
1 70 490 1032 300 -1 0 0 0 -1 0 0 0 1 3004.DAT 
1 70 480 1032 510 0 0 1 0 -1 0 1 0 0 3004.DAT 
1 70 510 1032 320 -1 0 0 0 -1 0 0 0 1 3004.DAT 
1 70 500 1032 500 -1 0 0 0 -1 0 0 0 1 3005.dat 
1 70 520 1032 350 0 0 1 0 -1 0 1 0 0 3004.DAT 
1 70 530 1032 460 -1 0 0 0 -1 0 0 0 1 3004.DAT 
1 70 520 1032 480 -1 0 0 0 -1 0 0 0 1 3005.dat 
1 70 540 1032 430 0 0 1 0 -1 0 1 0 0 3004.DAT 
1 70 540 1032 370 0 0 1 0 -1 0 1 0 0 3004.DAT 
1 70 530 1032 400 -1 0 0 0 -1 0 0 0 1 3004.DAT 
1 179 320 1032 480 -1 0 0 0 -1 0 0 0 1 3005.dat 
1 179 340 1032 500 -1 0 0 0 -1 0 0 0 1 3005.dat 
1 179 370 1032 520 -1 0 0 0 -1 0 0 0 1 3004.DAT 
1 179 410 1032 520 -1 0 0 0 -1 0 0 0 1 3004.DAT 
1 272 80 1032 380 -1 0 0 0 -1 0 0 0 1 3005.dat 
1 272 100 1032 340 -1 0 0 0 -1 0 0 0 1 3005.dat 
1 272 130 1032 300 -1 0 0 0 -1 0 0 0 1 3004.DAT 
1 272 140 1032 280 -1 0 0 0 -1 0 0 0 1 3005.dat 
1 272 170 1032 280 -1 0 0 0 -1 0 0 0 1 3004.DAT 
1 272 190 1032 260 -1 0 0 0 -1 0 0 0 1 3004.DAT 
1 272 190 1032 380 -1 0 0 0 -1 0 0 0 1 3004.DAT 
1 272 230 1032 260 -1 0 0 0 -1 0 0 0 1 3004.DAT 
1 272 230 1032 320 -1 0 0 0 -1 0 0 0 1 3004.DAT 
1 272 250 1032 290 0 0 1 0 -1 0 1 0 0 3003.DAT 
1 272 410 1032 480 -1 0 0 0 -1 0 0 0 1 3004.DAT 
1 320 90 1032 430 0 0 1 0 -1 0 1 0 0 3003.DAT 
1 320 120 1032 420 -1 0 0 0 -1 0 0 0 1 3005.dat 
1 320 140 1032 410 0 0 1 0 -1 0 1 0 0 3004.DAT 
0 STEP
1 6 90 1056 350 0 0 1 0 -1 0 1 0 0 3003.DAT 
1 6 80 1056 380 -1 0 0 0 -1 0 0 0 1 3005.dat 
1 6 80 1056 410 0 0 1 0 -1 0 1 0 0 3004.DAT 
1 6 100 1056 320 -1 0 0 0 -1 0 0 0 1 3005.dat 
1 6 110 1056 400 -1 0 0 0 -1 0 0 0 1 3004.DAT 
1 6 100 1056 420 -1 0 0 0 -1 0 0 0 1 3005.dat 
1 6 150 1056 400 -1 0 0 0 -1 0 0 0 1 3004.DAT 
1 6 80 1056 440 -1 0 0 0 -1 0 0 0 1 3005.dat 
1 70 220 1056 370 0 0 1 0 -1 0 1 0 0 3004.DAT 
1 70 230 1056 400 -1 0 0 0 -1 0 0 0 1 3004.DAT 
1 70 240 1056 350 0 0 1 0 -1 0 1 0 0 3004.DAT 
1 70 240 1056 380 -1 0 0 0 -1 0 0 0 1 3005.dat 
1 70 250 1056 440 -1 0 0 0 -1 0 0 0 1 3004.DAT 
1 70 260 1056 420 -1 0 0 0 -1 0 0 0 1 3005.dat 
1 70 270 1056 460 -1 0 0 0 -1 0 0 0 1 3004.DAT 
1 70 280 1056 280 -1 0 0 0 -1 0 0 0 1 3005.dat 
1 70 290 1056 480 -1 0 0 0 -1 0 0 0 1 3004.DAT 
1 70 300 1056 290 0 0 1 0 -1 0 1 0 0 3004.DAT 
1 70 300 1056 500 -1 0 0 0 -1 0 0 0 1 3005.dat 
1 70 330 1056 280 -1 0 0 0 -1 0 0 0 1 3004.DAT 
1 70 370 1056 280 -1 0 0 0 -1 0 0 0 1 3004.DAT 
1 70 400 1056 280 -1 0 0 0 -1 0 0 0 1 3005.dat 
1 70 440 1056 510 0 0 1 0 -1 0 1 0 0 3004.DAT 
1 70 460 1056 300 -1 0 0 0 -1 0 0 0 1 3005.dat 
1 70 490 1056 300 -1 0 0 0 -1 0 0 0 1 3004.DAT 
1 70 480 1056 480 -1 0 0 0 -1 0 0 0 1 3005.dat 
1 70 490 1056 500 -1 0 0 0 -1 0 0 0 1 3004.DAT 
1 70 510 1056 320 -1 0 0 0 -1 0 0 0 1 3004.DAT 
1 70 500 1056 470 0 0 1 0 -1 0 1 0 0 3004.DAT 
1 70 520 1056 350 0 0 1 0 -1 0 1 0 0 3004.DAT 
1 70 530 1056 390 0 0 1 0 -1 0 1 0 0 3003.DAT 
1 70 530 1056 460 -1 0 0 0 -1 0 0 0 1 3004.DAT 
1 70 520 1056 480 -1 0 0 0 -1 0 0 0 1 3005.dat 
1 70 540 1056 360 -1 0 0 0 -1 0 0 0 1 3005.dat 
1 70 540 1056 430 0 0 1 0 -1 0 1 0 0 3004.DAT 
1 70 480 1056 510 0 0 1 0 -1 0 1 0 0 3004.DAT 
1 70 430 1056 280 -1 0 0 0 -1 0 0 0 1 3004.DAT 
1 70 460 1056 510 0 0 1 0 -1 0 1 0 0 3004.DAT 
1 179 370 1056 520 -1 0 0 0 -1 0 0 0 1 3004.DAT 
1 179 400 1056 510 0 0 1 0 -1 0 1 0 0 3004.DAT 
1 179 420 1056 520 -1 0 0 0 -1 0 0 0 1 3005.dat 
1 179 330 1056 500 -1 0 0 0 -1 0 0 0 1 3004.DAT 
1 272 120 1056 290 0 0 1 0 -1 0 1 0 0 3004.DAT 
1 272 120 1056 320 -1 0 0 0 -1 0 0 0 1 3005.dat 
1 272 140 1056 280 -1 0 0 0 -1 0 0 0 1 3005.dat 
1 272 160 1056 270 0 0 1 0 -1 0 1 0 0 3004.DAT 
1 272 180 1056 260 -1 0 0 0 -1 0 0 0 1 3005.dat 
1 272 190 1056 380 -1 0 0 0 -1 0 0 0 1 3004.DAT 
1 272 210 1056 240 -1 0 0 0 -1 0 0 0 1 3004.DAT 
1 272 200 1056 360 -1 0 0 0 -1 0 0 0 1 3005.dat 
1 272 220 1056 340 -1 0 0 0 -1 0 0 0 1 3005.dat 
1 272 250 1056 240 -1 0 0 0 -1 0 0 0 1 3004.DAT 
1 272 250 1056 320 -1 0 0 0 -1 0 0 0 1 3004.DAT 
1 272 260 1056 270 0 0 1 0 -1 0 1 0 0 3004.DAT 
1 272 270 1056 300 -1 0 0 0 -1 0 0 0 1 3004.DAT 
1 272 280 1056 260 -1 0 0 0 -1 0 0 0 1 3005.dat 
1 320 120 1056 420 -1 0 0 0 -1 0 0 0 1 3005.dat 
0 STEP
1 6 100 1080 350 0 0 1 0 -1 0 1 0 0 3004.DAT 
1 6 110 1080 380 -1 0 0 0 -1 0 0 0 1 3004.DAT 
1 6 130 1080 400 -1 0 0 0 -1 0 0 0 1 3004.DAT 
1 6 160 1080 400 -1 0 0 0 -1 0 0 0 1 3005.dat 
1 70 220 1080 370 0 0 1 0 -1 0 1 0 0 3004.DAT 
1 70 230 1080 400 -1 0 0 0 -1 0 0 0 1 3004.DAT 
1 70 240 1080 350 0 0 1 0 -1 0 1 0 0 3004.DAT 
1 70 250 1080 440 -1 0 0 0 -1 0 0 0 1 3004.DAT 
1 70 260 1080 400 -1 0 0 0 -1 0 0 0 1 3005.dat 
1 70 260 1080 420 -1 0 0 0 -1 0 0 0 1 3005.dat 
1 70 270 1080 460 -1 0 0 0 -1 0 0 0 1 3004.DAT 
1 70 300 1080 290 0 0 1 0 -1 0 1 0 0 3004.DAT 
1 70 330 1080 280 -1 0 0 0 -1 0 0 0 1 3004.DAT 
1 70 370 1080 280 -1 0 0 0 -1 0 0 0 1 3004.DAT 
1 70 400 1080 280 -1 0 0 0 -1 0 0 0 1 3005.dat 
1 70 430 1080 280 -1 0 0 0 -1 0 0 0 1 3004.DAT 
1 70 450 1080 520 -1 0 0 0 -1 0 0 0 1 3004.DAT 
1 70 460 1080 300 -1 0 0 0 -1 0 0 0 1 3005.dat 
1 70 490 1080 300 -1 0 0 0 -1 0 0 0 1 3004.DAT 
1 70 480 1080 480 -1 0 0 0 -1 0 0 0 1 3005.dat 
1 70 500 1080 470 0 0 1 0 -1 0 1 0 0 3004.DAT 
1 70 510 1080 500 -1 0 0 0 -1 0 0 0 1 3004.DAT 
1 70 520 1080 340 -1 0 0 0 -1 0 0 0 1 3005.dat 
1 70 520 1080 390 0 0 1 0 -1 0 1 0 0 3004.DAT 
1 70 530 1080 460 -1 0 0 0 -1 0 0 0 1 3004.DAT 
1 70 520 1080 480 -1 0 0 0 -1 0 0 0 1 3005.dat 
1 70 540 1080 370 0 0 1 0 -1 0 1 0 0 3004.DAT 
1 70 540 1080 400 -1 0 0 0 -1 0 0 0 1 3005.dat 
1 70 540 1080 430 0 0 1 0 -1 0 1 0 0 3004.DAT 
1 70 540 1080 480 -1 0 0 0 -1 0 0 0 1 3005.dat 
1 70 300 1080 500 -1 0 0 0 -1 0 0 0 1 3005.dat 
1 179 360 1080 520 -1 0 0 0 -1 0 0 0 1 3005.dat 
1 179 380 1080 510 0 0 1 0 -1 0 1 0 0 3004.DAT 
1 179 410 1080 520 -1 0 0 0 -1 0 0 0 1 3004.DAT 
1 179 330 1080 500 -1 0 0 0 -1 0 0 0 1 3004.DAT 
1 272 120 1080 280 -1 0 0 0 -1 0 0 0 1 3005.dat 
1 272 120 1080 300 -1 0 0 0 -1 0 0 0 1 3005.dat 
1 272 120 1080 330 0 0 1 0 -1 0 1 0 0 3004.DAT 
1 272 120 1080 360 -1 0 0 0 -1 0 0 0 1 3005.dat 
1 272 150 1080 280 -1 0 0 0 -1 0 0 0 1 3004.DAT 
1 272 150 1080 380 -1 0 0 0 -1 0 0 0 1 3004.DAT 
1 272 170 1080 260 -1 0 0 0 -1 0 0 0 1 3004.DAT 
1 272 190 1080 240 -1 0 0 0 -1 0 0 0 1 3004.DAT 
1 272 190 1080 380 -1 0 0 0 -1 0 0 0 1 3004.DAT 
1 272 210 1080 340 -1 0 0 0 -1 0 0 0 1 3004.DAT 
1 272 200 1080 360 -1 0 0 0 -1 0 0 0 1 3005.dat 
1 272 230 1080 240 -1 0 0 0 -1 0 0 0 1 3004.DAT 
1 272 250 1080 220 -1 0 0 0 -1 0 0 0 1 3004.DAT 
1 272 240 1080 310 0 0 1 0 -1 0 1 0 0 3004.DAT 
1 272 270 1080 240 -1 0 0 0 -1 0 0 0 1 3004.DAT 
1 272 260 1080 290 0 0 1 0 -1 0 1 0 0 3004.DAT 
1 272 260 1080 330 0 0 1 0 -1 0 1 0 0 3004.DAT 
1 272 280 1080 270 0 0 1 0 -1 0 1 0 0 3004.DAT 
1 383 480 1080 510 0 0 1 0 -1 0 1 0 0 3004.DAT 
1 383 290 1080 480 -1 0 0 0 -1 0 0 0 1 3004.DAT 
1 383 510 1080 320 -1 0 0 0 -1 0 0 0 1 3004.DAT 
0 STEP
1 6 130 1104 360 -1 0 0 0 -1 0 0 0 1 3004.DAT 
1 6 140 1104 380 -1 0 0 0 -1 0 0 0 1 3005.dat 
1 70 220 1104 350 0 0 1 0 -1 0 1 0 0 3004.DAT 
1 70 220 1104 390 0 0 1 0 -1 0 1 0 0 3004.DAT 
1 70 240 1104 340 -1 0 0 0 -1 0 0 0 1 3005.dat 
1 70 240 1104 400 -1 0 0 0 -1 0 0 0 1 3005.dat 
1 70 260 1104 400 -1 0 0 0 -1 0 0 0 1 3005.dat 
1 70 260 1104 420 -1 0 0 0 -1 0 0 0 1 3005.dat 
1 70 270 1104 460 -1 0 0 0 -1 0 0 0 1 3004.DAT 
1 70 280 1104 480 -1 0 0 0 -1 0 0 0 1 3005.dat 
1 70 300 1104 500 -1 0 0 0 -1 0 0 0 1 3005.dat 
1 70 450 1104 520 -1 0 0 0 -1 0 0 0 1 3004.DAT 
1 70 470 1104 500 -1 0 0 0 -1 0 0 0 1 3004.DAT 
1 70 490 1104 480 -1 0 0 0 -1 0 0 0 1 3004.DAT 
1 70 480 1104 520 -1 0 0 0 -1 0 0 0 1 3005.dat 
1 70 500 1104 340 -1 0 0 0 -1 0 0 0 1 3005.dat 
1 70 510 1104 500 -1 0 0 0 -1 0 0 0 1 3004.DAT 
1 70 520 1104 330 0 0 1 0 -1 0 1 0 0 3004.DAT 
1 70 530 1104 380 -1 0 0 0 -1 0 0 0 1 3004.DAT 
1 70 520 1104 410 0 0 1 0 -1 0 1 0 0 3004.DAT 
1 70 530 1104 470 0 0 1 0 -1 0 1 0 0 3003.DAT 
1 70 540 1104 400 -1 0 0 0 -1 0 0 0 1 3005.dat 
1 70 490 1104 300 -1 0 0 0 -1 0 0 0 1 3004.DAT 
1 179 330 1104 480 -1 0 0 0 -1 0 0 0 1 3004.DAT 
1 179 370 1104 520 -1 0 0 0 -1 0 0 0 1 3004.DAT 
1 179 410 1104 520 -1 0 0 0 -1 0 0 0 1 3004.DAT 
1 179 350 1104 500 -1 0 0 0 -1 0 0 0 1 3004.DAT 
1 272 120 1104 310 0 0 1 0 -1 0 1 0 0 3004.DAT 
1 272 120 1104 340 -1 0 0 0 -1 0 0 0 1 3005.dat 
1 272 140 1104 290 0 0 1 0 -1 0 1 0 0 3004.DAT 
1 272 150 1104 340 -1 0 0 0 -1 0 0 0 1 3004.DAT 
1 272 160 1104 270 0 0 1 0 -1 0 1 0 0 3004.DAT 
1 272 160 1104 300 -1 0 0 0 -1 0 0 0 1 3005.dat 
1 272 170 1104 360 -1 0 0 0 -1 0 0 0 1 3004.DAT 
1 272 170 1104 380 -1 0 0 0 -1 0 0 0 1 3004.DAT 
1 272 180 1104 250 0 0 1 0 -1 0 1 0 0 3004.DAT 
1 272 190 1104 340 -1 0 0 0 -1 0 0 0 1 3004.DAT 
1 272 200 1104 240 -1 0 0 0 -1 0 0 0 1 3005.dat 
1 272 210 1104 320 -1 0 0 0 -1 0 0 0 1 3004.DAT 
1 272 200 1104 360 -1 0 0 0 -1 0 0 0 1 3005.dat 
1 272 230 1104 220 -1 0 0 0 -1 0 0 0 1 3004.DAT 
1 272 240 1104 310 0 0 1 0 -1 0 1 0 0 3004.DAT 
1 272 260 1104 230 0 0 1 0 -1 0 1 0 0 3004.DAT 
1 272 270 1104 290 0 0 1 0 -1 0 1 0 0 3003.DAT 
1 272 260 1104 330 0 0 1 0 -1 0 1 0 0 3004.DAT 
1 272 260 1104 370 0 0 1 0 -1 0 1 0 0 3004.DAT 
1 272 280 1104 250 0 0 1 0 -1 0 1 0 0 3004.DAT 
1 272 280 1104 320 -1 0 0 0 -1 0 0 0 1 3005.dat 
1 272 300 1104 290 0 0 1 0 -1 0 1 0 0 3004.DAT 
1 272 320 1104 280 -1 0 0 0 -1 0 0 0 1 3005.dat 
1 272 350 1104 300 -1 0 0 0 -1 0 0 0 1 3004.DAT 
1 272 390 1104 300 -1 0 0 0 -1 0 0 0 1 3004.DAT 
1 272 430 1104 300 -1 0 0 0 -1 0 0 0 1 3004.DAT 
1 272 470 1104 320 -1 0 0 0 -1 0 0 0 1 3004.DAT 
1 308 360 1104 280 -1 0 0 0 -1 0 0 0 1 3005.dat 
1 308 390 1104 280 -1 0 0 0 -1 0 0 0 1 3004.DAT 
1 383 250 1104 440 -1 0 0 0 -1 0 0 0 1 3004.DAT 
1 383 540 1104 360 -1 0 0 0 -1 0 0 0 1 3005.dat 
1 383 540 1104 430 0 0 1 0 -1 0 1 0 0 3004.DAT 
0 STEP
1 15 350 1128 480 -1 0 0 0 -1 0 0 0 1 3004.DAT 
1 15 430 1128 500 -1 0 0 0 -1 0 0 0 1 3004.DAT 
1 15 450 1128 480 -1 0 0 0 -1 0 0 0 1 3004.DAT 
1 15 390 1128 500 -1 0 0 0 -1 0 0 0 1 3004.DAT 
1 70 230 1128 370 0 0 1 0 -1 0 1 0 0 3001.DAT 
1 70 250 1128 440 -1 0 0 0 -1 0 0 0 1 3004.DAT 
1 70 260 1128 420 -1 0 0 0 -1 0 0 0 1 3005.dat 
1 70 290 1128 480 -1 0 0 0 -1 0 0 0 1 3004.DAT 
1 70 500 1128 310 0 0 1 0 -1 0 1 0 0 3004.DAT 
1 70 530 1128 460 -1 0 0 0 -1 0 0 0 1 3004.DAT 
1 70 500 1128 480 -1 0 0 0 -1 0 0 0 1 3005.dat 
1 70 520 1128 330 0 0 1 0 -1 0 1 0 0 3004.DAT 
1 70 530 1128 370 0 0 1 0 -1 0 1 0 0 3003.DAT 
1 70 530 1128 410 0 0 1 0 -1 0 1 0 0 3003.DAT 
1 70 530 1128 440 -1 0 0 0 -1 0 0 0 1 3004.DAT 
1 70 530 1128 480 -1 0 0 0 -1 0 0 0 1 3004.DAT 
1 70 250 1128 320 -1 0 0 0 -1 0 0 0 1 3004.DAT 
1 272 140 1128 310 0 0 1 0 -1 0 1 0 0 3004.DAT 
1 272 140 1128 340 -1 0 0 0 -1 0 0 0 1 3005.dat 
1 272 170 1128 310 0 0 1 0 -1 0 1 0 0 3001.DAT 
1 272 190 1128 250 0 0 1 0 -1 0 1 0 0 3003.DAT 
1 272 180 1128 360 -1 0 0 0 -1 0 0 0 1 3005.dat 
1 272 200 1128 290 0 0 1 0 -1 0 1 0 0 3004.DAT 
1 272 200 1128 320 -1 0 0 0 -1 0 0 0 1 3005.dat 
1 272 230 1128 220 -1 0 0 0 -1 0 0 0 1 3004.DAT 
1 272 230 1128 300 -1 0 0 0 -1 0 0 0 1 3004.DAT 
1 272 270 1128 220 -1 0 0 0 -1 0 0 0 1 3004.DAT 
1 272 310 1128 290 1 0 0 0 -1 0 0 0 -1 3001.DAT 
1 272 280 1128 250 0 0 1 0 -1 0 1 0 0 3004.DAT 
1 272 440 1128 310 0 0 1 0 -1 0 1 0 0 3004.DAT 
1 272 470 1128 320 -1 0 0 0 -1 0 0 0 1 3004.DAT 
1 308 390 1128 280 -1 0 0 0 -1 0 0 0 1 3004.DAT 
1 308 360 1128 280 -1 0 0 0 -1 0 0 0 1 3005.dat 
1 320 480 1128 500 -1 0 0 0 -1 0 0 0 1 3005.dat 
1 272 420 1128 290 0 0 1 0 -1 0 1 0 0 3004.DAT 
1 70 270 1128 460 -1 0 0 0 -1 0 0 0 1 3004.DAT 
1 15 330 1128 460 -1 0 0 0 -1 0 0 0 1 3004.DAT 
0 STEP
1 15 260 1152 370 0 0 1 0 -1 0 1 0 0 3004.DAT 
1 15 270 1152 400 -1 0 0 0 -1 0 0 0 1 3004.DAT 
1 15 280 1152 430 0 0 1 0 -1 0 1 0 0 3004.DAT 
1 15 330 1152 480 -1 0 0 0 -1 0 0 0 1 3004.DAT 
1 15 450 1152 500 -1 0 0 0 -1 0 0 0 1 3004.DAT 
1 15 500 1152 410 0 0 1 0 -1 0 1 0 0 3004.DAT 
1 15 500 1152 440 -1 0 0 0 -1 0 0 0 1 3005.dat 
1 15 520 1152 400 -1 0 0 0 -1 0 0 0 1 3005.dat 
1 15 370 1152 480 -1 0 0 0 -1 0 0 0 1 3004.DAT 
1 15 420 1152 490 0 0 1 0 -1 0 1 0 0 3004.DAT 
1 272 200 1152 230 0 0 1 0 -1 0 1 0 0 3004.DAT 
1 272 200 1152 270 0 0 1 0 -1 0 1 0 0 3004.DAT 
1 272 210 1152 300 -1 0 0 0 -1 0 0 0 1 3004.DAT 
1 272 230 1152 220 -1 0 0 0 -1 0 0 0 1 3004.DAT 
1 272 240 1152 200 -1 0 0 0 -1 0 0 0 1 3005.dat 
1 272 250 1152 300 -1 0 0 0 -1 0 0 0 1 3004.DAT 
1 272 270 1152 220 -1 0 0 0 -1 0 0 0 1 3004.DAT 
1 272 280 1152 240 -1 0 0 0 -1 0 0 0 1 3005.dat 
1 272 280 1152 290 0 0 1 0 -1 0 1 0 0 3004.DAT 
1 272 280 1152 320 -1 0 0 0 -1 0 0 0 1 3005.dat 
1 272 300 1152 270 0 0 1 0 -1 0 1 0 0 3004.DAT 
1 272 310 1152 300 -1 0 0 0 -1 0 0 0 1 3004.DAT 
1 272 300 1152 440 -1 0 0 0 -1 0 0 0 1 3005.dat 
1 272 330 1152 280 -1 0 0 0 -1 0 0 0 1 3004.DAT 
1 272 420 1152 280 -1 0 0 0 -1 0 0 0 1 3005.dat 
1 272 430 1152 300 -1 0 0 0 -1 0 0 0 1 3004.DAT 
1 272 470 1152 320 -1 0 0 0 -1 0 0 0 1 3004.DAT 
1 308 360 1152 280 -1 0 0 0 -1 0 0 0 1 3005.dat 
1 308 390 1152 280 -1 0 0 0 -1 0 0 0 1 3004.DAT 
1 320 260 1152 330 0 0 1 0 -1 0 1 0 0 3004.DAT 
1 320 290 1152 460 -1 0 0 0 -1 0 0 0 1 3004.DAT 
1 320 390 1152 500 -1 0 0 0 -1 0 0 0 1 3004.DAT 
1 320 470 1152 480 -1 0 0 0 -1 0 0 0 1 3004.DAT 
1 320 490 1152 340 -1 0 0 0 -1 0 0 0 1 3004.DAT 
1 320 490 1152 460 -1 0 0 0 -1 0 0 0 1 3004.DAT 
1 320 480 1152 500 -1 0 0 0 -1 0 0 0 1 3005.dat 
1 320 510 1152 370 0 0 1 0 -1 0 1 0 0 3003.DAT 
0 STEP
1 15 260 1176 390 0 0 1 0 -1 0 1 0 0 3004.DAT 
1 15 270 1176 420 -1 0 0 0 -1 0 0 0 1 3004.DAT 
1 15 450 1176 500 -1 0 0 0 -1 0 0 0 1 3004.DAT 
1 15 520 1176 410 0 0 1 0 -1 0 1 0 0 3004.DAT 
1 15 520 1176 440 -1 0 0 0 -1 0 0 0 1 3005.dat 
1 272 180 1176 250 0 0 1 0 -1 0 1 0 0 3004.DAT 
1 272 180 1176 290 0 0 1 0 -1 0 1 0 0 3004.DAT 
1 272 210 1176 230 0 0 1 0 -1 0 1 0 0 3003.DAT 
1 272 210 1176 310 0 0 1 0 -1 0 1 0 0 3003.DAT 
1 272 250 1176 210 0 0 1 0 -1 0 1 0 0 3003.DAT 
1 272 250 1176 320 -1 0 0 0 -1 0 0 0 1 3004.DAT 
1 272 280 1176 230 0 0 1 0 -1 0 1 0 0 3004.DAT 
1 272 300 1176 250 0 0 1 0 -1 0 1 0 0 3004.DAT 
1 272 330 1176 280 -1 0 0 0 -1 0 0 0 1 3004.DAT 
1 272 450 1176 300 -1 0 0 0 -1 0 0 0 1 3004.DAT 
1 272 490 1176 320 -1 0 0 0 -1 0 0 0 1 3004.DAT 
1 272 510 1176 340 -1 0 0 0 -1 0 0 0 1 3004.DAT 
1 308 370 1176 280 -1 0 0 0 -1 0 0 0 1 3004.DAT 
1 308 400 1176 280 -1 0 0 0 -1 0 0 0 1 3005.dat 
1 320 260 1176 350 0 0 1 0 -1 0 1 0 0 3004.DAT 
1 320 290 1176 440 -1 0 0 0 -1 0 0 0 1 3004.DAT 
1 320 370 1176 500 -1 0 0 0 -1 0 0 0 1 3004.DAT 
1 320 410 1176 500 -1 0 0 0 -1 0 0 0 1 3004.DAT 
1 320 480 1176 470 0 0 1 0 -1 0 1 0 0 3004.DAT 
1 320 480 1176 500 -1 0 0 0 -1 0 0 0 1 3005.dat 
1 320 500 1176 450 0 0 1 0 -1 0 1 0 0 3004.DAT 
1 320 520 1176 370 0 0 1 0 -1 0 1 0 0 3004.DAT 
1 320 310 1176 460 -1 0 0 0 -1 0 0 0 1 3004.DAT 
1 15 330 1176 480 -1 0 0 0 -1 0 0 0 1 3004.DAT 
1 272 420 1176 290 0 0 1 0 -1 0 1 0 0 3004.DAT 
0 STEP
1 15 180 1200 300 -1 0 0 0 -1 0 0 0 1 3005.dat 
1 15 210 1200 320 -1 0 0 0 -1 0 0 0 1 3004.DAT 
1 15 250 1200 320 -1 0 0 0 -1 0 0 0 1 3004.DAT 
1 15 260 1200 410 0 0 1 0 -1 0 1 0 0 3004.DAT 
1 15 330 1200 480 -1 0 0 0 -1 0 0 0 1 3004.DAT 
1 15 450 1200 500 -1 0 0 0 -1 0 0 0 1 3004.DAT 
1 15 520 1200 430 0 0 1 0 -1 0 1 0 0 3004.DAT 
1 15 360 1200 490 0 0 1 0 -1 0 1 0 0 3004.DAT 
1 15 420 1200 490 0 0 1 0 -1 0 1 0 0 3004.DAT 
1 272 180 1200 270 0 0 1 0 -1 0 1 0 0 3004.DAT 
1 272 200 1200 230 0 0 1 0 -1 0 1 0 0 3004.DAT 
1 272 230 1200 210 0 0 1 0 -1 0 1 0 0 3003.DAT 
1 272 260 1200 210 0 0 1 0 -1 0 1 0 0 3004.DAT 
1 272 270 1200 300 -1 0 0 0 -1 0 0 0 1 3004.DAT 
1 272 280 1200 230 0 0 1 0 -1 0 1 0 0 3004.DAT 
1 272 290 1200 270 0 0 1 0 -1 0 1 0 0 3003.DAT 
1 272 330 1200 280 -1 0 0 0 -1 0 0 0 1 3004.DAT 
1 272 420 1200 280 -1 0 0 0 -1 0 0 0 1 3005.dat 
1 272 430 1200 300 -1 0 0 0 -1 0 0 0 1 3004.DAT 
1 272 470 1200 300 -1 0 0 0 -1 0 0 0 1 3004.DAT 
1 272 510 1200 320 -1 0 0 0 -1 0 0 0 1 3004.DAT 
1 272 540 1200 390 0 0 1 0 -1 0 1 0 0 3004.DAT 
1 272 540 1200 420 -1 0 0 0 -1 0 0 0 1 3005.dat 
1 272 260 1200 340 -1 0 0 0 -1 0 0 0 1 3005.dat 
1 308 370 1200 280 -1 0 0 0 -1 0 0 0 1 3004.DAT 
1 308 400 1200 280 -1 0 0 0 -1 0 0 0 1 3005.dat 
1 320 290 1200 430 0 0 1 0 -1 0 1 0 0 3003.DAT 
1 320 310 1200 460 -1 0 0 0 -1 0 0 0 1 3004.DAT 
1 320 390 1200 500 -1 0 0 0 -1 0 0 0 1 3004.DAT 
1 320 480 1200 490 0 0 1 0 -1 0 1 0 0 3004.DAT 
1 320 500 1200 470 0 0 1 0 -1 0 1 0 0 3004.DAT 
1 320 520 1200 460 -1 0 0 0 -1 0 0 0 1 3005.dat 
1 320 260 1200 370 0 0 1 0 -1 0 1 0 0 3004.DAT 
1 272 520 1200 350 0 0 1 0 -1 0 1 0 0 3004.DAT 
0 STEP
1 15 180 1224 310 0 0 1 0 -1 0 1 0 0 3004.DAT 
1 15 210 1224 330 0 0 1 0 -1 0 1 0 0 3003.DAT 
1 15 250 1224 200 -1 0 0 0 -1 0 0 0 1 3004.DAT 
1 15 250 1224 320 -1 0 0 0 -1 0 0 0 1 3004.DAT 
1 15 270 1224 220 -1 0 0 0 -1 0 0 0 1 3004.DAT 
1 15 280 1224 250 0 0 1 0 -1 0 1 0 0 3004.DAT 
1 15 310 1224 480 -1 0 0 0 -1 0 0 0 1 3004.DAT 
1 15 350 1224 480 -1 0 0 0 -1 0 0 0 1 3004.DAT 
1 15 450 1224 500 -1 0 0 0 -1 0 0 0 1 3004.DAT 
1 272 260 1224 350 0 0 1 0 -1 0 1 0 0 3004.DAT 
1 272 260 1224 410 0 0 1 0 -1 0 1 0 0 3004.DAT 
1 272 310 1224 260 -1 0 0 0 -1 0 0 0 1 3004.DAT 
1 272 320 1224 460 -1 0 0 0 -1 0 0 0 1 3005.dat 
1 272 350 1224 260 -1 0 0 0 -1 0 0 0 1 3004.DAT 
1 272 380 1224 480 -1 0 0 0 -1 0 0 0 1 3005.dat 
1 272 440 1224 280 -1 0 0 0 -1 0 0 0 1 3005.dat 
1 272 450 1224 300 -1 0 0 0 -1 0 0 0 1 3004.DAT 
1 272 490 1224 300 -1 0 0 0 -1 0 0 0 1 3004.DAT 
1 272 530 1224 330 0 0 1 0 -1 0 1 0 0 3003.DAT 
1 272 530 1224 440 -1 0 0 0 -1 0 0 0 1 3004.DAT 
1 272 540 1224 370 0 0 1 0 -1 0 1 0 0 3004.DAT 
1 272 540 1224 410 0 0 1 0 -1 0 1 0 0 3004.DAT 
1 272 560 1224 380 -1 0 0 0 -1 0 0 0 1 3005.dat 
1 272 260 1224 380 -1 0 0 0 -1 0 0 0 1 3005.dat 
1 308 370 1224 280 -1 0 0 0 -1 0 0 0 1 3004.DAT 
1 308 410 1224 280 -1 0 0 0 -1 0 0 0 1 3004.DAT 
1 320 290 1224 450 0 0 1 0 -1 0 1 0 0 3003.DAT 
1 320 370 1224 500 -1 0 0 0 -1 0 0 0 1 3004.DAT 
1 320 410 1224 500 -1 0 0 0 -1 0 0 0 1 3004.DAT 
1 320 480 1224 490 0 0 1 0 -1 0 1 0 0 3004.DAT 
1 320 510 1224 460 -1 0 0 0 -1 0 0 0 1 3004.DAT 
1 320 270 1224 440 -1 0 0 0 -1 0 0 0 1 3004.DAT 
1 320 500 1224 470 0 0 1 0 -1 0 1 0 0 3004.DAT 
1 511 160 1224 270 0 0 1 0 -1 0 1 0 0 3004.DAT 
1 511 180 1224 250 0 0 1 0 -1 0 1 0 0 3004.DAT 
1 511 180 1224 280 -1 0 0 0 -1 0 0 0 1 3005.dat 
1 511 210 1224 230 0 0 1 0 -1 0 1 0 0 3003.DAT 
1 511 200 1224 260 -1 0 0 0 -1 0 0 0 1 3005.dat 
1 511 240 1224 220 -1 0 0 0 -1 0 0 0 1 3005.dat 
0 STEP
1 15 170 1248 320 -1 0 0 0 -1 0 0 0 1 3004.DAT 
1 15 210 1248 340 -1 0 0 0 -1 0 0 0 1 3004.DAT 
1 15 230 1248 200 -1 0 0 0 -1 0 0 0 1 3004.DAT 
1 15 250 1248 320 -1 0 0 0 -1 0 0 0 1 3004.DAT 
1 15 260 1248 210 0 0 1 0 -1 0 1 0 0 3004.DAT 
1 15 280 1248 230 0 0 1 0 -1 0 1 0 0 3004.DAT 
1 15 310 1248 480 -1 0 0 0 -1 0 0 0 1 3004.DAT 
1 15 470 1248 500 -1 0 0 0 -1 0 0 0 1 3004.DAT 
1 15 340 1248 490 0 0 1 0 -1 0 1 0 0 3004.DAT 
1 15 440 1248 490 0 0 1 0 -1 0 1 0 0 3004.DAT 
1 272 260 1248 350 0 0 1 0 -1 0 1 0 0 3004.DAT 
1 272 260 1248 390 0 0 1 0 -1 0 1 0 0 3004.DAT 
1 272 290 1248 270 0 0 1 0 -1 0 1 0 0 3003.DAT 
1 272 330 1248 260 -1 0 0 0 -1 0 0 0 1 3004.DAT 
1 272 360 1248 480 -1 0 0 0 -1 0 0 0 1 3005.dat 
1 272 410 1248 280 -1 0 0 0 -1 0 0 0 1 3004.DAT 
1 272 450 1248 280 -1 0 0 0 -1 0 0 0 1 3004.DAT 
1 272 470 1248 300 -1 0 0 0 -1 0 0 0 1 3004.DAT 
1 272 510 1248 300 -1 0 0 0 -1 0 0 0 1 3004.DAT 
1 272 510 1248 460 -1 0 0 0 -1 0 0 0 1 3004.DAT 
1 272 530 1248 320 -1 0 0 0 -1 0 0 0 1 3004.DAT 
1 272 530 1248 440 -1 0 0 0 -1 0 0 0 1 3004.DAT 
1 272 550 1248 340 -1 0 0 0 -1 0 0 0 1 3004.DAT 
1 272 540 1248 390 0 0 1 0 -1 0 1 0 0 3004.DAT 
1 272 550 1248 420 -1 0 0 0 -1 0 0 0 1 3004.DAT 
1 272 560 1248 370 0 0 1 0 -1 0 1 0 0 3004.DAT 
1 272 560 1248 400 -1 0 0 0 -1 0 0 0 1 3005.dat 
1 272 360 1248 270 0 0 1 0 -1 0 1 0 0 3004.DAT 
1 308 410 1248 260 -1 0 0 0 -1 0 0 0 1 3004.DAT 
1 308 380 1248 260 -1 0 0 0 -1 0 0 0 1 3005.dat 
1 320 280 1248 450 0 0 1 0 -1 0 1 0 0 3004.DAT 
1 320 370 1248 500 -1 0 0 0 -1 0 0 0 1 3004.DAT 
1 320 490 1248 480 -1 0 0 0 -1 0 0 0 1 3004.DAT 
1 320 410 1248 500 -1 0 0 0 -1 0 0 0 1 3004.DAT 
1 511 160 1248 270 0 0 1 0 -1 0 1 0 0 3004.DAT 
1 511 160 1248 300 -1 0 0 0 -1 0 0 0 1 3005.dat 
1 511 180 1248 250 0 0 1 0 -1 0 1 0 0 3004.DAT 
1 511 180 1248 280 -1 0 0 0 -1 0 0 0 1 3005.dat 
1 511 200 1248 230 0 0 1 0 -1 0 1 0 0 3004.DAT 
1 511 230 1248 220 -1 0 0 0 -1 0 0 0 1 3004.DAT 
1 272 260 1248 430 0 0 1 0 -1 0 1 0 0 3004.DAT 
0 STEP
1 15 170 1272 330 0 0 1 0 -1 0 1 0 0 3003.DAT 
1 15 210 1272 340 -1 0 0 0 -1 0 0 0 1 3004.DAT 
1 15 250 1272 200 -1 0 0 0 -1 0 0 0 1 3004.DAT 
1 15 240 1272 330 0 0 1 0 -1 0 1 0 0 3004.DAT 
1 15 260 1272 220 -1 0 0 0 -1 0 0 0 1 3005.dat 
1 272 260 1272 390 0 0 1 0 -1 0 1 0 0 3004.DAT 
1 272 260 1272 430 0 0 1 0 -1 0 1 0 0 3004.DAT 
1 272 280 1272 470 0 0 1 0 -1 0 1 0 0 3004.DAT 
1 272 310 1272 260 -1 0 0 0 -1 0 0 0 1 3004.DAT 
1 272 310 1272 480 -1 0 0 0 -1 0 0 0 1 3004.DAT 
1 272 330 1272 240 -1 0 0 0 -1 0 0 0 1 3004.DAT 
1 272 350 1272 260 -1 0 0 0 -1 0 0 0 1 3004.DAT 
1 272 350 1272 490 0 0 1 0 -1 0 1 0 0 3003.DAT 
1 272 410 1272 280 -1 0 0 0 -1 0 0 0 1 3004.DAT 
1 272 430 1272 500 -1 0 0 0 -1 0 0 0 1 3004.DAT 
1 272 450 1272 280 -1 0 0 0 -1 0 0 0 1 3004.DAT 
1 272 450 1272 520 -1 0 0 0 -1 0 0 0 1 3004.DAT 
1 272 470 1272 300 -1 0 0 0 -1 0 0 0 1 3004.DAT 
1 272 490 1272 500 -1 0 0 0 -1 0 0 0 1 3004.DAT 
1 272 480 1272 280 -1 0 0 0 -1 0 0 0 1 3005.dat 
1 272 510 1272 480 -1 0 0 0 -1 0 0 0 1 3004.DAT 
1 272 510 1272 300 -1 0 0 0 -1 0 0 0 1 3004.DAT 
1 272 530 1272 320 -1 0 0 0 -1 0 0 0 1 3004.DAT 
1 272 520 1272 450 0 0 1 0 -1 0 1 0 0 3004.DAT 
1 272 540 1272 430 0 0 1 0 -1 0 1 0 0 3004.DAT 
1 272 560 1272 330 0 0 1 0 -1 0 1 0 0 3004.DAT 
1 272 570 1272 390 0 0 1 0 -1 0 1 0 0 3003.DAT 
1 272 560 1272 420 -1 0 0 0 -1 0 0 0 1 3005.dat 
1 272 580 1272 350 0 0 1 0 -1 0 1 0 0 3004.DAT 
1 308 260 1272 350 0 0 1 0 -1 0 1 0 0 3004.DAT 
1 308 280 1272 250 0 0 1 0 -1 0 1 0 0 3004.DAT 
1 308 380 1272 260 -1 0 0 0 -1 0 0 0 1 3005.dat 
1 308 410 1272 260 -1 0 0 0 -1 0 0 0 1 3004.DAT 
1 320 390 1272 500 -1 0 0 0 -1 0 0 0 1 3004.DAT 
1 511 160 1272 270 0 0 1 0 -1 0 1 0 0 3004.DAT 
1 511 180 1272 250 0 0 1 0 -1 0 1 0 0 3004.DAT 
1 511 210 1272 230 0 0 1 0 -1 0 1 0 0 3003.DAT 
1 511 240 1272 220 -1 0 0 0 -1 0 0 0 1 3005.dat 
1 15 150 1272 300 -1 0 0 0 -1 0 0 0 1 3004.DAT 
0 STEP
1 15 170 1296 340 -1 0 0 0 -1 0 0 0 1 3004.DAT 
1 15 210 1296 360 -1 0 0 0 -1 0 0 0 1 3004.DAT 
1 272 160 1296 270 0 0 1 0 -1 0 1 0 0 3004.DAT 
1 272 180 1296 250 0 0 1 0 -1 0 1 0 0 3004.DAT 
1 272 200 1296 230 0 0 1 0 -1 0 1 0 0 3004.DAT 
1 272 230 1296 220 -1 0 0 0 -1 0 0 0 1 3004.DAT 
1 272 260 1296 230 0 0 1 0 -1 0 1 0 0 3004.DAT 
1 272 260 1296 450 0 0 1 0 -1 0 1 0 0 3004.DAT 
1 272 290 1296 460 -1 0 0 0 -1 0 0 0 1 3004.DAT 
1 272 330 1296 240 -1 0 0 0 -1 0 0 0 1 3004.DAT 
1 272 310 1296 480 -1 0 0 0 -1 0 0 0 1 3004.DAT 
1 272 350 1296 500 -1 0 0 0 -1 0 0 0 1 3004.DAT 
1 272 370 1296 260 -1 0 0 0 -1 0 0 0 1 3004.DAT 
1 272 390 1296 500 -1 0 0 0 -1 0 0 0 1 3004.DAT 
1 272 410 1296 270 0 0 1 0 -1 0 1 0 0 3003.DAT 
1 272 430 1296 520 -1 0 0 0 -1 0 0 0 1 3004.DAT 
1 272 450 1296 260 -1 0 0 0 -1 0 0 0 1 3004.DAT 
1 272 450 1296 280 -1 0 0 0 -1 0 0 0 1 3004.DAT 
1 272 470 1296 510 0 0 1 0 -1 0 1 0 0 3003.DAT 
1 272 480 1296 290 0 0 1 0 -1 0 1 0 0 3004.DAT 
1 272 510 1296 300 -1 0 0 0 -1 0 0 0 1 3004.DAT 
1 272 500 1296 500 -1 0 0 0 -1 0 0 0 1 3005.dat 
1 272 520 1296 470 0 0 1 0 -1 0 1 0 0 3004.DAT 
1 272 540 1296 310 0 0 1 0 -1 0 1 0 0 3004.DAT 
1 272 540 1296 450 0 0 1 0 -1 0 1 0 0 3004.DAT 
1 272 560 1296 320 -1 0 0 0 -1 0 0 0 1 3005.dat 
1 272 570 1296 410 0 0 1 0 -1 0 1 0 0 3003.DAT 
1 272 580 1296 370 0 0 1 0 -1 0 1 0 0 3004.DAT 
1 272 580 1296 340 -1 0 0 0 -1 0 0 0 1 3005.dat 
1 308 250 1296 350 0 0 1 0 -1 0 1 0 0 3001.DAT 
1 308 260 1296 410 0 0 1 0 -1 0 1 0 0 3004.DAT 
1 308 290 1296 240 -1 0 0 0 -1 0 0 0 1 3004.DAT 
1 383 390 1296 240 -1 0 0 0 -1 0 0 0 1 3004.DAT 
1 383 420 1296 240 -1 0 0 0 -1 0 0 0 1 3005.dat 
1 511 140 1296 310 0 0 1 0 -1 0 1 0 0 3004.DAT 
0 STEP
1 15 160 1320 260 -1 0 0 0 -1 0 0 0 1 3005.dat 
1 15 200 1320 220 -1 0 0 0 -1 0 0 0 1 3005.dat 
1 272 150 1320 300 -1 0 0 0 -1 0 0 0 1 3004.DAT 
1 272 160 1320 280 -1 0 0 0 -1 0 0 0 1 3005.dat 
1 272 140 1320 320 -1 0 0 0 -1 0 0 0 1 3005.dat 
1 272 170 1320 350 0 0 1 0 -1 0 1 0 0 3003.DAT 
1 272 180 1320 240 -1 0 0 0 -1 0 0 0 1 3005.dat 
1 272 230 1320 220 -1 0 0 0 -1 0 0 0 1 3004.DAT 
1 272 260 1320 230 0 0 1 0 -1 0 1 0 0 3004.DAT 
1 272 290 1320 480 -1 0 0 0 -1 0 0 0 1 3004.DAT 
1 272 350 1320 240 -1 0 0 0 -1 0 0 0 1 3004.DAT 
1 272 380 1320 240 -1 0 0 0 -1 0 0 0 1 3005.dat 
1 272 410 1320 500 -1 0 0 0 -1 0 0 0 1 3004.DAT 
1 272 430 1320 520 -1 0 0 0 -1 0 0 0 1 3004.DAT 
1 272 460 1320 260 -1 0 0 0 -1 0 0 0 1 3005.dat 
1 272 460 1320 510 0 0 1 0 -1 0 1 0 0 3004.DAT 
1 272 480 1320 260 -1 0 0 0 -1 0 0 0 1 3005.dat 
1 272 490 1320 500 -1 0 0 0 -1 0 0 0 1 3004.DAT 
1 272 500 1320 290 0 0 1 0 -1 0 1 0 0 3004.DAT 
1 272 530 1320 300 -1 0 0 0 -1 0 0 0 1 3004.DAT 
1 272 520 1320 480 -1 0 0 0 -1 0 0 0 1 3005.dat 
1 272 550 1320 320 -1 0 0 0 -1 0 0 0 1 3004.DAT 
1 272 540 1320 450 0 0 1 0 -1 0 1 0 0 3004.DAT 
1 272 570 1320 340 -1 0 0 0 -1 0 0 0 1 3004.DAT 
1 272 560 1320 430 0 0 1 0 -1 0 1 0 0 3004.DAT 
1 272 580 1320 370 0 0 1 0 -1 0 1 0 0 3004.DAT 
1 272 580 1320 410 0 0 1 0 -1 0 1 0 0 3004.DAT 
1 272 600 1320 360 -1 0 0 0 -1 0 0 0 1 3005.dat 
1 272 350 1320 500 -1 0 0 0 -1 0 0 0 1 3004.DAT 
1 272 330 1320 480 -1 0 0 0 -1 0 0 0 1 3004.DAT 
1 308 240 1320 410 0 0 1 0 -1 0 1 0 0 3004.DAT 
1 308 260 1320 450 0 0 1 0 -1 0 1 0 0 3004.DAT 
1 308 280 1320 250 0 0 1 0 -1 0 1 0 0 3004.DAT 
1 308 400 1320 240 -1 0 0 0 -1 0 0 0 1 3005.dat 
1 308 420 1320 240 -1 0 0 0 -1 0 0 0 1 3005.dat 
1 308 440 1320 240 -1 0 0 0 -1 0 0 0 1 3005.dat 
1 308 320 1320 220 -1 0 0 0 -1 0 0 0 1 3005.dat 
1 308 300 1320 230 0 0 1 0 -1 0 1 0 0 3004.DAT 
1 320 210 1320 360 -1 0 0 0 -1 0 0 0 1 3004.DAT 
1 320 190 1320 380 -1 0 0 0 -1 0 0 0 1 3004.DAT 
1 320 230 1320 380 -1 0 0 0 -1 0 0 0 1 3004.DAT 
1 511 380 1320 500 -1 0 0 0 -1 0 0 0 1 3005.dat 
0 STEP
1 15 170 1344 260 -1 0 0 0 -1 0 0 0 1 3004.DAT 
1 15 180 1344 240 -1 0 0 0 -1 0 0 0 1 3005.dat 
1 15 200 1344 230 0 0 1 0 -1 0 1 0 0 3004.DAT 
1 272 160 1344 290 0 0 1 0 -1 0 1 0 0 3004.DAT 
1 272 170 1344 360 -1 0 0 0 -1 0 0 0 1 3004.DAT 
1 272 180 1344 340 -1 0 0 0 -1 0 0 0 1 3005.dat 
1 272 180 1344 390 0 0 1 0 -1 0 1 0 0 3004.DAT 
1 272 250 1344 420 -1 0 0 0 -1 0 0 0 1 3004.DAT 
1 272 240 1344 220 -1 0 0 0 -1 0 0 0 1 3005.dat 
1 272 240 1344 400 -1 0 0 0 -1 0 0 0 1 3005.dat 
1 272 270 1344 230 0 0 1 0 -1 0 1 0 0 3003.DAT 
1 272 370 1344 240 -1 0 0 0 -1 0 0 0 1 3004.DAT 
1 272 450 1344 260 -1 0 0 0 -1 0 0 0 1 3004.DAT 
1 272 470 1344 520 -1 0 0 0 -1 0 0 0 1 3004.DAT 
1 272 480 1344 260 -1 0 0 0 -1 0 0 0 1 3005.dat 
1 272 490 1344 500 -1 0 0 0 -1 0 0 0 1 3004.DAT 
1 272 510 1344 280 -1 0 0 0 -1 0 0 0 1 3004.DAT 
1 272 530 1344 300 -1 0 0 0 -1 0 0 0 1 3004.DAT 
1 272 520 1344 480 -1 0 0 0 -1 0 0 0 1 3005.dat 
1 272 550 1344 320 -1 0 0 0 -1 0 0 0 1 3004.DAT 
1 272 540 1344 460 -1 0 0 0 -1 0 0 0 1 3005.dat 
1 272 560 1344 300 -1 0 0 0 -1 0 0 0 1 3005.dat 
1 272 570 1344 340 -1 0 0 0 -1 0 0 0 1 3004.DAT 
1 272 560 1344 430 0 0 1 0 -1 0 1 0 0 3004.DAT 
1 272 580 1344 370 0 0 1 0 -1 0 1 0 0 3004.DAT 
1 272 580 1344 410 0 0 1 0 -1 0 1 0 0 3004.DAT 
1 272 600 1344 350 0 0 1 0 -1 0 1 0 0 3004.DAT 
1 272 140 1344 330 0 0 1 0 -1 0 1 0 0 3004.DAT 
1 272 420 1344 510 0 0 1 0 -1 0 1 0 0 3004.DAT 
1 272 220 1344 230 0 0 1 0 -1 0 1 0 0 3004.DAT 
1 308 250 1344 440 -1 0 0 0 -1 0 0 0 1 3004.DAT 
1 308 270 1344 460 -1 0 0 0 -1 0 0 0 1 3004.DAT 
1 308 310 1344 220 -1 0 0 0 -1 0 0 0 1 3004.DAT 
1 308 340 1344 220 -1 0 0 0 -1 0 0 0 1 3005.dat 
1 308 410 1344 240 -1 0 0 0 -1 0 0 0 1 3004.DAT 
1 308 440 1344 240 -1 0 0 0 -1 0 0 0 1 3005.dat 
1 320 330 1344 480 -1 0 0 0 -1 0 0 0 1 3004.DAT 
1 320 350 1344 500 -1 0 0 0 -1 0 0 0 1 3004.DAT 
1 320 290 1344 480 -1 0 0 0 -1 0 0 0 1 3004.DAT 
1 320 210 1344 400 -1 0 0 0 -1 0 0 0 1 3004.DAT 
1 511 160 1344 340 -1 0 0 0 -1 0 0 0 1 3005.dat 
1 511 440 1344 520 -1 0 0 0 -1 0 0 0 1 3005.dat 
0 STEP
1 15 200 1368 230 0 0 1 0 -1 0 1 0 0 3004.DAT 
1 15 170 1368 260 -1 0 0 0 -1 0 0 0 1 3004.DAT 
1 272 160 1368 290 0 0 1 0 -1 0 1 0 0 3004.DAT 
1 272 160 1368 330 0 0 1 0 -1 0 1 0 0 3004.DAT 
1 272 170 1368 360 -1 0 0 0 -1 0 0 0 1 3004.DAT 
1 272 190 1368 390 0 0 1 0 -1 0 1 0 0 3003.DAT 
1 272 210 1368 420 -1 0 0 0 -1 0 0 0 1 3004.DAT 
1 272 230 1368 440 -1 0 0 0 -1 0 0 0 1 3004.DAT 
1 272 250 1368 220 -1 0 0 0 -1 0 0 0 1 3004.DAT 
1 272 290 1368 220 -1 0 0 0 -1 0 0 0 1 3004.DAT 
1 272 450 1368 260 -1 0 0 0 -1 0 0 0 1 3004.DAT 
1 272 470 1368 280 -1 0 0 0 -1 0 0 0 1 3004.DAT 
1 272 470 1368 520 -1 0 0 0 -1 0 0 0 1 3004.DAT 
1 272 480 1368 260 -1 0 0 0 -1 0 0 0 1 3005.dat 
1 272 500 1368 280 -1 0 0 0 -1 0 0 0 1 3005.dat 
1 272 500 1368 510 0 0 1 0 -1 0 1 0 0 3004.DAT 
1 272 530 1368 300 -1 0 0 0 -1 0 0 0 1 3004.DAT 
1 272 520 1368 480 -1 0 0 0 -1 0 0 0 1 3005.dat 
1 272 540 1368 460 -1 0 0 0 -1 0 0 0 1 3005.dat 
1 272 560 1368 310 0 0 1 0 -1 0 1 0 0 3004.DAT 
1 272 560 1368 430 0 0 1 0 -1 0 1 0 0 3004.DAT 
1 272 380 1368 220 -1 0 0 0 -1 0 0 0 1 3005.dat 
1 272 440 1368 510 0 0 1 0 -1 0 1 0 0 3004.DAT 
1 272 280 1368 470 0 0 1 0 -1 0 1 0 0 3004.DAT 
1 272 220 1368 220 -1 0 0 0 -1 0 0 0 1 3005.dat 
1 272 180 1368 240 -1 0 0 0 -1 0 0 0 1 3005.dat 
1 308 250 1368 460 -1 0 0 0 -1 0 0 0 1 3004.DAT 
1 308 330 1368 220 -1 0 0 0 -1 0 0 0 1 3004.DAT 
1 308 410 1368 240 -1 0 0 0 -1 0 0 0 1 3004.DAT 
1 308 440 1368 240 -1 0 0 0 -1 0 0 0 1 3005.dat 
1 308 580 1368 330 0 0 1 0 -1 0 1 0 0 3004.DAT 
1 308 580 1368 410 0 0 1 0 -1 0 1 0 0 3004.DAT 
1 308 580 1368 440 -1 0 0 0 -1 0 0 0 1 3005.dat 
1 308 600 1368 350 0 0 1 0 -1 0 1 0 0 3004.DAT 
1 308 600 1368 380 -1 0 0 0 -1 0 0 0 1 3005.dat 
1 308 360 1368 220 -1 0 0 0 -1 0 0 0 1 3005.dat 
1 320 310 1368 480 -1 0 0 0 -1 0 0 0 1 3004.DAT 
1 511 400 1368 500 -1 0 0 0 -1 0 0 0 1 3005.dat 
1 15 370 1368 500 -1 0 0 0 -1 0 0 0 1 3004.DAT 
1 15 350 1368 480 -1 0 0 0 -1 0 0 0 1 3004.DAT 
1 15 420 1368 510 0 0 1 0 -1 0 1 0 0 3004.DAT 
1 15 390 1344 500 -1 0 0 0 -1 0 0 0 1 3004.DAT 
0 STEP
1 15 190 1392 250 0 0 1 0 -1 0 1 0 0 3003.DAT 
1 272 170 1392 290 0 0 1 0 -1 0 1 0 0 3003.DAT 
1 272 160 1392 330 0 0 1 0 -1 0 1 0 0 3004.DAT 
1 272 180 1392 370 0 0 1 0 -1 0 1 0 0 3004.DAT 
1 272 190 1392 400 -1 0 0 0 -1 0 0 0 1 3004.DAT 
1 272 200 1392 380 -1 0 0 0 -1 0 0 0 1 3005.dat 
1 272 210 1392 420 -1 0 0 0 -1 0 0 0 1 3004.DAT 
1 272 220 1392 230 0 0 1 0 -1 0 1 0 0 3004.DAT 
1 272 250 1392 220 -1 0 0 0 -1 0 0 0 1 3004.DAT 
1 272 270 1392 240 -1 0 0 0 -1 0 0 0 1 3004.DAT 
1 272 290 1392 220 -1 0 0 0 -1 0 0 0 1 3004.DAT 
1 272 280 1392 470 0 0 1 0 -1 0 1 0 0 3004.DAT 
1 272 490 1392 520 -1 0 0 0 -1 0 0 0 1 3004.DAT 
1 272 510 1392 500 -1 0 0 0 -1 0 0 0 1 3004.DAT 
1 272 530 1392 480 -1 0 0 0 -1 0 0 0 1 3004.DAT 
1 272 320 1392 230 0 0 1 0 -1 0 1 0 0 3004.DAT 
1 272 310 1392 480 -1 0 0 0 -1 0 0 0 1 3004.DAT 
1 308 240 1392 430 0 0 1 0 -1 0 1 0 0 3004.DAT 
1 308 260 1392 450 0 0 1 0 -1 0 1 0 0 3004.DAT 
1 308 350 1392 220 -1 0 0 0 -1 0 0 0 1 3004.DAT 
1 308 450 1392 260 -1 0 0 0 -1 0 0 0 1 3004.DAT 
1 308 480 1392 270 0 0 1 0 -1 0 1 0 0 3004.DAT 
1 308 510 1392 280 -1 0 0 0 -1 0 0 0 1 3004.DAT 
1 308 540 1392 290 0 0 1 0 -1 0 1 0 0 3004.DAT 
1 308 550 1392 460 -1 0 0 0 -1 0 0 0 1 3004.DAT 
1 308 560 1392 310 0 0 1 0 -1 0 1 0 0 3004.DAT 
1 308 570 1392 440 -1 0 0 0 -1 0 0 0 1 3004.DAT 
1 308 580 1392 330 0 0 1 0 -1 0 1 0 0 3004.DAT 
1 308 580 1392 420 -1 0 0 0 -1 0 0 0 1 3005.dat 
1 308 600 1392 350 0 0 1 0 -1 0 1 0 0 3004.DAT 
1 308 600 1392 390 0 0 1 0 -1 0 1 0 0 3004.DAT 
1 320 450 1392 520 -1 0 0 0 -1 0 0 0 1 3004.DAT 
1 320 340 1392 470 0 0 1 0 -1 0 1 0 0 3004.DAT 
1 383 410 1392 240 -1 0 0 0 -1 0 0 0 1 3004.DAT 
1 383 440 1392 240 -1 0 0 0 -1 0 0 0 1 3005.dat 
1 383 400 1392 230 0 0 1 0 -1 0 1 0 0 3004.DAT 
1 511 240 1392 240 -1 0 0 0 -1 0 0 0 1 3005.dat 
1 511 400 1392 480 -1 0 0 0 -1 0 0 0 1 3005.dat 
1 511 380 1392 480 -1 0 0 0 -1 0 0 0 1 3005.dat 
1 511 400 1392 500 -1 0 0 0 -1 0 0 0 1 3005.dat 
1 511 360 1392 480 -1 0 0 0 -1 0 0 0 1 3005.dat 
1 511 420 1392 500 -1 0 0 0 -1 0 0 0 1 3005.dat 
0 STEP
1 15 630 1416 470 0 0 1 0 -1 0 1 0 0 3003.DAT 
1 15 650 1416 430 0 0 1 0 -1 0 1 0 0 3003.DAT 
1 15 660 1416 470 0 0 1 0 -1 0 1 0 0 3004.DAT 
1 15 670 1416 500 -1 0 0 0 -1 0 0 0 1 3004.DAT 
1 15 690 1416 450 0 0 1 0 -1 0 1 0 0 3003.DAT 
1 15 690 1416 480 -1 0 0 0 -1 0 0 0 1 3004.DAT 
1 15 680 1416 520 -1 0 0 0 -1 0 0 0 1 3005.dat 
1 272 160 1416 290 0 0 1 0 -1 0 1 0 0 3004.DAT 
1 272 170 1416 320 -1 0 0 0 -1 0 0 0 1 3004.DAT 
1 272 180 1416 270 0 0 1 0 -1 0 1 0 0 3004.DAT 
1 272 180 1416 300 -1 0 0 0 -1 0 0 0 1 3005.dat 
1 272 180 1416 350 0 0 1 0 -1 0 1 0 0 3004.DAT 
1 272 200 1416 250 0 0 1 0 -1 0 1 0 0 3004.DAT 
1 272 200 1416 390 0 0 1 0 -1 0 1 0 0 3004.DAT 
1 272 210 1416 420 -1 0 0 0 -1 0 0 0 1 3004.DAT 
1 272 230 1416 240 -1 0 0 0 -1 0 0 0 1 3004.DAT 
1 272 220 1416 400 -1 0 0 0 -1 0 0 0 1 3005.dat 
1 272 250 1416 220 -1 0 0 0 -1 0 0 0 1 3004.DAT 
1 272 270 1416 240 -1 0 0 0 -1 0 0 0 1 3004.DAT 
1 272 290 1416 220 -1 0 0 0 -1 0 0 0 1 3004.DAT 
1 272 280 1416 430 0 0 1 0 -1 0 1 0 0 3004.DAT 
1 272 290 1416 460 -1 0 0 0 -1 0 0 0 1 3004.DAT 
1 272 300 1416 440 -1 0 0 0 -1 0 0 0 1 3005.dat 
1 272 330 1416 220 -1 0 0 0 -1 0 0 0 1 3004.DAT 
1 272 500 1416 510 0 0 1 0 -1 0 1 0 0 3004.DAT 
1 272 520 1416 490 0 0 1 0 -1 0 1 0 0 3004.DAT 
1 272 570 1416 320 -1 0 0 0 -1 0 0 0 1 3004.DAT 
1 272 590 1416 340 -1 0 0 0 -1 0 0 0 1 3004.DAT 
1 272 610 1416 370 0 0 1 0 -1 0 1 0 0 3003.DAT 
1 272 600 1416 410 0 0 1 0 -1 0 1 0 0 3004.DAT 
1 272 620 1416 400 -1 0 0 0 -1 0 0 0 1 3005.dat 
1 272 710 1416 500 -1 0 0 0 -1 0 0 0 1 3004.DAT 
1 272 720 1416 470 0 0 1 0 -1 0 1 0 0 3004.DAT 
1 272 320 1416 450 0 0 1 0 -1 0 1 0 0 3004.DAT 
1 272 350 1416 460 -1 0 0 0 -1 0 0 0 1 3004.DAT 
1 308 250 1416 430 0 0 1 0 -1 0 1 0 0 3003.DAT 
1 308 470 1416 260 -1 0 0 0 -1 0 0 0 1 3004.DAT 
1 308 490 1416 280 -1 0 0 0 -1 0 0 0 1 3004.DAT 
1 308 530 1416 280 -1 0 0 0 -1 0 0 0 1 3004.DAT 
1 308 540 1416 480 -1 0 0 0 -1 0 0 0 1 3005.dat 
1 308 560 1416 290 0 0 1 0 -1 0 1 0 0 3004.DAT 
1 308 560 1416 460 -1 0 0 0 -1 0 0 0 1 3005.dat 
1 308 580 1416 300 -1 0 0 0 -1 0 0 0 1 3005.dat 
1 308 580 1416 430 0 0 1 0 -1 0 1 0 0 3004.DAT 
1 308 440 1416 240 -1 0 0 0 -1 0 0 0 1 3005.dat 
1 308 370 1416 220 -1 0 0 0 -1 0 0 0 1 3004.DAT 
1 320 470 1416 520 -1 0 0 0 -1 0 0 0 1 3004.DAT 
1 320 420 1416 490 0 0 1 0 -1 0 1 0 0 3004.DAT 
1 383 420 1416 240 -1 0 0 0 -1 0 0 0 1 3005.dat 
1 383 400 1416 230 0 0 1 0 -1 0 1 0 0 3004.DAT 
1 511 440 1416 520 -1 0 0 0 -1 0 0 0 1 3005.dat 
1 511 380 1416 480 -1 0 0 0 -1 0 0 0 1 3005.dat 
1 511 420 1416 480 -1 0 0 0 -1 0 0 0 1 3005.dat 
1 511 400 1416 480 -1 0 0 0 -1 0 0 0 1 3005.dat 
0 STEP
1 15 620 1440 450 0 0 1 0 -1 0 1 0 0 3004.DAT 
1 15 630 1440 480 -1 0 0 0 -1 0 0 0 1 3004.DAT 
1 15 650 1440 500 -1 0 0 0 -1 0 0 0 1 3004.DAT 
1 15 670 1440 520 -1 0 0 0 -1 0 0 0 1 3004.DAT 
1 15 710 1440 470 0 0 1 0 -1 0 1 0 0 3001.DAT 
1 272 180 1440 270 0 0 1 0 -1 0 1 0 0 3004.DAT 
1 272 180 1440 310 0 0 1 0 -1 0 1 0 0 3004.DAT 
1 272 180 1440 340 -1 0 0 0 -1 0 0 0 1 3005.dat 
1 272 210 1440 250 0 0 1 0 -1 0 1 0 0 3003.DAT 
1 272 200 1440 370 0 0 1 0 -1 0 1 0 0 3004.DAT 
1 272 230 1440 400 -1 0 0 0 -1 0 0 0 1 3004.DAT 
1 272 250 1440 240 -1 0 0 0 -1 0 0 0 1 3004.DAT 
1 272 280 1440 230 0 0 1 0 -1 0 1 0 0 3004.DAT 
1 272 290 1440 430 0 0 1 0 -1 0 1 0 0 3003.DAT 
1 272 310 1440 220 -1 0 0 0 -1 0 0 0 1 3004.DAT 
1 272 330 1440 440 -1 0 0 0 -1 0 0 0 1 3004.DAT 
1 272 350 1440 460 -1 0 0 0 -1 0 0 0 1 3004.DAT 
1 272 420 1440 490 0 0 1 0 -1 0 1 0 0 3004.DAT 
1 272 470 1440 260 -1 0 0 0 -1 0 0 0 1 3004.DAT 
1 272 490 1440 280 -1 0 0 0 -1 0 0 0 1 3004.DAT 
1 272 530 1440 280 -1 0 0 0 -1 0 0 0 1 3004.DAT 
1 272 610 1440 360 -1 0 0 0 -1 0 0 0 1 3004.DAT 
1 272 580 1440 430 0 0 1 0 -1 0 1 0 0 3004.DAT 
1 272 600 1440 330 0 0 1 0 -1 0 1 0 0 3004.DAT 
1 272 610 1440 390 0 0 1 0 -1 0 1 0 0 3003.DAT 
1 272 610 1440 420 -1 0 0 0 -1 0 0 0 1 3004.DAT 
1 272 640 1440 410 0 0 1 0 -1 0 1 0 0 3004.DAT 
1 272 710 1440 520 -1 0 0 0 -1 0 0 0 1 3004.DAT 
1 272 720 1440 540 -1 0 0 0 -1 0 0 0 1 3005.dat 
1 272 740 1440 490 0 0 1 0 -1 0 1 0 0 3004.DAT 
1 272 740 1440 520 -1 0 0 0 -1 0 0 0 1 3005.dat 
1 272 400 1440 470 0 0 1 0 -1 0 1 0 0 3004.DAT 
1 308 350 1440 220 -1 0 0 0 -1 0 0 0 1 3004.DAT 
1 308 430 1440 240 -1 0 0 0 -1 0 0 0 1 3004.DAT 
1 308 530 1440 480 -1 0 0 0 -1 0 0 0 1 3004.DAT 
1 308 560 1440 460 -1 0 0 0 -1 0 0 0 1 3005.dat 
1 308 380 1440 230 0 0 1 0 -1 0 1 0 0 3004.DAT 
1 320 440 1440 510 0 0 1 0 -1 0 1 0 0 3004.DAT 
1 320 500 1440 510 0 0 1 0 -1 0 1 0 0 3004.DAT 
1 320 460 1440 520 -1 0 0 0 -1 0 0 0 1 3005.dat 
1 320 480 1440 510 0 0 1 0 -1 0 1 0 0 3004.DAT 
1 383 250 1440 420 -1 0 0 0 -1 0 0 0 1 3004.DAT 
1 383 400 1440 230 0 0 1 0 -1 0 1 0 0 3004.DAT 
1 511 380 1440 460 -1 0 0 0 -1 0 0 0 1 3005.dat 
1 511 670 1440 410 0 0 1 0 -1 0 1 0 0 3003.DAT 
1 511 700 1440 420 -1 0 0 0 -1 0 0 0 1 3005.dat 
1 511 380 1440 480 -1 0 0 0 -1 0 0 0 1 3005.dat 
1 272 570 1440 300 -1 0 0 0 -1 0 0 0 1 3004.DAT 
0 STEP
1 15 600 1464 450 0 0 1 0 -1 0 1 0 0 3004.DAT 
1 15 620 1464 490 0 0 1 0 -1 0 1 0 0 3004.DAT 
1 15 650 1464 500 -1 0 0 0 -1 0 0 0 1 3004.DAT 
1 15 670 1464 520 -1 0 0 0 -1 0 0 0 1 3004.DAT 
1 272 200 1464 290 0 0 1 0 -1 0 1 0 0 3004.DAT 
1 272 200 1464 330 0 0 1 0 -1 0 1 0 0 3004.DAT 
1 272 220 1464 270 0 0 1 0 -1 0 1 0 0 3004.DAT 
1 272 220 1464 350 0 0 1 0 -1 0 1 0 0 3004.DAT 
1 272 220 1464 380 -1 0 0 0 -1 0 0 0 1 3005.dat 
1 272 250 1464 250 0 0 1 0 -1 0 1 0 0 3003.DAT 
1 272 290 1464 240 -1 0 0 0 -1 0 0 0 1 3004.DAT 
1 272 280 1464 410 0 0 1 0 -1 0 1 0 0 3004.DAT 
1 272 300 1464 430 0 0 1 0 -1 0 1 0 0 3004.DAT 
1 272 330 1464 440 -1 0 0 0 -1 0 0 0 1 3004.DAT 
1 272 360 1464 450 0 0 1 0 -1 0 1 0 0 3004.DAT 
1 272 390 1464 240 -1 0 0 0 -1 0 0 0 1 3004.DAT 
1 272 390 1464 460 -1 0 0 0 -1 0 0 0 1 3004.DAT 
1 272 410 1464 480 -1 0 0 0 -1 0 0 0 1 3004.DAT 
1 272 450 1464 260 -1 0 0 0 -1 0 0 0 1 3004.DAT 
1 272 440 1464 490 0 0 1 0 -1 0 1 0 0 3004.DAT 
1 272 480 1464 270 0 0 1 0 -1 0 1 0 0 3004.DAT 
1 272 510 1464 280 -1 0 0 0 -1 0 0 0 1 3004.DAT 
1 272 540 1464 290 0 0 1 0 -1 0 1 0 0 3004.DAT 
1 272 570 1464 320 -1 0 0 0 -1 0 0 0 1 3004.DAT 
1 272 590 1464 340 -1 0 0 0 -1 0 0 0 1 3004.DAT 
1 272 610 1464 360 -1 0 0 0 -1 0 0 0 1 3004.DAT 
1 272 610 1464 380 -1 0 0 0 -1 0 0 0 1 3004.DAT 
1 272 650 1464 380 -1 0 0 0 -1 0 0 0 1 3004.DAT 
1 272 700 1464 530 0 0 1 0 -1 0 1 0 0 3004.DAT 
1 272 730 1464 460 -1 0 0 0 -1 0 0 0 1 3004.DAT 
1 272 730 1464 540 -1 0 0 0 -1 0 0 0 1 3004.DAT 
1 272 750 1464 490 0 0 1 0 -1 0 1 0 0 3003.DAT 
1 272 750 1464 560 -1 0 0 0 -1 0 0 0 1 3004.DAT 
1 272 760 1464 530 0 0 1 0 -1 0 1 0 0 3004.DAT 
1 272 460 1464 520 -1 0 0 0 -1 0 0 0 1 3005.dat 
1 308 250 1464 400 -1 0 0 0 -1 0 0 0 1 3004.DAT 
1 308 330 1464 230 0 0 1 0 -1 0 1 0 0 3003.DAT 
1 308 360 1464 230 0 0 1 0 -1 0 1 0 0 3004.DAT 
1 308 430 1464 240 -1 0 0 0 -1 0 0 0 1 3004.DAT 
1 308 460 1464 240 -1 0 0 0 -1 0 0 0 1 3005.dat 
1 308 540 1464 460 -1 0 0 0 -1 0 0 0 1 3005.dat 
1 308 530 1464 480 -1 0 0 0 -1 0 0 0 1 3004.DAT 
1 320 490 1464 520 -1 0 0 0 -1 0 0 0 1 3004.DAT 
1 320 570 1464 440 -1 0 0 0 -1 0 0 0 1 3004.DAT 
1 320 490 1464 500 -1 0 0 0 -1 0 0 0 1 3004.DAT 
1 511 650 1464 400 -1 0 0 0 -1 0 0 0 1 3004.DAT 
1 511 680 1464 410 0 0 1 0 -1 0 1 0 0 3004.DAT 
1 511 710 1464 430 0 0 1 0 -1 0 1 0 0 3003.DAT 
0 STEP
1 15 610 1488 480 -1 0 0 0 -1 0 0 0 1 3004.DAT 
1 15 630 1488 500 -1 0 0 0 -1 0 0 0 1 3004.DAT 
1 15 670 1488 520 -1 0 0 0 -1 0 0 0 1 3004.DAT 
1 272 220 1488 290 0 0 1 0 -1 0 1 0 0 3004.DAT 
1 272 220 1488 330 0 0 1 0 -1 0 1 0 0 3004.DAT 
1 272 240 1488 270 0 0 1 0 -1 0 1 0 0 3004.DAT 
1 272 270 1488 260 -1 0 0 0 -1 0 0 0 1 3004.DAT 
1 272 290 1488 400 -1 0 0 0 -1 0 0 0 1 3004.DAT 
1 272 370 1488 240 -1 0 0 0 -1 0 0 0 1 3004.DAT 
1 272 370 1488 440 -1 0 0 0 -1 0 0 0 1 3004.DAT 
1 272 390 1488 460 -1 0 0 0 -1 0 0 0 1 3004.DAT 
1 272 400 1488 250 0 0 1 0 -1 0 1 0 0 3004.DAT 
1 272 420 1488 470 0 0 1 0 -1 0 1 0 0 3004.DAT 
1 272 440 1488 480 -1 0 0 0 -1 0 0 0 1 3005.dat 
1 272 470 1488 500 -1 0 0 0 -1 0 0 0 1 3004.DAT 
1 272 490 1488 280 -1 0 0 0 -1 0 0 0 1 3004.DAT 
1 272 480 1488 520 -1 0 0 0 -1 0 0 0 1 3005.dat 
1 272 500 1488 490 0 0 1 0 -1 0 1 0 0 3004.DAT 
1 272 520 1488 290 0 0 1 0 -1 0 1 0 0 3004.DAT 
1 272 530 1488 450 0 0 1 0 -1 0 1 0 0 3003.DAT 
1 272 540 1488 310 0 0 1 0 -1 0 1 0 0 3004.DAT 
1 272 560 1488 330 0 0 1 0 -1 0 1 0 0 3004.DAT 
1 272 710 1488 540 -1 0 0 0 -1 0 0 0 1 3004.DAT 
1 272 730 1488 460 -1 0 0 0 -1 0 0 0 1 3004.DAT 
1 272 750 1488 480 -1 0 0 0 -1 0 0 0 1 3004.DAT 
1 272 740 1488 570 0 0 1 0 -1 0 1 0 0 3004.DAT 
1 272 770 1488 550 0 0 1 0 -1 0 1 0 0 3003.DAT 
1 272 760 1488 580 -1 0 0 0 -1 0 0 0 1 3005.dat 
1 272 780 1488 510 0 0 1 0 -1 0 1 0 0 3004.DAT 
1 272 610 1488 360 -1 0 0 0 -1 0 0 0 1 3004.DAT 
1 272 630 1488 380 -1 0 0 0 -1 0 0 0 1 3004.DAT 
1 272 660 1488 390 0 0 1 0 -1 0 1 0 0 3004.DAT 
1 308 250 1488 360 -1 0 0 0 -1 0 0 0 1 3004.DAT 
1 308 250 1488 380 -1 0 0 0 -1 0 0 0 1 3004.DAT 
1 308 290 1488 240 -1 0 0 0 -1 0 0 0 1 3004.DAT 
1 308 330 1488 240 -1 0 0 0 -1 0 0 0 1 3004.DAT 
1 308 340 1488 220 -1 0 0 0 -1 0 0 0 1 3005.dat 
1 308 430 1488 240 -1 0 0 0 -1 0 0 0 1 3004.DAT 
1 308 460 1488 250 0 0 1 0 -1 0 1 0 0 3004.DAT 
1 308 530 1488 500 -1 0 0 0 -1 0 0 0 1 3004.DAT 
1 308 260 1488 400 -1 0 0 0 -1 0 0 0 1 3005.dat 
1 308 530 1488 480 -1 0 0 0 -1 0 0 0 1 3004.DAT 
1 320 570 1488 440 -1 0 0 0 -1 0 0 0 1 3004.DAT 
1 320 590 1488 460 -1 0 0 0 -1 0 0 0 1 3004.DAT 
1 320 800 1488 640 -1 0 0 0 -1 0 0 0 1 3005.dat 
1 320 820 1488 550 0 0 1 0 -1 0 1 0 0 3004.DAT 
1 320 820 1488 590 0 0 1 0 -1 0 1 0 0 3004.DAT 
1 320 820 1488 620 -1 0 0 0 -1 0 0 0 1 3005.dat 
1 320 840 1488 510 0 0 1 0 -1 0 1 0 0 3004.DAT 
1 320 840 1488 540 -1 0 0 0 -1 0 0 0 1 3005.dat 
1 320 840 1488 570 0 0 1 0 -1 0 1 0 0 3004.DAT 
1 511 680 1488 410 0 0 1 0 -1 0 1 0 0 3004.DAT 
1 511 710 1488 430 0 0 1 0 -1 0 1 0 0 3003.DAT 
1 272 580 1488 350 0 0 1 0 -1 0 1 0 0 3004.DAT 
1 272 330 1488 420 -1 0 0 0 -1 0 0 0 1 3004.DAT 
0 STEP
1 15 600 1512 470 0 0 1 0 -1 0 1 0 0 3004.DAT 
1 15 620 1512 490 0 0 1 0 -1 0 1 0 0 3004.DAT 
1 15 650 1512 510 0 0 1 0 -1 0 1 0 0 3003.DAT 
1 272 300 1512 380 -1 0 0 0 -1 0 0 0 1 3005.dat 
1 272 300 1512 400 -1 0 0 0 -1 0 0 0 1 3005.dat 
1 272 330 1512 400 -1 0 0 0 -1 0 0 0 1 3004.DAT 
1 272 350 1512 240 -1 0 0 0 -1 0 0 0 1 3004.DAT 
1 272 340 1512 420 -1 0 0 0 -1 0 0 0 1 3005.dat 
1 272 370 1512 440 -1 0 0 0 -1 0 0 0 1 3004.DAT 
1 272 380 1512 240 -1 0 0 0 -1 0 0 0 1 3005.dat 
1 272 410 1512 260 -1 0 0 0 -1 0 0 0 1 3004.DAT 
1 272 400 1512 440 -1 0 0 0 -1 0 0 0 1 3005.dat 
1 272 420 1512 440 -1 0 0 0 -1 0 0 0 1 3005.dat 
1 272 440 1512 470 0 0 1 0 -1 0 1 0 0 3004.DAT 
1 272 470 1512 480 -1 0 0 0 -1 0 0 0 1 3004.DAT 
1 272 490 1512 500 -1 0 0 0 -1 0 0 0 1 3004.DAT 
1 272 510 1512 280 -1 0 0 0 -1 0 0 0 1 3004.DAT 
1 272 520 1512 310 0 0 1 0 -1 0 1 0 0 3004.DAT 
1 272 540 1512 320 -1 0 0 0 -1 0 0 0 1 3005.dat 
1 272 570 1512 340 -1 0 0 0 -1 0 0 0 1 3004.DAT 
1 272 580 1512 360 -1 0 0 0 -1 0 0 0 1 3005.dat 
1 272 690 1512 520 -1 0 0 0 -1 0 0 0 1 3004.DAT 
1 272 730 1512 460 -1 0 0 0 -1 0 0 0 1 3004.DAT 
1 272 720 1512 530 0 0 1 0 -1 0 1 0 0 3004.DAT 
1 272 730 1512 570 0 0 1 0 -1 0 1 0 0 3003.DAT 
1 272 740 1512 440 -1 0 0 0 -1 0 0 0 1 3005.dat 
1 272 760 1512 470 0 0 1 0 -1 0 1 0 0 3004.DAT 
1 272 760 1512 570 0 0 1 0 -1 0 1 0 0 3004.DAT 
1 272 780 1512 490 0 0 1 0 -1 0 1 0 0 3004.DAT 
1 272 780 1512 530 0 0 1 0 -1 0 1 0 0 3004.DAT 
1 272 780 1512 560 -1 0 0 0 -1 0 0 0 1 3005.dat 
1 272 280 1512 370 0 0 1 0 -1 0 1 0 0 3004.DAT 
1 272 610 1512 360 -1 0 0 0 -1 0 0 0 1 3004.DAT 
1 308 240 1512 310 0 0 1 0 -1 0 1 0 0 3004.DAT 
1 308 250 1512 340 -1 0 0 0 -1 0 0 0 1 3004.DAT 
1 308 270 1512 280 -1 0 0 0 -1 0 0 0 1 3004.DAT 
1 308 290 1512 260 -1 0 0 0 -1 0 0 0 1 3004.DAT 
1 308 310 1512 240 -1 0 0 0 -1 0 0 0 1 3004.DAT 
1 308 450 1512 260 -1 0 0 0 -1 0 0 0 1 3004.DAT 
1 308 470 1512 280 -1 0 0 0 -1 0 0 0 1 3004.DAT 
1 308 520 1512 500 -1 0 0 0 -1 0 0 0 1 3005.dat 
1 308 540 1512 480 -1 0 0 0 -1 0 0 0 1 3005.dat 
1 308 260 1512 370 0 0 1 0 -1 0 1 0 0 3004.DAT 
1 320 570 1512 450 0 0 1 0 -1 0 1 0 0 3003.DAT 
1 320 770 1512 700 -1 0 0 0 -1 0 0 0 1 3004.DAT 
1 320 780 1512 680 -1 0 0 0 -1 0 0 0 1 3005.dat 
1 320 810 1512 550 0 0 1 0 -1 0 1 0 0 3003.DAT 
1 320 800 1512 590 0 0 1 0 -1 0 1 0 0 3004.DAT 
1 320 800 1512 660 -1 0 0 0 -1 0 0 0 1 3005.dat 
1 320 800 1512 680 -1 0 0 0 -1 0 0 0 1 3005.dat 
1 320 820 1512 450 0 0 1 0 -1 0 1 0 0 3004.DAT 
1 320 820 1512 510 0 0 1 0 -1 0 1 0 0 3004.DAT 
1 320 820 1512 580 -1 0 0 0 -1 0 0 0 1 3005.dat 
1 320 820 1512 610 0 0 1 0 -1 0 1 0 0 3004.DAT 
1 320 820 1512 640 -1 0 0 0 -1 0 0 0 1 3005.dat 
1 320 840 1512 460 -1 0 0 0 -1 0 0 0 1 3005.dat 
1 320 840 1512 480 -1 0 0 0 -1 0 0 0 1 3005.dat 
1 320 840 1512 510 0 0 1 0 -1 0 1 0 0 3004.DAT 
1 320 840 1512 550 0 0 1 0 -1 0 1 0 0 3004.DAT 
1 511 680 1512 410 0 0 1 0 -1 0 1 0 0 3004.DAT 
1 511 710 1512 430 0 0 1 0 -1 0 1 0 0 3003.DAT 
1 272 650 1512 380 -1 0 0 0 -1 0 0 0 1 3004.DAT 
0 STEP
1 15 600 1536 470 0 0 1 0 -1 0 1 0 0 3004.DAT 
1 15 620 1536 480 -1 0 0 0 -1 0 0 0 1 3005.dat 
1 15 650 1536 500 -1 0 0 0 -1 0 0 0 1 3004.DAT 
1 15 660 1536 400 -1 0 0 0 -1 0 0 0 1 3005.dat 
1 92 350 1536 420 -1 0 0 0 -1 0 0 0 1 3004.DAT 
1 92 360 1536 440 -1 0 0 0 -1 0 0 0 1 3005.dat 
1 92 380 1536 430 0 0 1 0 -1 0 1 0 0 3004.DAT 
1 272 680 1536 550 0 0 1 0 -1 0 1 0 0 3004.DAT 
1 272 280 1536 320 -1 0 0 0 -1 0 0 0 1 3005.dat 
1 272 280 1536 360 -1 0 0 0 -1 0 0 0 1 3005.dat 
1 272 310 1536 370 0 0 1 0 -1 0 1 0 0 3003.DAT 
1 272 300 1536 400 -1 0 0 0 -1 0 0 0 1 3005.dat 
1 272 330 1536 270 0 0 1 0 -1 0 1 0 0 3003.DAT 
1 272 320 1536 420 -1 0 0 0 -1 0 0 0 1 3005.dat 
1 272 370 1536 260 -1 0 0 0 -1 0 0 0 1 3004.DAT 
1 272 390 1536 280 -1 0 0 0 -1 0 0 0 1 3004.DAT 
1 272 410 1536 260 -1 0 0 0 -1 0 0 0 1 3004.DAT 
1 272 400 1536 440 -1 0 0 0 -1 0 0 0 1 3005.dat 
1 272 430 1536 280 -1 0 0 0 -1 0 0 0 1 3004.DAT 
1 272 430 1536 450 0 0 1 0 -1 0 1 0 0 3003.DAT 
1 272 470 1536 480 -1 0 0 0 -1 0 0 0 1 3004.DAT 
1 272 510 1536 320 -1 0 0 0 -1 0 0 0 1 3004.DAT 
1 272 510 1536 460 -1 0 0 0 -1 0 0 0 1 3004.DAT 
1 272 520 1536 300 -1 0 0 0 -1 0 0 0 1 3005.dat 
1 272 540 1536 330 0 0 1 0 -1 0 1 0 0 3004.DAT 
1 272 550 1536 450 0 0 1 0 -1 0 1 0 0 3003.DAT 
1 272 560 1536 350 0 0 1 0 -1 0 1 0 0 3004.DAT 
1 272 580 1536 360 -1 0 0 0 -1 0 0 0 1 3005.dat 
1 272 690 1536 510 0 0 1 0 -1 0 1 0 0 3003.DAT 
1 272 710 1536 460 -1 0 0 0 -1 0 0 0 1 3004.DAT 
1 272 700 1536 550 0 0 1 0 -1 0 1 0 0 3004.DAT 
1 272 730 1536 490 0 0 1 0 -1 0 1 0 0 3003.DAT 
1 272 720 1536 530 0 0 1 0 -1 0 1 0 0 3004.DAT 
1 272 720 1536 570 0 0 1 0 -1 0 1 0 0 3004.DAT 
1 272 740 1536 450 0 0 1 0 -1 0 1 0 0 3004.DAT 
1 272 740 1536 520 -1 0 0 0 -1 0 0 0 1 3005.dat 
1 272 740 1536 590 0 0 1 0 -1 0 1 0 0 3004.DAT 
1 272 770 1536 480 -1 0 0 0 -1 0 0 0 1 3004.DAT 
1 272 760 1536 570 0 0 1 0 -1 0 1 0 0 3004.DAT 
1 272 780 1536 510 0 0 1 0 -1 0 1 0 0 3004.DAT 
1 272 780 1536 550 0 0 1 0 -1 0 1 0 0 3004.DAT 
1 272 640 1536 380 -1 0 0 0 -1 0 0 0 1 3005.dat 
1 272 610 1536 370 0 0 1 0 -1 0 1 0 0 3003.DAT 
1 308 260 1536 310 0 0 1 0 -1 0 1 0 0 3004.DAT 
1 308 270 1536 340 -1 0 0 0 -1 0 0 0 1 3004.DAT 
1 308 290 1536 290 0 0 1 0 -1 0 1 0 0 3003.DAT 
1 308 450 1536 260 -1 0 0 0 -1 0 0 0 1 3004.DAT 
1 308 470 1536 280 -1 0 0 0 -1 0 0 0 1 3004.DAT 
1 308 500 1536 290 0 0 1 0 -1 0 1 0 0 3004.DAT 
1 308 530 1536 480 -1 0 0 0 -1 0 0 0 1 3004.DAT 
1 308 500 1536 480 -1 0 0 0 -1 0 0 0 1 3005.dat 
1 320 580 1536 450 0 0 1 0 -1 0 1 0 0 3004.DAT 
1 320 730 1536 740 -1 0 0 0 -1 0 0 0 1 3004.DAT 
1 320 750 1536 720 -1 0 0 0 -1 0 0 0 1 3004.DAT 
1 320 760 1536 670 0 0 1 0 -1 0 1 0 0 3004.DAT 
1 320 770 1536 700 -1 0 0 0 -1 0 0 0 1 3004.DAT 
1 320 790 1536 630 0 0 1 0 -1 0 1 0 0 3003.DAT 
1 320 780 1536 680 -1 0 0 0 -1 0 0 0 1 3005.dat 
1 320 810 1536 430 0 0 1 0 -1 0 1 0 0 3003.DAT 
1 320 800 1536 470 0 0 1 0 -1 0 1 0 0 3004.DAT 
1 320 800 1536 550 0 0 1 0 -1 0 1 0 0 3004.DAT 
1 320 800 1536 590 0 0 1 0 -1 0 1 0 0 3004.DAT 
1 320 800 1536 660 -1 0 0 0 -1 0 0 0 1 3005.dat 
1 320 800 1536 680 -1 0 0 0 -1 0 0 0 1 3005.dat 
1 320 820 1536 400 -1 0 0 0 -1 0 0 0 1 3005.dat 
1 320 830 1536 460 -1 0 0 0 -1 0 0 0 1 3004.DAT 
1 320 820 1536 490 0 0 1 0 -1 0 1 0 0 3004.DAT 
1 320 820 1536 530 0 0 1 0 -1 0 1 0 0 3004.DAT 
1 320 820 1536 570 0 0 1 0 -1 0 1 0 0 3004.DAT 
1 320 820 1536 600 -1 0 0 0 -1 0 0 0 1 3005.dat 
1 320 840 1536 440 -1 0 0 0 -1 0 0 0 1 3005.dat 
1 320 840 1536 510 0 0 1 0 -1 0 1 0 0 3004.DAT 
1 511 640 1536 420 -1 0 0 0 -1 0 0 0 1 3005.dat 
1 511 680 1536 410 0 0 1 0 -1 0 1 0 0 3004.DAT 
1 511 710 1536 430 0 0 1 0 -1 0 1 0 0 3003.DAT 
0 STEP
1 6 740 1560 580 -1 0 0 0 -1 0 0 0 1 3005.dat 
1 15 550 1560 380 -1 0 0 0 -1 0 0 0 1 3004.DAT 
1 15 570 1560 360 -1 0 0 0 -1 0 0 0 1 3004.DAT 
1 15 630 1560 470 1 0 0 0 -1 0 0 0 -1 3001.DAT 
1 15 640 1560 500 -1 0 0 0 -1 0 0 0 1 3005.dat 
1 15 600 1560 380 -1 0 0 0 -1 0 0 0 1 3005.dat 
1 15 620 1560 400 -1 0 0 0 -1 0 0 0 1 3005.dat 
1 15 580 1560 400 -1 0 0 0 -1 0 0 0 1 3005.dat 
1 272 640 1560 520 -1 0 0 0 -1 0 0 0 1 3005.dat 
1 272 660 1560 550 0 0 1 0 -1 0 1 0 0 3004.DAT 
1 272 680 1560 570 0 0 1 0 -1 0 1 0 0 3004.DAT 
1 272 700 1560 600 -1 0 0 0 -1 0 0 0 1 3005.dat 
1 272 300 1560 380 -1 0 0 0 -1 0 0 0 1 3005.dat 
1 272 280 1560 340 -1 0 0 0 -1 0 0 0 1 3005.dat 
1 272 310 1560 300 -1 0 0 0 -1 0 0 0 1 3004.DAT 
1 272 300 1560 330 0 0 1 0 -1 0 1 0 0 3004.DAT 
1 272 310 1560 360 -1 0 0 0 -1 0 0 0 1 3004.DAT 
1 272 300 1560 400 -1 0 0 0 -1 0 0 0 1 3005.dat 
1 272 330 1560 280 -1 0 0 0 -1 0 0 0 1 3004.DAT 
1 272 370 1560 280 -1 0 0 0 -1 0 0 0 1 3004.DAT 
1 272 410 1560 280 -1 0 0 0 -1 0 0 0 1 3004.DAT 
1 272 430 1560 300 -1 0 0 0 -1 0 0 0 1 3004.DAT 
1 272 420 1560 420 -1 0 0 0 -1 0 0 0 1 3005.dat 
1 272 450 1560 280 -1 0 0 0 -1 0 0 0 1 3004.DAT 
1 272 440 1560 430 0 0 1 0 -1 0 1 0 0 3004.DAT 
1 272 470 1560 460 -1 0 0 0 -1 0 0 0 1 3004.DAT 
1 272 530 1560 360 -1 0 0 0 -1 0 0 0 1 3004.DAT 
1 272 530 1560 420 -1 0 0 0 -1 0 0 0 1 3004.DAT 
1 272 540 1560 340 -1 0 0 0 -1 0 0 0 1 3005.dat 
1 272 550 1560 440 -1 0 0 0 -1 0 0 0 1 3004.DAT 
1 272 560 1560 410 0 0 1 0 -1 0 1 0 0 3004.DAT 
1 272 580 1560 380 -1 0 0 0 -1 0 0 0 1 3005.dat 
1 272 580 1560 440 -1 0 0 0 -1 0 0 0 1 3005.dat 
1 272 670 1560 520 -1 0 0 0 -1 0 0 0 1 3004.DAT 
1 272 710 1560 470 1 0 0 0 -1 0 0 0 -1 3001.DAT 
1 272 690 1560 500 -1 0 0 0 -1 0 0 0 1 3004.DAT 
1 272 680 1560 540 -1 0 0 0 -1 0 0 0 1 3005.dat 
1 272 700 1560 520 -1 0 0 0 -1 0 0 0 1 3005.dat 
1 272 700 1560 570 0 0 1 0 -1 0 1 0 0 3004.DAT 
1 272 720 1560 500 -1 0 0 0 -1 0 0 0 1 3005.dat 
1 272 720 1560 590 0 0 1 0 -1 0 1 0 0 3004.DAT 
1 272 740 1560 600 -1 0 0 0 -1 0 0 0 1 3005.dat 
1 272 760 1560 490 0 0 1 0 -1 0 1 0 0 3004.DAT 
1 272 760 1560 570 0 0 1 0 -1 0 1 0 0 3004.DAT 
1 272 780 1560 510 0 0 1 0 -1 0 1 0 0 3004.DAT 
1 272 590 1560 420 -1 0 0 0 -1 0 0 0 1 3004.DAT 
1 272 600 1560 400 -1 0 0 0 -1 0 0 0 1 3005.dat 
1 308 320 1560 410 0 0 1 0 -1 0 1 0 0 3004.DAT 
1 308 330 1560 440 -1 0 0 0 -1 0 0 0 1 3004.DAT 
1 308 350 1560 460 -1 0 0 0 -1 0 0 0 1 3004.DAT 
1 308 340 1560 480 -1 0 0 0 -1 0 0 0 1 3005.dat 
1 308 370 1560 480 -1 0 0 0 -1 0 0 0 1 3004.DAT 
1 308 390 1560 460 -1 0 0 0 -1 0 0 0 1 3004.DAT 
1 308 380 1560 500 -1 0 0 0 -1 0 0 0 1 3005.dat 
1 308 400 1560 440 -1 0 0 0 -1 0 0 0 1 3005.dat 
1 308 400 1560 480 -1 0 0 0 -1 0 0 0 1 3005.dat 
1 308 470 1560 300 -1 0 0 0 -1 0 0 0 1 3004.DAT 
1 308 500 1560 310 0 0 1 0 -1 0 1 0 0 3004.DAT 
1 308 510 1560 440 -1 0 0 0 -1 0 0 0 1 3004.DAT 
1 308 520 1560 330 0 0 1 0 -1 0 1 0 0 3004.DAT 
1 320 790 1560 450 0 0 1 0 -1 0 1 0 0 3003.DAT 
1 320 800 1560 410 0 0 1 0 -1 0 1 0 0 3004.DAT 
1 320 710 1560 740 -1 0 0 0 -1 0 0 0 1 3004.DAT 
1 320 730 1560 720 -1 0 0 0 -1 0 0 0 1 3004.DAT 
1 320 720 1560 760 -1 0 0 0 -1 0 0 0 1 3005.dat 
1 320 750 1560 690 0 0 1 0 -1 0 1 0 0 3003.DAT 
1 320 740 1560 740 -1 0 0 0 -1 0 0 0 1 3005.dat 
1 320 760 1560 650 0 0 1 0 -1 0 1 0 0 3004.DAT 
1 320 760 1560 720 -1 0 0 0 -1 0 0 0 1 3005.dat 
1 320 780 1560 540 -1 0 0 0 -1 0 0 0 1 3005.dat 
1 320 790 1560 580 -1 0 0 0 -1 0 0 0 1 3004.DAT 
1 320 780 1560 650 0 0 1 0 -1 0 1 0 0 3004.DAT 
1 320 780 1560 680 -1 0 0 0 -1 0 0 0 1 3005.dat 
1 320 800 1560 380 -1 0 0 0 -1 0 0 0 1 3005.dat 
1 320 800 1560 490 0 0 1 0 -1 0 1 0 0 3004.DAT 
1 320 800 1560 520 -1 0 0 0 -1 0 0 0 1 3005.dat 
1 320 800 1560 560 -1 0 0 0 -1 0 0 0 1 3005.dat 
1 320 800 1560 600 -1 0 0 0 -1 0 0 0 1 3005.dat 
1 320 800 1560 620 -1 0 0 0 -1 0 0 0 1 3005.dat 
1 320 800 1560 640 -1 0 0 0 -1 0 0 0 1 3005.dat 
1 320 820 1560 390 0 0 1 0 -1 0 1 0 0 3004.DAT 
1 320 820 1560 430 0 0 1 0 -1 0 1 0 0 3004.DAT 
1 320 820 1560 470 0 0 1 0 -1 0 1 0 0 3004.DAT 
1 320 820 1560 500 -1 0 0 0 -1 0 0 0 1 3005.dat 
1 320 820 1560 530 0 0 1 0 -1 0 1 0 0 3004.DAT 
1 320 820 1560 560 -1 0 0 0 -1 0 0 0 1 3005.dat 
1 320 780 1560 610 0 0 1 0 -1 0 1 0 0 3004.DAT 
1 383 510 1560 460 -1 0 0 0 -1 0 0 0 1 3004.DAT 
1 511 650 1560 410 0 0 1 0 -1 0 1 0 0 3003.DAT 
1 511 650 1560 440 -1 0 0 0 -1 0 0 0 1 3004.DAT 
1 511 680 1560 410 0 0 1 0 -1 0 1 0 0 3004.DAT 
1 511 690 1560 440 -1 0 0 0 -1 0 0 0 1 3004.DAT 
1 511 700 1560 420 -1 0 0 0 -1 0 0 0 1 3005.dat 
0 STEP
1 6 790 1584 460 -1 0 0 0 -1 0 0 0 1 3004.DAT 
1 15 630 1584 430 0 0 1 0 -1 0 1 0 0 3003.DAT 
1 15 630 1584 460 -1 0 0 0 -1 0 0 0 1 3004.DAT 
1 15 660 1584 430 0 0 1 0 -1 0 1 0 0 3004.DAT 
1 15 680 1584 440 -1 0 0 0 -1 0 0 0 1 3005.dat 
1 15 600 1584 420 -1 0 0 0 -1 0 0 0 1 3005.dat 
1 92 330 1584 460 -1 0 0 0 -1 0 0 0 1 3004.DAT 
1 92 340 1584 490 0 0 1 0 -1 0 1 0 0 3004.DAT 
1 92 370 1584 500 -1 0 0 0 -1 0 0 0 1 3004.DAT 
1 92 400 1584 500 -1 0 0 0 -1 0 0 0 1 3005.dat 
1 92 420 1584 480 -1 0 0 0 -1 0 0 0 1 3005.dat 
1 272 620 1584 520 -1 0 0 0 -1 0 0 0 1 3005.dat 
1 272 640 1584 550 0 0 1 0 -1 0 1 0 0 3004.DAT 
1 272 660 1584 570 0 0 1 0 -1 0 1 0 0 3004.DAT 
1 272 680 1584 590 0 0 1 0 -1 0 1 0 0 3004.DAT 
1 272 700 1584 600 -1 0 0 0 -1 0 0 0 1 3005.dat 
1 272 750 1584 490 0 0 1 0 -1 0 1 0 0 3003.DAT 
1 272 750 1584 600 -1 0 0 0 -1 0 0 0 1 3004.DAT 
1 272 300 1584 370 0 0 1 0 -1 0 1 0 0 3004.DAT 
1 272 320 1584 430 0 0 1 0 -1 0 1 0 0 3004.DAT 
1 272 310 1584 330 0 0 1 0 -1 0 1 0 0 3003.DAT 
1 272 320 1584 300 -1 0 0 0 -1 0 0 0 1 3005.dat 
1 272 340 1584 310 0 0 1 0 -1 0 1 0 0 3004.DAT 
1 272 370 1584 290 0 0 1 0 -1 0 1 0 0 3003.DAT 
1 272 410 1584 300 -1 0 0 0 -1 0 0 0 1 3004.DAT 
1 272 450 1584 310 0 0 1 0 -1 0 1 0 0 3003.DAT 
1 272 450 1584 420 -1 0 0 0 -1 0 0 0 1 3004.DAT 
1 272 470 1584 440 -1 0 0 0 -1 0 0 0 1 3004.DAT 
1 272 530 1584 380 -1 0 0 0 -1 0 0 0 1 3004.DAT 
1 272 540 1584 400 -1 0 0 0 -1 0 0 0 1 3005.dat 
1 272 590 1584 440 -1 0 0 0 -1 0 0 0 1 3004.DAT 
1 272 650 1584 520 -1 0 0 0 -1 0 0 0 1 3004.DAT 
1 272 670 1584 460 -1 0 0 0 -1 0 0 0 1 3004.DAT 
1 272 670 1584 500 -1 0 0 0 -1 0 0 0 1 3004.DAT 
1 272 690 1584 480 -1 0 0 0 -1 0 0 0 1 3004.DAT 
1 272 720 1584 480 -1 0 0 0 -1 0 0 0 1 3005.dat 
1 272 720 1584 600 -1 0 0 0 -1 0 0 0 1 3005.dat 
1 272 760 1584 460 -1 0 0 0 -1 0 0 0 1 3005.dat 
1 308 300 1584 410 0 0 1 0 -1 0 1 0 0 3004.DAT 
1 308 420 1584 450 0 0 1 0 -1 0 1 0 0 3004.DAT 
1 308 490 1584 330 0 0 1 0 -1 0 1 0 0 3003.DAT 
1 308 490 1584 420 -1 0 0 0 -1 0 0 0 1 3004.DAT 
1 308 500 1584 370 0 0 1 0 -1 0 1 0 0 3004.DAT 
1 308 510 1584 400 -1 0 0 0 -1 0 0 0 1 3004.DAT 
1 308 520 1584 350 0 0 1 0 -1 0 1 0 0 3004.DAT 
1 308 520 1584 420 -1 0 0 0 -1 0 0 0 1 3005.dat 
1 320 780 1584 430 0 0 1 0 -1 0 1 0 0 3004.DAT 
1 320 690 1584 760 -1 0 0 0 -1 0 0 0 1 3004.DAT 
1 320 710 1584 730 0 0 1 0 -1 0 1 0 0 3003.DAT 
1 320 730 1584 690 0 0 1 0 -1 0 1 0 0 3003.DAT 
1 320 720 1584 760 -1 0 0 0 -1 0 0 0 1 3005.dat 
1 320 740 1584 640 -1 0 0 0 -1 0 0 0 1 3005.dat 
1 320 750 1584 720 -1 0 0 0 -1 0 0 0 1 3004.DAT 
1 320 760 1584 670 0 0 1 0 -1 0 1 0 0 3004.DAT 
1 320 760 1584 700 -1 0 0 0 -1 0 0 0 1 3005.dat 
1 320 780 1584 350 0 0 1 0 -1 0 1 0 0 3004.DAT 
1 320 790 1584 400 -1 0 0 0 -1 0 0 0 1 3004.DAT 
1 320 780 1584 510 0 0 1 0 -1 0 1 0 0 3004.DAT 
1 320 780 1584 550 0 0 1 0 -1 0 1 0 0 3004.DAT 
1 320 780 1584 640 -1 0 0 0 -1 0 0 0 1 3005.dat 
1 320 780 1584 670 0 0 1 0 -1 0 1 0 0 3004.DAT 
1 320 800 1584 360 -1 0 0 0 -1 0 0 0 1 3005.dat 
1 320 800 1584 380 -1 0 0 0 -1 0 0 0 1 3005.dat 
1 320 800 1584 430 0 0 1 0 -1 0 1 0 0 3004.DAT 
1 320 800 1584 480 -1 0 0 0 -1 0 0 0 1 3005.dat 
1 320 810 1584 510 0 0 1 0 -1 0 1 0 0 3003.DAT 
1 320 820 1584 470 0 0 1 0 -1 0 1 0 0 3004.DAT 
1 320 760 1584 620 -1 0 0 0 -1 0 0 0 1 3005.dat 
1 511 780 1584 610 0 0 1 0 -1 0 1 0 0 3004.DAT 
1 511 800 1584 540 -1 0 0 0 -1 0 0 0 1 3005.dat 
1 511 800 1584 560 -1 0 0 0 -1 0 0 0 1 3005.dat 
1 511 800 1584 580 -1 0 0 0 -1 0 0 0 1 3005.dat 
0 STEP
1 6 640 1608 570 0 0 1 0 -1 0 1 0 0 3004.DAT 
1 6 660 1608 590 0 0 1 0 -1 0 1 0 0 3004.DAT 
1 6 780 1608 440 -1 0 0 0 -1 0 0 0 1 3005.dat 
1 92 300 1608 430 0 0 1 0 -1 0 1 0 0 3004.DAT 
1 92 330 1608 480 -1 0 0 0 -1 0 0 0 1 3004.DAT 
1 92 350 1608 500 -1 0 0 0 -1 0 0 0 1 3004.DAT 
1 92 390 1608 500 -1 0 0 0 -1 0 0 0 1 3004.DAT 
1 92 410 1608 480 -1 0 0 0 -1 0 0 0 1 3004.DAT 
1 92 420 1608 460 -1 0 0 0 -1 0 0 0 1 3005.dat 
1 272 620 1608 510 0 0 1 0 -1 0 1 0 0 3004.DAT 
1 272 620 1608 550 0 0 1 0 -1 0 1 0 0 3004.DAT 
1 272 670 1608 480 -1 0 0 0 -1 0 0 0 1 3004.DAT 
1 272 690 1608 600 -1 0 0 0 -1 0 0 0 1 3004.DAT 
1 272 700 1608 480 -1 0 0 0 -1 0 0 0 1 3005.dat 
1 272 730 1608 490 0 0 1 0 -1 0 1 0 0 3003.DAT 
1 272 720 1608 600 -1 0 0 0 -1 0 0 0 1 3005.dat 
1 272 300 1608 350 0 0 1 0 -1 0 1 0 0 3004.DAT 
1 272 310 1608 320 -1 0 0 0 -1 0 0 0 1 3004.DAT 
1 272 300 1608 460 -1 0 0 0 -1 0 0 0 1 3005.dat 
1 272 340 1608 310 0 0 1 0 -1 0 1 0 0 3004.DAT 
1 272 370 1608 300 -1 0 0 0 -1 0 0 0 1 3004.DAT 
1 272 370 1608 320 -1 0 0 0 -1 0 0 0 1 3004.DAT 
1 272 410 1608 320 -1 0 0 0 -1 0 0 0 1 3004.DAT 
1 272 430 1608 340 -1 0 0 0 -1 0 0 0 1 3004.DAT 
1 272 420 1608 400 -1 0 0 0 -1 0 0 0 1 3005.dat 
1 272 440 1608 320 -1 0 0 0 -1 0 0 0 1 3005.dat 
1 272 440 1608 370 0 0 1 0 -1 0 1 0 0 3004.DAT 
1 272 450 1608 400 -1 0 0 0 -1 0 0 0 1 3004.DAT 
1 272 470 1608 350 0 0 1 0 -1 0 1 0 0 3003.DAT 
1 272 470 1608 380 -1 0 0 0 -1 0 0 0 1 3004.DAT 
1 272 470 1608 420 -1 0 0 0 -1 0 0 0 1 3004.DAT 
1 272 480 1608 400 -1 0 0 0 -1 0 0 0 1 3005.dat 
1 272 640 1608 510 0 0 1 0 -1 0 1 0 0 3004.DAT 
1 272 740 1608 460 -1 0 0 0 -1 0 0 0 1 3005.dat 
1 308 300 1608 390 0 0 1 0 -1 0 1 0 0 3004.DAT 
1 308 410 1608 430 0 0 1 0 -1 0 1 0 0 3003.DAT 
1 308 500 1608 350 0 0 1 0 -1 0 1 0 0 3004.DAT 
1 320 660 1608 770 0 0 1 0 -1 0 1 0 0 3004.DAT 
1 320 680 1608 750 0 0 1 0 -1 0 1 0 0 3004.DAT 
1 320 680 1608 780 -1 0 0 0 -1 0 0 0 1 3005.dat 
1 320 700 1608 710 0 0 1 0 -1 0 1 0 0 3004.DAT 
1 320 700 1608 740 -1 0 0 0 -1 0 0 0 1 3005.dat 
1 320 720 1608 670 0 0 1 0 -1 0 1 0 0 3004.DAT 
1 320 720 1608 700 -1 0 0 0 -1 0 0 0 1 3005.dat 
1 320 720 1608 720 -1 0 0 0 -1 0 0 0 1 3005.dat 
1 320 740 1608 630 0 0 1 0 -1 0 1 0 0 3004.DAT 
1 320 740 1608 660 -1 0 0 0 -1 0 0 0 1 3005.dat 
1 320 740 1608 690 0 0 1 0 -1 0 1 0 0 3004.DAT 
1 320 760 1608 330 0 0 1 0 -1 0 1 0 0 3004.DAT 
1 320 770 1608 360 -1 0 0 0 -1 0 0 0 1 3004.DAT 
1 320 780 1608 340 -1 0 0 0 -1 0 0 0 1 3005.dat 
1 320 790 1608 390 0 0 1 0 -1 0 1 0 0 3003.DAT 
1 320 780 1608 420 -1 0 0 0 -1 0 0 0 1 3005.dat 
1 320 780 1608 510 0 0 1 0 -1 0 1 0 0 3004.DAT 
1 320 800 1608 430 0 0 1 0 -1 0 1 0 0 3004.DAT 
1 320 800 1608 460 -1 0 0 0 -1 0 0 0 1 3005.dat 
1 320 760 1608 430 0 0 1 0 -1 0 1 0 0 3004.DAT 
1 511 770 1608 550 0 0 1 0 -1 0 1 0 0 3003.DAT 
1 511 760 1608 630 0 0 1 0 -1 0 1 0 0 3004.DAT 
1 511 760 1608 670 0 0 1 0 -1 0 1 0 0 3004.DAT 
1 511 780 1608 580 -1 0 0 0 -1 0 0 0 1 3005.dat 
1 511 780 1608 600 -1 0 0 0 -1 0 0 0 1 3005.dat 
1 511 780 1608 620 -1 0 0 0 -1 0 0 0 1 3005.dat 
1 511 800 1608 490 0 0 1 0 -1 0 1 0 0 3004.DAT 
1 511 800 1608 530 0 0 1 0 -1 0 1 0 0 3004.DAT 
0 STEP
1 6 600 1632 530 0 0 1 0 -1 0 1 0 0 3004.DAT 
1 6 620 1632 510 0 0 1 0 -1 0 1 0 0 3004.DAT 
1 6 620 1632 570 0 0 1 0 -1 0 1 0 0 3004.DAT 
1 6 640 1632 580 -1 0 0 0 -1 0 0 0 1 3005.dat 
1 6 670 1632 600 -1 0 0 0 -1 0 0 0 1 3004.DAT 
1 92 300 1632 410 0 0 1 0 -1 0 1 0 0 3004.DAT 
1 92 320 1632 350 0 0 1 0 -1 0 1 0 0 3004.DAT 
1 92 350 1632 490 1 0 0 0 -1 0 0 0 -1 3001.DAT 
1 92 400 1632 490 0 0 1 0 -1 0 1 0 0 3004.DAT 
1 272 670 1632 480 -1 0 0 0 -1 0 0 0 1 3004.DAT 
1 272 710 1632 490 0 0 1 0 -1 0 1 0 0 3003.DAT 
1 272 750 1632 500 -1 0 0 0 -1 0 0 0 1 3004.DAT 
1 272 300 1632 450 0 0 1 0 -1 0 1 0 0 3004.DAT 
1 272 300 1632 480 -1 0 0 0 -1 0 0 0 1 3005.dat 
1 272 330 1632 320 -1 0 0 0 -1 0 0 0 1 3004.DAT 
1 272 320 1632 460 -1 0 0 0 -1 0 0 0 1 3005.dat 
1 272 370 1632 320 -1 0 0 0 -1 0 0 0 1 3004.DAT 
1 272 350 1632 520 -1 0 0 0 -1 0 0 0 1 3004.DAT 
1 272 400 1632 330 0 0 1 0 -1 0 1 0 0 3004.DAT 
1 272 420 1632 350 0 0 1 0 -1 0 1 0 0 3004.DAT 
1 272 420 1632 380 -1 0 0 0 -1 0 0 0 1 3005.dat 
1 272 420 1632 410 0 0 1 0 -1 0 1 0 0 3004.DAT 
1 272 710 1632 600 -1 0 0 0 -1 0 0 0 1 3004.DAT 
1 272 420 1632 440 -1 0 0 0 -1 0 0 0 1 3005.dat 
1 272 420 1632 470 0 0 1 0 -1 0 1 0 0 3004.DAT 
1 308 300 1632 370 0 0 1 0 -1 0 1 0 0 3004.DAT 
1 320 760 1632 460 -1 0 0 0 -1 0 0 0 1 3005.dat 
1 320 640 1632 770 0 0 1 0 -1 0 1 0 0 3004.DAT 
1 320 660 1632 750 0 0 1 0 -1 0 1 0 0 3004.DAT 
1 320 660 1632 780 -1 0 0 0 -1 0 0 0 1 3005.dat 
1 320 680 1632 730 0 0 1 0 -1 0 1 0 0 3004.DAT 
1 320 680 1632 760 -1 0 0 0 -1 0 0 0 1 3005.dat 
1 320 680 1632 780 -1 0 0 0 -1 0 0 0 1 3005.dat 
1 320 700 1632 690 0 0 1 0 -1 0 1 0 0 3004.DAT 
1 320 700 1632 720 -1 0 0 0 -1 0 0 0 1 3005.dat 
1 320 700 1632 750 0 0 1 0 -1 0 1 0 0 3004.DAT 
1 320 720 1632 650 0 0 1 0 -1 0 1 0 0 3004.DAT 
1 320 720 1632 680 -1 0 0 0 -1 0 0 0 1 3005.dat 
1 320 720 1632 700 -1 0 0 0 -1 0 0 0 1 3005.dat 
1 320 750 1632 350 0 0 1 0 -1 0 1 0 0 3001.DAT 
1 320 750 1632 620 -1 0 0 0 -1 0 0 0 1 3004.DAT 
1 320 740 1632 640 -1 0 0 0 -1 0 0 0 1 3005.dat 
1 320 740 1632 660 -1 0 0 0 -1 0 0 0 1 3005.dat 
1 320 770 1632 400 -1 0 0 0 -1 0 0 0 1 3004.DAT 
1 320 760 1632 640 -1 0 0 0 -1 0 0 0 1 3005.dat 
1 320 780 1632 370 0 0 1 0 -1 0 1 0 0 3004.DAT 
1 320 780 1632 430 0 0 1 0 -1 0 1 0 0 3004.DAT 
1 320 780 1632 460 -1 0 0 0 -1 0 0 0 1 3005.dat 
1 320 780 1632 540 -1 0 0 0 -1 0 0 0 1 3005.dat 
1 320 780 1632 570 0 0 1 0 -1 0 1 0 0 3004.DAT 
1 320 780 1632 600 -1 0 0 0 -1 0 0 0 1 3005.dat 
1 320 760 1632 430 0 0 1 0 -1 0 1 0 0 3004.DAT 
1 511 740 1632 690 0 0 1 0 -1 0 1 0 0 3004.DAT 
1 511 760 1632 660 -1 0 0 0 -1 0 0 0 1 3005.dat 
1 511 780 1632 480 -1 0 0 0 -1 0 0 0 1 3005.dat 
1 511 780 1632 510 0 0 1 0 -1 0 1 0 0 3004.DAT 
1 511 800 1632 460 -1 0 0 0 -1 0 0 0 1 3005.dat 
1 272 650 1632 500 -1 0 0 0 -1 0 0 0 1 3004.DAT 
0 STEP
1 6 580 1656 530 0 0 1 0 -1 0 1 0 0 3004.DAT 
1 6 610 1656 510 0 0 1 0 -1 0 1 0 0 3003.DAT 
1 6 600 1656 550 0 0 1 0 -1 0 1 0 0 3004.DAT 
1 6 610 1656 580 -1 0 0 0 -1 0 0 0 1 3004.DAT 
1 6 650 1656 500 -1 0 0 0 -1 0 0 0 1 3004.DAT 
1 6 640 1656 590 0 0 1 0 -1 0 1 0 0 3004.DAT 
1 6 670 1656 600 -1 0 0 0 -1 0 0 0 1 3004.DAT 
1 272 320 1656 340 -1 0 0 0 -1 0 0 0 1 3005.dat 
1 272 340 1656 340 -1 0 0 0 -1 0 0 0 1 3005.dat 
1 272 360 1656 350 0 0 1 0 -1 0 1 0 0 3004.DAT 
1 272 380 1656 340 -1 0 0 0 -1 0 0 0 1 3005.dat 
1 272 400 1656 360 -1 0 0 0 -1 0 0 0 1 3005.dat 
1 272 660 1656 480 -1 0 0 0 -1 0 0 0 1 3005.dat 
1 272 690 1656 500 -1 0 0 0 -1 0 0 0 1 3004.DAT 
1 272 720 1656 500 -1 0 0 0 -1 0 0 0 1 3005.dat 
1 272 280 1656 390 0 0 1 0 -1 0 1 0 0 3004.DAT 
1 272 290 1656 430 0 0 1 0 -1 0 1 0 0 3003.DAT 
1 272 290 1656 460 -1 0 0 0 -1 0 0 0 1 3004.DAT 
1 272 310 1656 490 0 0 1 0 -1 0 1 0 0 3003.DAT 
1 272 320 1656 520 -1 0 0 0 -1 0 0 0 1 3005.dat 
1 272 350 1656 500 -1 0 0 0 -1 0 0 0 1 3004.DAT 
1 272 390 1656 520 -1 0 0 0 -1 0 0 0 1 3004.DAT 
1 272 410 1656 400 -1 0 0 0 -1 0 0 0 1 3004.DAT 
1 272 420 1656 420 -1 0 0 0 -1 0 0 0 1 3005.dat 
1 272 420 1656 450 0 0 1 0 -1 0 1 0 0 3004.DAT 
1 272 420 1656 480 -1 0 0 0 -1 0 0 0 1 3005.dat 
1 272 420 1656 500 -1 0 0 0 -1 0 0 0 1 3005.dat 
1 272 700 1656 600 -1 0 0 0 -1 0 0 0 1 3005.dat 
1 272 420 1656 380 -1 0 0 0 -1 0 0 0 1 3005.dat 
1 272 350 1656 520 -1 0 0 0 -1 0 0 0 1 3004.DAT 
1 308 300 1656 370 0 0 1 0 -1 0 1 0 0 3004.DAT 
1 320 760 1656 470 0 0 1 0 -1 0 1 0 0 3004.DAT 
1 320 630 1656 780 -1 0 0 0 -1 0 0 0 1 3004.DAT 
1 320 650 1656 760 -1 0 0 0 -1 0 0 0 1 3004.DAT 
1 320 660 1656 730 0 0 1 0 -1 0 1 0 0 3004.DAT 
1 320 690 1656 660 -1 0 0 0 -1 0 0 0 1 3004.DAT 
1 320 680 1656 710 0 0 1 0 -1 0 1 0 0 3004.DAT 
1 320 680 1656 740 -1 0 0 0 -1 0 0 0 1 3005.dat 
1 320 710 1656 640 -1 0 0 0 -1 0 0 0 1 3004.DAT 
1 320 700 1656 690 0 0 1 0 -1 0 1 0 0 3004.DAT 
1 320 700 1656 720 -1 0 0 0 -1 0 0 0 1 3005.dat 
1 320 720 1656 310 0 0 1 0 -1 0 1 0 0 3004.DAT 
1 320 730 1656 620 -1 0 0 0 -1 0 0 0 1 3004.DAT 
1 320 720 1656 660 -1 0 0 0 -1 0 0 0 1 3005.dat 
1 320 740 1656 300 -1 0 0 0 -1 0 0 0 1 3005.dat 
1 320 740 1656 330 0 0 1 0 -1 0 1 0 0 3004.DAT 
1 320 740 1656 370 0 0 1 0 -1 0 1 0 0 3004.DAT 
1 320 740 1656 410 0 0 1 0 -1 0 1 0 0 3004.DAT 
1 320 740 1656 500 -1 0 0 0 -1 0 0 0 1 3005.dat 
1 320 740 1656 590 0 0 1 0 -1 0 1 0 0 3004.DAT 
1 320 740 1656 650 0 0 1 0 -1 0 1 0 0 3004.DAT 
1 320 760 1656 350 0 0 1 0 -1 0 1 0 0 3004.DAT 
1 320 760 1656 390 0 0 1 0 -1 0 1 0 0 3004.DAT 
1 320 760 1656 420 -1 0 0 0 -1 0 0 0 1 3005.dat 
1 320 760 1656 570 0 0 1 0 -1 0 1 0 0 3004.DAT 
1 320 760 1656 610 0 0 1 0 -1 0 1 0 0 3004.DAT 
1 320 780 1656 470 0 0 1 0 -1 0 1 0 0 3004.DAT 
1 320 780 1656 510 0 0 1 0 -1 0 1 0 0 3004.DAT 
1 320 780 1656 540 -1 0 0 0 -1 0 0 0 1 3005.dat 
1 320 780 1656 600 -1 0 0 0 -1 0 0 0 1 3005.dat 
1 320 680 1656 670 0 0 1 0 -1 0 1 0 0 3004.DAT 
1 320 660 1656 690 0 0 1 0 -1 0 1 0 0 3004.DAT 
1 320 740 1656 450 0 0 1 0 -1 0 1 0 0 3004.DAT 
1 511 720 1656 690 0 0 1 0 -1 0 1 0 0 3004.DAT 
1 511 770 1656 440 -1 0 0 0 -1 0 0 0 1 3004.DAT 
1 511 740 1656 680 -1 0 0 0 -1 0 0 0 1 3005.dat 
1 511 780 1656 420 -1 0 0 0 -1 0 0 0 1 3005.dat 
0 STEP
1 6 610 1680 500 -1 0 0 0 -1 0 0 0 1 3004.DAT 
1 6 600 1680 570 0 0 1 0 -1 0 1 0 0 3004.DAT 
1 6 620 1680 590 0 0 1 0 -1 0 1 0 0 3004.DAT 
1 6 650 1680 500 -1 0 0 0 -1 0 0 0 1 3004.DAT 
1 6 650 1680 600 -1 0 0 0 -1 0 0 0 1 3004.DAT 
1 6 680 1680 600 -1 0 0 0 -1 0 0 0 1 3005.dat 
1 272 680 1680 510 0 0 1 0 -1 0 1 0 0 3004.DAT 
1 272 280 1680 390 0 0 1 0 -1 0 1 0 0 3004.DAT 
1 272 280 1680 430 0 0 1 0 -1 0 1 0 0 3004.DAT 
1 272 290 1680 460 -1 0 0 0 -1 0 0 0 1 3004.DAT 
1 272 300 1680 370 0 0 1 0 -1 0 1 0 0 3004.DAT 
1 272 300 1680 490 0 0 1 0 -1 0 1 0 0 3004.DAT 
1 272 330 1680 340 -1 0 0 0 -1 0 0 0 1 3004.DAT 
1 272 330 1680 510 0 0 1 0 -1 0 1 0 0 3003.DAT 
1 272 350 1680 540 -1 0 0 0 -1 0 0 0 1 3004.DAT 
1 272 370 1680 340 -1 0 0 0 -1 0 0 0 1 3004.DAT 
1 272 370 1680 520 -1 0 0 0 -1 0 0 0 1 3004.DAT 
1 272 390 1680 500 -1 0 0 0 -1 0 0 0 1 3004.DAT 
1 272 410 1680 480 -1 0 0 0 -1 0 0 0 1 3004.DAT 
1 272 420 1680 430 0 0 1 0 -1 0 1 0 0 3004.DAT 
1 272 420 1680 460 -1 0 0 0 -1 0 0 0 1 3005.dat 
1 272 400 1680 520 -1 0 0 0 -1 0 0 0 1 3005.dat 
1 272 380 1680 540 -1 0 0 0 -1 0 0 0 1 3005.dat 
1 272 420 1680 500 -1 0 0 0 -1 0 0 0 1 3005.dat 
1 320 590 1680 780 -1 0 0 0 -1 0 0 0 1 3004.DAT 
1 320 610 1680 760 -1 0 0 0 -1 0 0 0 1 3004.DAT 
1 320 620 1680 780 -1 0 0 0 -1 0 0 0 1 3005.dat 
1 320 640 1680 730 0 0 1 0 -1 0 1 0 0 3004.DAT 
1 320 640 1680 760 -1 0 0 0 -1 0 0 0 1 3005.dat 
1 320 660 1680 740 -1 0 0 0 -1 0 0 0 1 3005.dat 
1 320 710 1680 310 0 0 1 0 -1 0 1 0 0 3003.DAT 
1 320 710 1680 340 -1 0 0 0 -1 0 0 0 1 3004.DAT 
1 320 700 1680 610 0 0 1 0 -1 0 1 0 0 3004.DAT 
1 320 700 1680 650 0 0 1 0 -1 0 1 0 0 3004.DAT 
1 320 710 1680 680 -1 0 0 0 -1 0 0 0 1 3004.DAT 
1 320 720 1680 370 0 0 1 0 -1 0 1 0 0 3004.DAT 
1 320 730 1680 410 0 0 1 0 -1 0 1 0 0 3003.DAT 
1 320 730 1680 490 0 0 1 0 -1 0 1 0 0 3003.DAT 
1 320 720 1680 590 0 0 1 0 -1 0 1 0 0 3004.DAT 
1 320 720 1680 650 0 0 1 0 -1 0 1 0 0 3004.DAT 
1 320 740 1680 310 0 0 1 0 -1 0 1 0 0 3004.DAT 
1 320 740 1680 340 -1 0 0 0 -1 0 0 0 1 3005.dat 
1 320 740 1680 360 -1 0 0 0 -1 0 0 0 1 3005.dat 
1 320 740 1680 380 -1 0 0 0 -1 0 0 0 1 3005.dat 
1 320 740 1680 450 0 0 1 0 -1 0 1 0 0 3004.DAT 
1 320 740 1680 570 0 0 1 0 -1 0 1 0 0 3004.DAT 
1 320 760 1680 450 0 0 1 0 -1 0 1 0 0 3004.DAT 
1 320 760 1680 480 -1 0 0 0 -1 0 0 0 1 3005.dat 
1 320 680 1680 650 0 0 1 0 -1 0 1 0 0 3004.DAT 
1 320 660 1680 670 0 0 1 0 -1 0 1 0 0 3004.DAT 
1 320 640 1680 690 0 0 1 0 -1 0 1 0 0 3004.DAT 
1 406 730 1680 620 -1 0 0 0 -1 0 0 0 1 3004.DAT 
1 406 750 1680 530 0 0 1 0 -1 0 1 0 0 3003.DAT 
1 406 740 1680 600 -1 0 0 0 -1 0 0 0 1 3005.dat 
1 406 760 1680 560 -1 0 0 0 -1 0 0 0 1 3005.dat 
1 406 760 1680 580 -1 0 0 0 -1 0 0 0 1 3005.dat 
1 406 760 1680 500 -1 0 0 0 -1 0 0 0 1 3005.dat 
1 496 540 1680 550 0 0 1 0 -1 0 1 0 0 3004.DAT 
1 496 560 1680 530 0 0 1 0 -1 0 1 0 0 3004.DAT 
1 496 560 1680 570 0 0 1 0 -1 0 1 0 0 3004.DAT 
1 496 580 1680 510 0 0 1 0 -1 0 1 0 0 3004.DAT 
1 496 580 1680 580 -1 0 0 0 -1 0 0 0 1 3005.dat 
1 511 660 1680 710 0 0 1 0 -1 0 1 0 0 3004.DAT 
1 511 680 1680 690 0 0 1 0 -1 0 1 0 0 3004.DAT 
1 511 700 1680 700 -1 0 0 0 -1 0 0 0 1 3005.dat 
1 511 760 1680 410 0 0 1 0 -1 0 1 0 0 3004.DAT 
1 272 710 1680 520 -1 0 0 0 -1 0 0 0 1 3004.DAT 
1 272 420 1680 390 0 0 1 0 -1 0 1 0 0 3004.DAT 
1 272 400 1680 370 0 0 1 0 -1 0 1 0 0 3004.DAT 
0 STEP
1 6 580 1704 560 -1 0 0 0 -1 0 0 0 1 3005.dat 
1 6 600 1704 510 0 0 1 0 -1 0 1 0 0 3004.DAT 
1 6 630 1704 500 -1 0 0 0 -1 0 0 0 1 3004.DAT 
1 6 620 1704 590 0 0 1 0 -1 0 1 0 0 3004.DAT 
1 6 650 1704 520 -1 0 0 0 -1 0 0 0 1 3004.DAT 
1 6 650 1704 600 -1 0 0 0 -1 0 0 0 1 3004.DAT 
1 6 660 1704 550 0 0 1 0 -1 0 1 0 0 3004.DAT 
1 6 670 1704 580 -1 0 0 0 -1 0 0 0 1 3004.DAT 
1 6 680 1704 530 0 0 1 0 -1 0 1 0 0 3004.DAT 
1 6 680 1704 560 -1 0 0 0 -1 0 0 0 1 3005.dat 
1 15 380 1704 540 -1 0 0 0 -1 0 0 0 1 3005.dat 
1 15 420 1704 500 -1 0 0 0 -1 0 0 0 1 3005.dat 
1 15 760 1704 580 -1 0 0 0 -1 0 0 0 1 3005.dat 
1 15 760 1704 500 -1 0 0 0 -1 0 0 0 1 3005.dat 
1 272 400 1704 520 -1 0 0 0 -1 0 0 0 1 3005.dat 
1 272 280 1704 390 0 0 1 0 -1 0 1 0 0 3004.DAT 
1 272 280 1704 430 0 0 1 0 -1 0 1 0 0 3004.DAT 
1 272 280 1704 470 0 0 1 0 -1 0 1 0 0 3004.DAT 
1 272 300 1704 370 0 0 1 0 -1 0 1 0 0 3004.DAT 
1 272 300 1704 490 0 0 1 0 -1 0 1 0 0 3004.DAT 
1 272 330 1704 360 -1 0 0 0 -1 0 0 0 1 3004.DAT 
1 272 320 1704 510 0 0 1 0 -1 0 1 0 0 3004.DAT 
1 272 340 1704 340 -1 0 0 0 -1 0 0 0 1 3005.dat 
1 272 370 1704 360 -1 0 0 0 -1 0 0 0 1 3004.DAT 
1 272 400 1704 370 0 0 1 0 -1 0 1 0 0 3004.DAT 
1 272 410 1704 400 -1 0 0 0 -1 0 0 0 1 3004.DAT 
1 272 420 1704 380 -1 0 0 0 -1 0 0 0 1 3005.dat 
1 272 420 1704 430 0 0 1 0 -1 0 1 0 0 3004.DAT 
1 272 420 1704 470 0 0 1 0 -1 0 1 0 0 3004.DAT 
1 272 350 1704 530 0 0 1 0 -1 0 1 0 0 3003.DAT 
1 320 580 1704 770 0 0 1 0 -1 0 1 0 0 3004.DAT 
1 320 600 1704 750 0 0 1 0 -1 0 1 0 0 3004.DAT 
1 320 600 1704 780 -1 0 0 0 -1 0 0 0 1 3005.dat 
1 320 620 1704 730 0 0 1 0 -1 0 1 0 0 3004.DAT 
1 320 620 1704 760 -1 0 0 0 -1 0 0 0 1 3005.dat 
1 320 640 1704 710 0 0 1 0 -1 0 1 0 0 3004.DAT 
1 320 640 1704 740 -1 0 0 0 -1 0 0 0 1 3005.dat 
1 320 660 1704 670 0 0 1 0 -1 0 1 0 0 3004.DAT 
1 320 690 1704 310 0 0 1 0 -1 0 1 0 0 3003.DAT 
1 320 690 1704 340 -1 0 0 0 -1 0 0 0 1 3004.DAT 
1 320 680 1704 650 0 0 1 0 -1 0 1 0 0 3004.DAT 
1 320 680 1704 680 -1 0 0 0 -1 0 0 0 1 3005.dat 
1 320 700 1704 370 0 0 1 0 -1 0 1 0 0 3004.DAT 
1 320 710 1704 410 0 0 1 0 -1 0 1 0 0 3003.DAT 
1 320 700 1704 610 0 0 1 0 -1 0 1 0 0 3004.DAT 
1 320 700 1704 640 -1 0 0 0 -1 0 0 0 1 3005.dat 
1 320 700 1704 660 -1 0 0 0 -1 0 0 0 1 3005.dat 
1 320 720 1704 320 -1 0 0 0 -1 0 0 0 1 3005.dat 
1 320 720 1704 340 -1 0 0 0 -1 0 0 0 1 3005.dat 
1 320 720 1704 370 0 0 1 0 -1 0 1 0 0 3004.DAT 
1 320 720 1704 450 0 0 1 0 -1 0 1 0 0 3004.DAT 
1 320 730 1704 480 -1 0 0 0 -1 0 0 0 1 3004.DAT 
1 320 720 1704 590 0 0 1 0 -1 0 1 0 0 3004.DAT 
1 320 740 1704 430 0 0 1 0 -1 0 1 0 0 3004.DAT 
1 320 740 1704 460 -1 0 0 0 -1 0 0 0 1 3005.dat 
1 320 700 1704 490 0 0 1 0 -1 0 1 0 0 3004.DAT 
1 406 720 1704 630 0 0 1 0 -1 0 1 0 0 3004.DAT 
1 406 740 1704 500 -1 0 0 0 -1 0 0 0 1 3005.dat 
1 406 740 1704 530 0 0 1 0 -1 0 1 0 0 3004.DAT 
1 406 740 1704 570 0 0 1 0 -1 0 1 0 0 3004.DAT 
1 406 740 1704 600 -1 0 0 0 -1 0 0 0 1 3005.dat 
1 406 760 1704 480 -1 0 0 0 -1 0 0 0 1 3005.dat 
1 496 540 1704 530 0 0 1 0 -1 0 1 0 0 3004.DAT 
1 496 550 1704 560 -1 0 0 0 -1 0 0 0 1 3004.DAT 
1 496 570 1704 510 0 0 1 0 -1 0 1 0 0 3003.DAT 
1 496 560 1704 540 -1 0 0 0 -1 0 0 0 1 3005.dat 
1 496 570 1704 580 -1 0 0 0 -1 0 0 0 1 3004.DAT 
1 496 580 1704 600 -1 0 0 0 -1 0 0 0 1 3005.dat 
1 511 660 1704 700 -1 0 0 0 -1 0 0 0 1 3005.dat 
1 511 660 1704 720 -1 0 0 0 -1 0 0 0 1 3005.dat 
1 511 740 1704 390 0 0 1 0 -1 0 1 0 0 3004.DAT 
0 STEP
1 6 530 1728 530 0 0 1 0 -1 0 1 0 0 3003.DAT 
1 6 530 1728 560 -1 0 0 0 -1 0 0 0 1 3004.DAT 
1 6 590 1728 520 -1 0 0 0 -1 0 0 0 1 3004.DAT 
1 6 630 1728 530 0 0 1 0 -1 0 1 0 0 3003.DAT 
1 6 630 1728 580 -1 0 0 0 -1 0 0 0 1 3004.DAT 
1 6 650 1728 560 -1 0 0 0 -1 0 0 0 1 3004.DAT 
1 6 660 1728 540 -1 0 0 0 -1 0 0 0 1 3005.dat 
1 6 660 1728 580 -1 0 0 0 -1 0 0 0 1 3005.dat 
1 15 390 1728 520 -1 0 0 0 -1 0 0 0 1 3004.DAT 
1 15 380 1728 530 0 0 1 0 -1 0 1 0 0 3004.DAT 
1 15 420 1728 500 -1 0 0 0 -1 0 0 0 1 3005.dat 
1 15 740 1728 520 -1 0 0 0 -1 0 0 0 1 3005.dat 
1 272 280 1728 390 0 0 1 0 -1 0 1 0 0 3004.DAT 
1 272 280 1728 430 0 0 1 0 -1 0 1 0 0 3004.DAT 
1 272 280 1728 470 0 0 1 0 -1 0 1 0 0 3004.DAT 
1 272 300 1728 370 0 0 1 0 -1 0 1 0 0 3004.DAT 
1 272 330 1728 360 -1 0 0 0 -1 0 0 0 1 3004.DAT 
1 272 370 1728 360 -1 0 0 0 -1 0 0 0 1 3004.DAT 
1 272 400 1728 370 0 0 1 0 -1 0 1 0 0 3004.DAT 
1 272 410 1728 400 -1 0 0 0 -1 0 0 0 1 3004.DAT 
1 272 420 1728 470 0 0 1 0 -1 0 1 0 0 3004.DAT 
1 272 350 1728 530 0 0 1 0 -1 0 1 0 0 3003.DAT 
1 272 320 1728 510 0 0 1 0 -1 0 1 0 0 3004.DAT 
1 320 560 1728 770 0 0 1 0 -1 0 1 0 0 3004.DAT 
1 320 580 1728 750 0 0 1 0 -1 0 1 0 0 3004.DAT 
1 320 580 1728 780 -1 0 0 0 -1 0 0 0 1 3005.dat 
1 320 600 1728 730 0 0 1 0 -1 0 1 0 0 3004.DAT 
1 320 600 1728 760 -1 0 0 0 -1 0 0 0 1 3005.dat 
1 320 620 1728 710 0 0 1 0 -1 0 1 0 0 3004.DAT 
1 320 620 1728 740 -1 0 0 0 -1 0 0 0 1 3005.dat 
1 320 640 1728 670 0 0 1 0 -1 0 1 0 0 3004.DAT 
1 320 670 1728 310 0 0 1 0 -1 0 1 0 0 3003.DAT 
1 320 670 1728 340 -1 0 0 0 -1 0 0 0 1 3004.DAT 
1 320 660 1728 650 0 0 1 0 -1 0 1 0 0 3004.DAT 
1 320 670 1728 680 -1 0 0 0 -1 0 0 0 1 3004.DAT 
1 320 680 1728 370 0 0 1 0 -1 0 1 0 0 3004.DAT 
1 320 690 1728 410 0 0 1 0 -1 0 1 0 0 3003.DAT 
1 320 680 1728 610 0 0 1 0 -1 0 1 0 0 3004.DAT 
1 320 680 1728 640 -1 0 0 0 -1 0 0 0 1 3005.dat 
1 320 690 1728 660 -1 0 0 0 -1 0 0 0 1 3004.DAT 
1 320 700 1728 340 -1 0 0 0 -1 0 0 0 1 3005.dat 
1 320 700 1728 360 -1 0 0 0 -1 0 0 0 1 3005.dat 
1 320 700 1728 450 0 0 1 0 -1 0 1 0 0 3004.DAT 
1 320 700 1728 490 0 0 1 0 -1 0 1 0 0 3004.DAT 
1 320 700 1728 530 0 0 1 0 -1 0 1 0 0 3004.DAT 
1 320 700 1728 570 0 0 1 0 -1 0 1 0 0 3004.DAT 
1 320 700 1728 600 -1 0 0 0 -1 0 0 0 1 3005.dat 
1 320 720 1728 410 0 0 1 0 -1 0 1 0 0 3004.DAT 
1 320 730 1728 440 -1 0 0 0 -1 0 0 0 1 3004.DAT 
1 320 720 1728 470 0 0 1 0 -1 0 1 0 0 3004.DAT 
1 320 720 1728 510 0 0 1 0 -1 0 1 0 0 3004.DAT 
1 320 720 1728 540 -1 0 0 0 -1 0 0 0 1 3005.dat 
1 383 300 1728 510 0 0 1 0 -1 0 1 0 0 3004.DAT 
1 383 420 1728 430 0 0 1 0 -1 0 1 0 0 3004.DAT 
1 406 700 1728 630 0 0 1 0 -1 0 1 0 0 3004.DAT 
1 406 720 1728 570 0 0 1 0 -1 0 1 0 0 3004.DAT 
1 406 720 1728 610 0 0 1 0 -1 0 1 0 0 3004.DAT 
1 406 740 1728 470 0 0 1 0 -1 0 1 0 0 3004.DAT 
1 406 740 1728 500 -1 0 0 0 -1 0 0 0 1 3005.dat 
1 496 570 1728 580 -1 0 0 0 -1 0 0 0 1 3004.DAT 
1 496 600 1728 580 -1 0 0 0 -1 0 0 0 1 3005.dat 
1 496 560 1728 510 0 0 1 0 -1 0 1 0 0 3004.DAT 
1 496 570 1728 600 -1 0 0 0 -1 0 0 0 1 3004.DAT 
1 496 580 1728 490 0 0 1 0 -1 0 1 0 0 3004.DAT 
1 496 600 1728 480 -1 0 0 0 -1 0 0 0 1 3005.dat 
1 511 640 1728 700 -1 0 0 0 -1 0 0 0 1 3005.dat 
1 511 640 1728 720 -1 0 0 0 -1 0 0 0 1 3005.dat 
1 511 710 1728 380 -1 0 0 0 -1 0 0 0 1 3004.DAT 
1 511 740 1728 550 0 0 1 0 -1 0 1 0 0 3004.DAT 
0 STEP
1 6 490 1752 550 0 0 1 0 -1 0 1 0 0 3003.DAT 
1 6 510 1752 580 -1 0 0 0 -1 0 0 0 1 3004.DAT 
1 6 520 1752 530 0 0 1 0 -1 0 1 0 0 3004.DAT 
1 6 530 1752 560 -1 0 0 0 -1 0 0 0 1 3004.DAT 
1 6 550 1752 520 -1 0 0 0 -1 0 0 0 1 3004.DAT 
1 6 570 1752 580 -1 0 0 0 -1 0 0 0 1 3004.DAT 
1 6 590 1752 530 0 0 1 0 -1 0 1 0 0 3003.DAT 
1 6 610 1752 570 0 0 1 0 -1 0 1 0 0 3003.DAT 
1 6 620 1752 530 0 0 1 0 -1 0 1 0 0 3004.DAT 
1 6 640 1752 570 0 0 1 0 -1 0 1 0 0 3004.DAT 
1 15 420 1752 500 -1 0 0 0 -1 0 0 0 1 3005.dat 
1 15 380 1752 530 0 0 1 0 -1 0 1 0 0 3004.DAT 
1 15 720 1752 500 -1 0 0 0 -1 0 0 0 1 3005.dat 
1 272 390 1752 520 -1 0 0 0 -1 0 0 0 1 3004.DAT 
1 272 280 1752 390 0 0 1 0 -1 0 1 0 0 3004.DAT 
1 272 280 1752 430 0 0 1 0 -1 0 1 0 0 3004.DAT 
1 272 300 1752 370 0 0 1 0 -1 0 1 0 0 3004.DAT 
1 272 330 1752 360 -1 0 0 0 -1 0 0 0 1 3004.DAT 
1 272 320 1752 510 0 0 1 0 -1 0 1 0 0 3004.DAT 
1 272 350 1752 530 0 0 1 0 -1 0 1 0 0 3003.DAT 
1 272 370 1752 360 -1 0 0 0 -1 0 0 0 1 3004.DAT 
1 272 390 1752 380 -1 0 0 0 -1 0 0 0 1 3004.DAT 
1 272 420 1752 470 0 0 1 0 -1 0 1 0 0 3004.DAT 
1 320 540 1752 750 0 0 1 0 -1 0 1 0 0 3004.DAT 
1 320 560 1752 730 0 0 1 0 -1 0 1 0 0 3004.DAT 
1 320 560 1752 760 -1 0 0 0 -1 0 0 0 1 3005.dat 
1 320 580 1752 710 0 0 1 0 -1 0 1 0 0 3004.DAT 
1 320 580 1752 750 0 0 1 0 -1 0 1 0 0 3004.DAT 
1 320 600 1752 690 0 0 1 0 -1 0 1 0 0 3004.DAT 
1 320 600 1752 730 0 0 1 0 -1 0 1 0 0 3004.DAT 
1 320 630 1752 650 0 0 1 0 -1 0 1 0 0 3003.DAT 
1 320 620 1752 680 -1 0 0 0 -1 0 0 0 1 3005.dat 
1 320 620 1752 720 -1 0 0 0 -1 0 0 0 1 3005.dat 
1 320 650 1752 310 0 0 1 0 -1 0 1 0 0 3003.DAT 
1 320 650 1752 400 -1 0 0 0 -1 0 0 0 1 3004.DAT 
1 320 650 1752 610 0 0 1 0 -1 0 1 0 0 3003.DAT 
1 320 660 1752 350 0 0 1 0 -1 0 1 0 0 3004.DAT 
1 320 670 1752 380 -1 0 0 0 -1 0 0 0 1 3004.DAT 
1 320 660 1752 640 -1 0 0 0 -1 0 0 0 1 3005.dat 
1 320 660 1752 670 0 0 1 0 -1 0 1 0 0 3004.DAT 
1 320 680 1752 340 -1 0 0 0 -1 0 0 0 1 3005.dat 
1 320 680 1752 360 -1 0 0 0 -1 0 0 0 1 3005.dat 
1 320 680 1752 410 0 0 1 0 -1 0 1 0 0 3004.DAT 
1 320 680 1752 450 0 0 1 0 -1 0 1 0 0 3004.DAT 
1 320 680 1752 490 0 0 1 0 -1 0 1 0 0 3004.DAT 
1 320 680 1752 530 0 0 1 0 -1 0 1 0 0 3004.DAT 
1 320 680 1752 570 0 0 1 0 -1 0 1 0 0 3004.DAT 
1 320 680 1752 600 -1 0 0 0 -1 0 0 0 1 3005.dat 
1 320 680 1752 660 -1 0 0 0 -1 0 0 0 1 3005.dat 
1 320 700 1752 440 -1 0 0 0 -1 0 0 0 1 3005.dat 
1 320 700 1752 470 0 0 1 0 -1 0 1 0 0 3004.DAT 
1 320 700 1752 510 0 0 1 0 -1 0 1 0 0 3004.DAT 
1 320 700 1752 550 0 0 1 0 -1 0 1 0 0 3004.DAT 
1 320 720 1752 420 -1 0 0 0 -1 0 0 0 1 3005.dat 
1 383 280 1752 470 0 0 1 0 -1 0 1 0 0 3004.DAT 
1 383 300 1752 490 0 0 1 0 -1 0 1 0 0 3004.DAT 
1 383 410 1752 410 0 0 1 0 -1 0 1 0 0 3003.DAT 
1 383 410 1752 440 -1 0 0 0 -1 0 0 0 1 3004.DAT 
1 406 680 1752 630 0 0 1 0 -1 0 1 0 0 3004.DAT 
1 406 700 1752 590 0 0 1 0 -1 0 1 0 0 3004.DAT 
1 406 720 1752 470 0 0 1 0 -1 0 1 0 0 3004.DAT 
1 496 570 1752 490 0 0 1 0 -1 0 1 0 0 3003.DAT 
1 496 570 1752 600 -1 0 0 0 -1 0 0 0 1 3004.DAT 
1 496 600 1752 480 -1 0 0 0 -1 0 0 0 1 3005.dat 
1 496 600 1752 600 -1 0 0 0 -1 0 0 0 1 3005.dat 
1 511 630 1752 700 -1 0 0 0 -1 0 0 0 1 3004.DAT 
1 511 640 1752 680 -1 0 0 0 -1 0 0 0 1 3005.dat 
1 511 700 1752 380 -1 0 0 0 -1 0 0 0 1 3005.dat 
1 511 700 1752 410 0 0 1 0 -1 0 1 0 0 3004.DAT 
1 511 720 1752 570 0 0 1 0 -1 0 1 0 0 3004.DAT 
1 511 720 1752 530 0 0 1 0 -1 0 1 0 0 3004.DAT 
0 STEP
1 6 480 1776 550 0 0 1 0 -1 0 1 0 0 3004.DAT 
1 6 490 1776 580 -1 0 0 0 -1 0 0 0 1 3004.DAT 
1 6 530 1776 530 1 0 0 0 -1 0 0 0 -1 3001.DAT 
1 6 510 1776 560 -1 0 0 0 -1 0 0 0 1 3004.DAT 
1 6 510 1776 600 -1 0 0 0 -1 0 0 0 1 3004.DAT 
1 6 530 1776 580 -1 0 0 0 -1 0 0 0 1 3004.DAT 
1 6 530 1776 620 -1 0 0 0 -1 0 0 0 1 3004.DAT 
1 6 540 1776 560 -1 0 0 0 -1 0 0 0 1 3005.dat 
1 6 540 1776 600 -1 0 0 0 -1 0 0 0 1 3005.dat 
1 6 570 1776 580 -1 0 0 0 -1 0 0 0 1 3004.DAT 
1 6 590 1776 550 0 0 1 0 -1 0 1 0 0 3003.DAT 
1 15 400 1776 520 -1 0 0 0 -1 0 0 0 1 3005.dat 
1 15 700 1776 480 -1 0 0 0 -1 0 0 0 1 3005.dat 
1 256 620 1776 550 0 0 1 0 -1 0 1 0 0 3004.DAT 
1 272 280 1776 410 0 0 1 0 -1 0 1 0 0 3004.DAT 
1 272 290 1776 480 -1 0 0 0 -1 0 0 0 1 3004.DAT 
1 272 300 1776 390 0 0 1 0 -1 0 1 0 0 3004.DAT 
1 272 310 1776 500 -1 0 0 0 -1 0 0 0 1 3004.DAT 
1 272 350 1776 370 1 0 0 0 -1 0 0 0 -1 3001.DAT 
1 272 330 1776 520 -1 0 0 0 -1 0 0 0 1 3004.DAT 
1 272 370 1776 520 -1 0 0 0 -1 0 0 0 1 3004.DAT 
1 272 390 1776 500 -1 0 0 0 -1 0 0 0 1 3004.DAT 
1 272 410 1776 450 0 0 1 0 -1 0 1 0 0 3001.DAT 
1 320 520 1776 730 0 0 1 0 -1 0 1 0 0 3004.DAT 
1 320 540 1776 710 0 0 1 0 -1 0 1 0 0 3004.DAT 
1 320 540 1776 740 -1 0 0 0 -1 0 0 0 1 3005.dat 
1 320 540 1776 760 -1 0 0 0 -1 0 0 0 1 3005.dat 
1 320 560 1776 690 0 0 1 0 -1 0 1 0 0 3004.DAT 
1 320 560 1776 730 0 0 1 0 -1 0 1 0 0 3004.DAT 
1 320 580 1776 670 0 0 1 0 -1 0 1 0 0 3004.DAT 
1 320 580 1776 710 0 0 1 0 -1 0 1 0 0 3004.DAT 
1 320 580 1776 740 -1 0 0 0 -1 0 0 0 1 3005.dat 
1 320 610 1776 640 -1 0 0 0 -1 0 0 0 1 3004.DAT 
1 320 610 1776 660 -1 0 0 0 -1 0 0 0 1 3004.DAT 
1 320 600 1776 720 -1 0 0 0 -1 0 0 0 1 3005.dat 
1 320 620 1776 310 0 0 1 0 -1 0 1 0 0 3004.DAT 
1 320 630 1776 350 0 0 1 0 -1 0 1 0 0 3003.DAT 
1 320 630 1776 380 -1 0 0 0 -1 0 0 0 1 3004.DAT 
1 320 620 1776 500 -1 0 0 0 -1 0 0 0 1 3005.dat 
1 320 640 1776 310 0 0 1 0 -1 0 1 0 0 3004.DAT 
1 320 650 1776 400 -1 0 0 0 -1 0 0 0 1 3004.DAT 
1 320 650 1776 470 0 0 1 0 -1 0 1 0 0 3003.DAT 
1 320 650 1776 550 0 0 1 0 -1 0 1 0 0 3003.DAT 
1 320 640 1776 590 0 0 1 0 -1 0 1 0 0 3004.DAT 
1 320 650 1776 660 -1 0 0 0 -1 0 0 0 1 3004.DAT 
1 320 660 1776 350 0 0 1 0 -1 0 1 0 0 3004.DAT 
1 320 660 1776 430 0 0 1 0 -1 0 1 0 0 3004.DAT 
1 320 660 1776 510 0 0 1 0 -1 0 1 0 0 3004.DAT 
1 320 660 1776 580 -1 0 0 0 -1 0 0 0 1 3005.dat 
1 320 680 1776 360 -1 0 0 0 -1 0 0 0 1 3005.dat 
1 320 680 1776 410 0 0 1 0 -1 0 1 0 0 3004.DAT 
1 320 680 1776 450 0 0 1 0 -1 0 1 0 0 3004.DAT 
1 320 700 1776 430 0 0 1 0 -1 0 1 0 0 3004.DAT 
1 320 640 1776 430 0 0 1 0 -1 0 1 0 0 3004.DAT 
1 383 280 1776 450 0 0 1 0 -1 0 1 0 0 3004.DAT 
1 383 400 1776 390 0 0 1 0 -1 0 1 0 0 3004.DAT 
1 406 640 1776 630 0 0 1 0 -1 0 1 0 0 3004.DAT 
1 406 670 1776 610 0 0 1 0 -1 0 1 0 0 3003.DAT 
1 406 660 1776 640 -1 0 0 0 -1 0 0 0 1 3005.dat 
1 406 680 1776 490 0 0 1 0 -1 0 1 0 0 3004.DAT 
1 406 680 1776 540 -1 0 0 0 -1 0 0 0 1 3005.dat 
1 406 680 1776 570 0 0 1 0 -1 0 1 0 0 3004.DAT 
1 406 700 1776 460 -1 0 0 0 -1 0 0 0 1 3005.dat 
1 496 590 1776 620 -1 0 0 0 -1 0 0 0 1 3004.DAT 
1 496 620 1776 590 0 0 1 0 -1 0 1 0 0 3004.DAT 
1 496 620 1776 620 -1 0 0 0 -1 0 0 0 1 3005.dat 
1 496 590 1776 480 -1 0 0 0 -1 0 0 0 1 3004.DAT 
1 496 590 1776 600 -1 0 0 0 -1 0 0 0 1 3004.DAT 
1 496 620 1776 480 -1 0 0 0 -1 0 0 0 1 3005.dat 
1 496 560 1776 600 -1 0 0 0 -1 0 0 0 1 3005.dat 
1 511 600 1776 690 0 0 1 0 -1 0 1 0 0 3004.DAT 
1 511 620 1776 680 -1 0 0 0 -1 0 0 0 1 3005.dat 
1 511 670 1776 380 -1 0 0 0 -1 0 0 0 1 3004.DAT 
1 511 700 1776 400 -1 0 0 0 -1 0 0 0 1 3005.dat 
1 511 700 1776 590 0 0 1 0 -1 0 1 0 0 3004.DAT 
1 511 700 1776 550 0 0 1 0 -1 0 1 0 0 3004.DAT 
1 511 700 1776 510 0 0 1 0 -1 0 1 0 0 3004.DAT 
0 STEP
1 6 480 1800 550 0 0 1 0 -1 0 1 0 0 3004.DAT 
1 6 490 1800 580 -1 0 0 0 -1 0 0 0 1 3004.DAT 
1 6 510 1800 530 0 0 1 0 -1 0 1 0 0 3003.DAT 
1 6 510 1800 560 -1 0 0 0 -1 0 0 0 1 3004.DAT 
1 6 510 1800 600 -1 0 0 0 -1 0 0 0 1 3004.DAT 
1 6 530 1800 580 -1 0 0 0 -1 0 0 0 1 3004.DAT 
1 6 520 1800 620 -1 0 0 0 -1 0 0 0 1 3005.dat 
1 6 550 1800 550 0 0 1 0 -1 0 1 0 0 3003.DAT 
1 6 540 1800 600 -1 0 0 0 -1 0 0 0 1 3005.dat 
1 6 560 1800 580 -1 0 0 0 -1 0 0 0 1 3005.dat 
1 6 580 1800 560 -1 0 0 0 -1 0 0 0 1 3005.dat 
1 15 680 1800 520 -1 0 0 0 -1 0 0 0 1 3005.dat 
1 256 590 1800 580 -1 0 0 0 -1 0 0 0 1 3004.DAT 
1 256 600 1800 600 -1 0 0 0 -1 0 0 0 1 3005.dat 
1 256 620 1800 490 0 0 1 0 -1 0 1 0 0 3004.DAT 
1 256 620 1800 530 0 0 1 0 -1 0 1 0 0 3004.DAT 
1 256 620 1800 580 -1 0 0 0 -1 0 0 0 1 3005.dat 
1 272 290 1800 430 0 0 1 0 -1 0 1 0 0 3003.DAT 
1 272 330 1800 390 1 0 0 0 -1 0 0 0 -1 3001.DAT 
1 272 310 1800 470 0 0 1 0 -1 0 1 0 0 3003.DAT 
1 272 320 1800 420 -1 0 0 0 -1 0 0 0 1 3005.dat 
1 272 330 1800 500 -1 0 0 0 -1 0 0 0 1 3004.DAT 
1 272 350 1800 480 -1 0 0 0 -1 0 0 0 1 3004.DAT 
1 272 360 1800 510 0 0 1 0 -1 0 1 0 0 3004.DAT 
1 272 380 1800 390 0 0 1 0 -1 0 1 0 0 3004.DAT 
1 272 380 1800 430 0 0 1 0 -1 0 1 0 0 3004.DAT 
1 272 380 1800 470 0 0 1 0 -1 0 1 0 0 3004.DAT 
1 272 380 1800 500 -1 0 0 0 -1 0 0 0 1 3005.dat 
1 272 400 1800 410 0 0 1 0 -1 0 1 0 0 3004.DAT 
1 272 400 1800 450 0 0 1 0 -1 0 1 0 0 3004.DAT 
1 272 400 1800 480 -1 0 0 0 -1 0 0 0 1 3005.dat 
1 272 640 1800 480 -1 0 0 0 -1 0 0 0 1 3005.dat 
1 320 670 1800 460 -1 0 0 0 -1 0 0 0 1 3004.DAT 
1 320 540 1800 630 0 0 1 0 -1 0 1 0 0 3004.DAT 
1 320 540 1800 660 -1 0 0 0 -1 0 0 0 1 3005.dat 
1 320 560 1800 640 -1 0 0 0 -1 0 0 0 1 3005.dat 
1 320 600 1800 510 0 0 1 0 -1 0 1 0 0 3004.DAT 
1 320 600 1800 550 0 0 1 0 -1 0 1 0 0 3004.DAT 
1 320 500 1800 700 -1 0 0 0 -1 0 0 0 1 3005.dat 
1 320 510 1800 720 -1 0 0 0 -1 0 0 0 1 3004.DAT 
1 320 520 1800 680 -1 0 0 0 -1 0 0 0 1 3005.dat 
1 320 530 1800 700 -1 0 0 0 -1 0 0 0 1 3004.DAT 
1 320 540 1800 680 -1 0 0 0 -1 0 0 0 1 3005.dat 
1 320 540 1800 720 -1 0 0 0 -1 0 0 0 1 3005.dat 
1 320 560 1800 660 -1 0 0 0 -1 0 0 0 1 3005.dat 
1 320 560 1800 690 0 0 1 0 -1 0 1 0 0 3004.DAT 
1 320 590 1800 330 0 0 1 0 -1 0 1 0 0 3003.DAT 
1 320 580 1800 640 -1 0 0 0 -1 0 0 0 1 3005.dat 
1 320 580 1800 700 -1 0 0 0 -1 0 0 0 1 3005.dat 
1 320 600 1800 370 0 0 1 0 -1 0 1 0 0 3004.DAT 
1 320 600 1800 620 -1 0 0 0 -1 0 0 0 1 3005.dat 
1 320 610 1800 650 0 0 1 0 -1 0 1 0 0 3003.DAT 
1 320 620 1800 310 0 0 1 0 -1 0 1 0 0 3004.DAT 
1 320 620 1800 350 0 0 1 0 -1 0 1 0 0 3004.DAT 
1 320 620 1800 390 0 0 1 0 -1 0 1 0 0 3004.DAT 
1 320 620 1800 430 0 0 1 0 -1 0 1 0 0 3004.DAT 
1 320 620 1800 460 -1 0 0 0 -1 0 0 0 1 3005.dat 
1 320 620 1800 560 -1 0 0 0 -1 0 0 0 1 3005.dat 
1 320 620 1800 600 -1 0 0 0 -1 0 0 0 1 3005.dat 
1 320 640 1800 330 0 0 1 0 -1 0 1 0 0 3004.DAT 
1 320 640 1800 370 0 0 1 0 -1 0 1 0 0 3004.DAT 
1 320 650 1800 440 -1 0 0 0 -1 0 0 0 1 3004.DAT 
1 320 660 1800 420 -1 0 0 0 -1 0 0 0 1 3005.dat 
1 320 680 1800 440 -1 0 0 0 -1 0 0 0 1 3005.dat 
1 320 600 1800 450 0 0 1 0 -1 0 1 0 0 3004.DAT 
1 406 630 1800 620 -1 0 0 0 -1 0 0 0 1 3004.DAT 
1 406 640 1800 510 0 0 1 0 -1 0 1 0 0 3004.DAT 
1 406 640 1800 550 0 0 1 0 -1 0 1 0 0 3004.DAT 
1 406 640 1800 590 0 0 1 0 -1 0 1 0 0 3004.DAT 
1 406 660 1800 490 0 0 1 0 -1 0 1 0 0 3004.DAT 
1 406 660 1800 530 0 0 1 0 -1 0 1 0 0 3004.DAT 
1 406 660 1800 570 0 0 1 0 -1 0 1 0 0 3004.DAT 
1 406 680 1800 490 0 0 1 0 -1 0 1 0 0 3004.DAT 
1 496 570 1800 610 0 0 1 0 -1 0 1 0 0 3003.DAT 
1 496 590 1800 480 -1 0 0 0 -1 0 0 0 1 3004.DAT 
1 511 640 1800 410 0 0 1 0 -1 0 1 0 0 3004.DAT 
1 511 660 1800 390 0 0 1 0 -1 0 1 0 0 3004.DAT 
1 511 590 1800 680 -1 0 0 0 -1 0 0 0 1 3004.DAT 
1 511 680 1800 550 0 0 1 0 -1 0 1 0 0 3004.DAT 
0 STEP
1 6 510 1824 560 -1 0 0 0 -1 0 0 0 1 3004.DAT 
1 6 520 1824 540 -1 0 0 0 -1 0 0 0 1 3005.dat 
1 6 530 1824 580 -1 0 0 0 -1 0 0 0 1 3004.DAT 
1 6 540 1824 560 -1 0 0 0 -1 0 0 0 1 3005.dat 
1 15 660 1824 540 -1 0 0 0 -1 0 0 0 1 3005.dat 
1 272 310 1824 440 -1 0 0 0 -1 0 0 0 1 3004.DAT 
1 272 330 1824 410 0 0 1 0 -1 0 1 0 0 3003.DAT 
1 272 330 1824 460 -1 0 0 0 -1 0 0 0 1 3004.DAT 
1 272 350 1824 440 -1 0 0 0 -1 0 0 0 1 3004.DAT 
1 272 350 1824 480 -1 0 0 0 -1 0 0 0 1 3004.DAT 
1 272 360 1824 410 0 0 1 0 -1 0 1 0 0 3004.DAT 
1 272 370 1824 460 -1 0 0 0 -1 0 0 0 1 3004.DAT 
1 272 380 1824 430 0 0 1 0 -1 0 1 0 0 3004.DAT 
1 320 500 1824 650 0 0 1 0 -1 0 1 0 0 3004.DAT 
1 320 500 1824 680 -1 0 0 0 -1 0 0 0 1 3005.dat 
1 320 520 1824 630 0 0 1 0 -1 0 1 0 0 3004.DAT 
1 320 570 1824 450 0 0 1 0 -1 0 1 0 0 3003.DAT 
1 320 580 1824 490 0 0 1 0 -1 0 1 0 0 3004.DAT 
1 320 480 1824 680 -1 0 0 0 -1 0 0 0 1 3005.dat 
1 320 500 1824 700 -1 0 0 0 -1 0 0 0 1 3005.dat 
1 320 530 1824 660 -1 0 0 0 -1 0 0 0 1 3004.DAT 
1 320 530 1824 680 -1 0 0 0 -1 0 0 0 1 3004.DAT 
1 320 520 1824 700 -1 0 0 0 -1 0 0 0 1 3005.dat 
1 320 550 1824 600 -1 0 0 0 -1 0 0 0 1 3004.DAT 
1 320 550 1824 640 -1 0 0 0 -1 0 0 0 1 3004.DAT 
1 320 560 1824 340 -1 0 0 0 -1 0 0 0 1 3005.dat 
1 320 570 1824 420 -1 0 0 0 -1 0 0 0 1 3004.DAT 
1 320 570 1824 550 0 0 1 0 -1 0 1 0 0 3001.DAT 
1 320 560 1824 670 0 0 1 0 -1 0 1 0 0 3004.DAT 
1 320 580 1824 320 -1 0 0 0 -1 0 0 0 1 3005.dat 
1 320 580 1824 340 -1 0 0 0 -1 0 0 0 1 3005.dat 
1 320 580 1824 370 0 0 1 0 -1 0 1 0 0 3004.DAT 
1 320 590 1824 400 -1 0 0 0 -1 0 0 0 1 3004.DAT 
1 320 600 1824 350 0 0 1 0 -1 0 1 0 0 3004.DAT 
1 320 600 1824 380 -1 0 0 0 -1 0 0 0 1 3005.dat 
1 320 600 1824 430 0 0 1 0 -1 0 1 0 0 3004.DAT 
1 320 600 1824 610 0 0 1 0 -1 0 1 0 0 3004.DAT 
1 320 620 1824 340 -1 0 0 0 -1 0 0 0 1 3005.dat 
1 320 620 1824 380 -1 0 0 0 -1 0 0 0 1 3005.dat 
1 320 620 1824 450 0 0 1 0 -1 0 1 0 0 3004.DAT 
1 320 620 1824 480 -1 0 0 0 -1 0 0 0 1 3005.dat 
1 320 620 1824 500 -1 0 0 0 -1 0 0 0 1 3005.dat 
1 320 640 1824 440 -1 0 0 0 -1 0 0 0 1 3005.dat 
1 320 640 1824 470 0 0 1 0 -1 0 1 0 0 3004.DAT 
1 320 660 1824 480 -1 0 0 0 -1 0 0 0 1 3005.dat 
1 320 620 1824 610 0 0 1 0 -1 0 1 0 0 3004.DAT 
1 406 620 1824 550 0 0 1 0 -1 0 1 0 0 3004.DAT 
1 406 630 1824 580 -1 0 0 0 -1 0 0 0 1 3004.DAT 
1 406 640 1824 500 -1 0 0 0 -1 0 0 0 1 3005.dat 
1 406 640 1824 560 -1 0 0 0 -1 0 0 0 1 3005.dat 
1 406 640 1824 530 0 0 1 0 -1 0 1 0 0 3004.DAT 
1 511 580 1824 650 0 0 1 0 -1 0 1 0 0 3004.DAT 
1 511 620 1824 410 0 0 1 0 -1 0 1 0 0 3004.DAT 
0 STEP
1 320 540 1848 450 0 0 1 0 -1 0 1 0 0 3004.DAT 
1 320 560 1848 470 0 0 1 0 -1 0 1 0 0 3004.DAT 
1 320 490 1848 640 -1 0 0 0 -1 0 0 0 1 3004.DAT 
1 320 480 1848 670 0 0 1 0 -1 0 1 0 0 3004.DAT 
1 320 510 1848 570 0 0 1 0 -1 0 1 0 0 3001.DAT 
1 320 500 1848 620 -1 0 0 0 -1 0 0 0 1 3005.dat 
1 320 500 1848 660 -1 0 0 0 -1 0 0 0 1 3005.dat 
1 320 500 1848 680 -1 0 0 0 -1 0 0 0 1 3005.dat 
1 320 520 1848 380 -1 0 0 0 -1 0 0 0 1 3005.dat 
1 320 520 1848 650 0 0 1 0 -1 0 1 0 0 3004.DAT 
1 320 540 1848 360 -1 0 0 0 -1 0 0 0 1 3005.dat 
1 320 540 1848 410 0 0 1 0 -1 0 1 0 0 3004.DAT 
1 320 540 1848 550 0 0 1 0 -1 0 1 0 0 3004.DAT 
1 320 540 1848 590 0 0 1 0 -1 0 1 0 0 3004.DAT 
1 320 540 1848 620 -1 0 0 0 -1 0 0 0 1 3005.dat 
1 320 540 1848 640 -1 0 0 0 -1 0 0 0 1 3005.dat 
1 320 560 1848 340 -1 0 0 0 -1 0 0 0 1 3005.dat 
1 320 560 1848 360 -1 0 0 0 -1 0 0 0 1 3005.dat 
1 320 560 1848 380 -1 0 0 0 -1 0 0 0 1 3005.dat 
1 320 570 1848 400 -1 0 0 0 -1 0 0 0 1 3004.DAT 
1 320 560 1848 420 -1 0 0 0 -1 0 0 0 1 3005.dat 
1 320 560 1848 510 0 0 1 0 -1 0 1 0 0 3004.DAT 
1 320 560 1848 540 -1 0 0 0 -1 0 0 0 1 3005.dat 
1 320 580 1848 360 -1 0 0 0 -1 0 0 0 1 3005.dat 
1 320 580 1848 420 -1 0 0 0 -1 0 0 0 1 3005.dat 
1 320 580 1848 440 -1 0 0 0 -1 0 0 0 1 3005.dat 
1 320 580 1848 520 -1 0 0 0 -1 0 0 0 1 3005.dat 
1 320 590 1848 550 0 0 1 0 -1 0 1 0 0 3003.DAT 
1 320 590 1848 580 -1 0 0 0 -1 0 0 0 1 3004.DAT 
1 320 600 1848 400 -1 0 0 0 -1 0 0 0 1 3005.dat 
1 320 600 1848 510 0 0 1 0 -1 0 1 0 0 3004.DAT 
1 320 620 1848 550 0 0 1 0 -1 0 1 0 0 3004.DAT 
1 320 620 1848 510 0 0 1 0 -1 0 1 0 0 3004.DAT 
1 320 600 1848 480 -1 0 0 0 -1 0 0 0 1 3005.dat 
1 320 540 1848 490 0 0 1 0 -1 0 1 0 0 3004.DAT 
1 320 530 1848 520 -1 0 0 0 -1 0 0 0 1 3004.DAT 
1 511 560 1848 570 0 0 1 0 -1 0 1 0 0 3004.DAT 
1 511 570 1848 610 0 0 1 0 -1 0 1 0 0 3003.DAT 
1 511 580 1848 460 -1 0 0 0 -1 0 0 0 1 3005.dat 
1 511 580 1848 490 0 0 1 0 -1 0 1 0 0 3004.DAT 
1 511 600 1848 430 0 0 1 0 -1 0 1 0 0 3004.DAT 
1 511 600 1848 460 -1 0 0 0 -1 0 0 0 1 3005.dat 
0 STEP
1 320 470 1872 590 0 0 1 0 -1 0 1 0 0 3001.DAT 
1 320 480 1872 650 0 0 1 0 -1 0 1 0 0 3004.DAT 
1 320 510 1872 400 -1 0 0 0 -1 0 0 0 1 3004.DAT 
1 320 510 1872 430 0 0 1 0 -1 0 1 0 0 3003.DAT 
1 320 510 1872 530 0 0 1 0 -1 0 1 0 0 3003.DAT 
1 320 500 1872 560 -1 0 0 0 -1 0 0 0 1 3005.dat 
1 320 500 1872 590 0 0 1 0 -1 0 1 0 0 3004.DAT 
1 320 500 1872 630 0 0 1 0 -1 0 1 0 0 3004.DAT 
1 320 520 1872 380 -1 0 0 0 -1 0 0 0 1 3005.dat 
1 320 530 1872 460 -1 0 0 0 -1 0 0 0 1 3004.DAT 
1 320 530 1872 490 0 0 1 0 -1 0 1 0 0 3003.DAT 
1 320 520 1872 610 0 0 1 0 -1 0 1 0 0 3004.DAT 
1 320 540 1872 380 -1 0 0 0 -1 0 0 0 1 3005.dat 
1 320 540 1872 400 -1 0 0 0 -1 0 0 0 1 3005.dat 
1 320 550 1872 420 -1 0 0 0 -1 0 0 0 1 3004.DAT 
1 320 550 1872 440 -1 0 0 0 -1 0 0 0 1 3004.DAT 
1 320 560 1872 460 -1 0 0 0 -1 0 0 0 1 3005.dat 
1 320 520 1872 570 0 0 1 0 -1 0 1 0 0 3004.DAT 
1 511 540 1872 530 0 0 1 0 -1 0 1 0 0 3004.DAT 
1 511 570 1872 530 0 0 1 0 -1 0 1 0 0 3003.DAT 
1 511 540 1872 570 0 0 1 0 -1 0 1 0 0 3004.DAT 
1 511 570 1872 490 0 0 1 0 -1 0 1 0 0 3003.DAT 
0 STEP
1 320 460 1896 530 0 0 1 0 -1 0 1 0 0 3004.DAT 
1 320 470 1896 560 -1 0 0 0 -1 0 0 0 1 3004.DAT 
1 320 470 1896 580 -1 0 0 0 -1 0 0 0 1 3004.DAT 
1 320 490 1896 440 -1 0 0 0 -1 0 0 0 1 3004.DAT 
1 320 490 1896 470 0 0 1 0 -1 0 1 0 0 3003.DAT 
1 320 480 1896 510 0 0 1 0 -1 0 1 0 0 3004.DAT 
1 320 480 1896 540 -1 0 0 0 -1 0 0 0 1 3005.dat 
1 320 500 1896 420 -1 0 0 0 -1 0 0 0 1 3005.dat 
1 320 500 1896 500 -1 0 0 0 -1 0 0 0 1 3005.dat 
1 320 500 1896 530 0 0 1 0 -1 0 1 0 0 3004.DAT 
1 320 510 1896 560 -1 0 0 0 -1 0 0 0 1 3004.DAT 
1 320 520 1896 510 0 0 1 0 -1 0 1 0 0 3004.DAT 
1 320 520 1896 540 -1 0 0 0 -1 0 0 0 1 3005.dat 
1 308 380 1392 220 -1 0 0 0 -1 0 0 0 1 3005.dat 
0 STEP