0 Master Chief Ground
0 Name: 
0 Author: 
1 0 390 24 730 0 0 1 0 -1 0 1 0 0 3003.DAT 
1 0 400 24 690 0 0 1 0 -1 0 1 0 0 3004.DAT 
1 0 450 24 630 0 0 1 0 -1 0 1 0 0 3003.DAT 
1 0 460 24 670 0 0 1 0 -1 0 1 0 0 3004.DAT 
1 0 460 24 710 0 0 1 0 -1 0 1 0 0 3004.DAT 
1 0 460 24 750 0 0 1 0 -1 0 1 0 0 3004.DAT 
1 0 460 24 790 0 0 1 0 -1 0 1 0 0 3004.DAT 
1 0 460 24 820 -1 0 0 0 -1 0 0 0 1 3005.dat 
1 0 490 24 670 0 0 1 0 -1 0 1 0 0 3001.DAT 
1 0 480 24 720 -1 0 0 0 -1 0 0 0 1 3005.dat 
1 0 970 24 410 0 0 1 0 -1 0 1 0 0 3003.DAT 
1 0 970 24 440 -1 0 0 0 -1 0 0 0 1 3004.DAT 
1 0 1000 24 410 0 0 1 0 -1 0 1 0 0 3004.DAT 
1 0 1000 24 440 -1 0 0 0 -1 0 0 0 1 3005.dat 
1 7 380 24 680 -1 0 0 0 -1 0 0 0 1 3005.dat 
1 7 400 24 660 -1 0 0 0 -1 0 0 0 1 3005.dat 
1 7 420 24 640 -1 0 0 0 -1 0 0 0 1 3005.dat 
1 7 500 24 730 0 0 1 0 -1 0 1 0 0 3004.DAT 
1 7 520 24 670 0 0 1 0 -1 0 1 0 0 3004.DAT 
1 7 520 24 700 -1 0 0 0 -1 0 0 0 1 3005.dat 
1 288 910 24 830 0 0 1 0 -1 0 1 0 0 3003.DAT 
1 288 340 24 810 0 0 1 0 -1 0 1 0 0 3004.DAT 
1 288 340 24 840 -1 0 0 0 -1 0 0 0 1 3005.dat 
1 288 360 24 740 -1 0 0 0 -1 0 0 0 1 3005.dat 
1 288 370 24 860 -1 0 0 0 -1 0 0 0 1 3004.DAT 
1 288 390 24 880 -1 0 0 0 -1 0 0 0 1 3004.DAT 
1 288 410 24 860 -1 0 0 0 -1 0 0 0 1 3004.DAT 
1 288 420 24 880 -1 0 0 0 -1 0 0 0 1 3005.dat 
1 288 440 24 860 -1 0 0 0 -1 0 0 0 1 3005.dat 
1 288 460 24 840 -1 0 0 0 -1 0 0 0 1 3005.dat 
1 288 480 24 780 -1 0 0 0 -1 0 0 0 1 3005.dat 
1 288 810 24 30 0 0 1 0 -1 0 1 0 0 3003.DAT 
1 288 810 24 60 -1 0 0 0 -1 0 0 0 1 3004.DAT 
1 288 850 24 30 0 0 1 0 -1 0 1 0 0 3001.DAT 
1 288 840 24 80 -1 0 0 0 -1 0 0 0 1 3005.dat 
1 288 330 24 780 -1 0 0 0 -1 0 0 0 1 3004.DAT 
1 288 340 24 760 -1 0 0 0 -1 0 0 0 1 3005.dat 
1 288 480 24 810 0 0 1 0 -1 0 1 0 0 3004.DAT 
1 496 940 24 450 0 0 1 0 -1 0 1 0 0 3004.DAT 
1 496 950 24 480 -1 0 0 0 -1 0 0 0 1 3004.DAT 
1 496 990 24 480 -1 0 0 0 -1 0 0 0 1 3004.DAT 
1 496 1010 24 460 -1 0 0 0 -1 0 0 0 1 3004.DAT 
1 496 1020 24 430 0 0 1 0 -1 0 1 0 0 3004.DAT 
1 496 1020 24 480 -1 0 0 0 -1 0 0 0 1 3005.dat 
0 STEP
1 288 360 48 750 0 0 1 0 -1 0 1 0 0 3004.DAT 
1 0 360 48 790 0 0 1 0 -1 0 1 0 0 3004.DAT 
1 0 360 48 830 0 0 1 0 -1 0 1 0 0 3004.DAT 
1 0 380 48 730 0 0 1 0 -1 0 1 0 0 3004.DAT 
1 0 390 48 840 -1 0 0 0 -1 0 0 0 1 3004.DAT 
1 0 400 48 690 0 0 1 0 -1 0 1 0 0 3004.DAT 
1 0 410 48 860 -1 0 0 0 -1 0 0 0 1 3004.DAT 
1 0 430 48 840 -1 0 0 0 -1 0 0 0 1 3004.DAT 
1 0 440 48 630 0 0 1 0 -1 0 1 0 0 3004.DAT 
1 0 470 48 620 -1 0 0 0 -1 0 0 0 1 3004.DAT 
1 0 460 48 750 0 0 1 0 -1 0 1 0 0 3004.DAT 
1 0 460 48 790 0 0 1 0 -1 0 1 0 0 3004.DAT 
1 0 490 48 640 -1 0 0 0 -1 0 0 0 1 3004.DAT 
1 0 480 48 710 0 0 1 0 -1 0 1 0 0 3004.DAT 
1 0 480 48 740 -1 0 0 0 -1 0 0 0 1 3005.dat 
1 0 500 48 670 0 0 1 0 -1 0 1 0 0 3004.DAT 
1 0 500 48 700 -1 0 0 0 -1 0 0 0 1 3005.dat 
1 288 810 48 50 0 0 1 0 -1 0 1 0 0 3003.DAT 
1 0 830 48 80 -1 0 0 0 -1 0 0 0 1 3004.DAT 
1 288 850 48 30 0 0 1 0 -1 0 1 0 0 3003.DAT 
1 0 850 48 60 -1 0 0 0 -1 0 0 0 1 3004.DAT 
1 0 860 48 80 -1 0 0 0 -1 0 0 0 1 3005.dat 
1 0 880 48 50 0 0 1 0 -1 0 1 0 0 3004.DAT 
1 0 880 48 830 0 0 1 0 -1 0 1 0 0 3004.DAT 
1 0 900 48 810 0 0 1 0 -1 0 1 0 0 3004.DAT 
1 0 910 48 840 -1 0 0 0 -1 0 0 0 1 3004.DAT 
1 0 930 48 790 0 0 1 0 -1 0 1 0 0 3003.DAT 
1 0 930 48 820 -1 0 0 0 -1 0 0 0 1 3004.DAT 
1 0 950 48 390 0 0 1 0 -1 0 1 0 0 3003.DAT 
1 0 940 48 430 0 0 1 0 -1 0 1 0 0 3004.DAT 
1 0 950 48 460 -1 0 0 0 -1 0 0 0 1 3004.DAT 
1 0 940 48 840 -1 0 0 0 -1 0 0 0 1 3005.dat 
1 0 960 48 440 -1 0 0 0 -1 0 0 0 1 3005.dat 
1 288 960 48 790 0 0 1 0 -1 0 1 0 0 3004.DAT 
1 288 960 48 820 -1 0 0 0 -1 0 0 0 1 3005.dat 
1 81 980 48 370 0 0 1 0 -1 0 1 0 0 3004.DAT 
1 0 990 48 400 -1 0 0 0 -1 0 0 0 1 3004.DAT 
1 0 980 48 470 0 0 1 0 -1 0 1 0 0 3004.DAT 
1 81 1000 48 380 -1 0 0 0 -1 0 0 0 1 3005.dat 
1 0 1000 48 430 0 0 1 0 -1 0 1 0 0 3004.DAT 
1 0 1010 48 460 -1 0 0 0 -1 0 0 0 1 3004.DAT 
1 0 1020 48 410 0 0 1 0 -1 0 1 0 0 3004.DAT 
1 0 1020 48 440 -1 0 0 0 -1 0 0 0 1 3005.dat 
1 7 400 48 660 -1 0 0 0 -1 0 0 0 1 3005.dat 
1 7 420 48 640 -1 0 0 0 -1 0 0 0 1 3005.dat 
1 7 500 48 730 0 0 1 0 -1 0 1 0 0 3004.DAT 
1 7 520 48 650 0 0 1 0 -1 0 1 0 0 3004.DAT 
1 7 520 48 690 0 0 1 0 -1 0 1 0 0 3004.DAT 
1 7 520 48 720 -1 0 0 0 -1 0 0 0 1 3005.dat 
1 81 950 48 330 0 0 1 0 -1 0 1 0 0 3003.DAT 
1 81 950 48 360 -1 0 0 0 -1 0 0 0 1 3004.DAT 
1 81 980 48 340 -1 0 0 0 -1 0 0 0 1 3005.dat 
1 288 930 48 860 -1 0 0 0 -1 0 0 0 1 3004.DAT 
1 288 950 48 760 -1 0 0 0 -1 0 0 0 1 3004.DAT 
1 288 960 48 840 -1 0 0 0 -1 0 0 0 1 3005.dat 
1 288 340 48 810 0 0 1 0 -1 0 1 0 0 3004.DAT 
1 288 340 48 840 -1 0 0 0 -1 0 0 0 1 3005.dat 
1 288 370 48 870 0 0 1 0 -1 0 1 0 0 3003.DAT 
1 288 410 48 880 -1 0 0 0 -1 0 0 0 1 3004.DAT 
1 288 440 48 860 -1 0 0 0 -1 0 0 0 1 3005.dat 
1 288 780 48 40 -1 0 0 0 -1 0 0 0 1 3005.dat 
1 288 800 48 80 -1 0 0 0 -1 0 0 0 1 3005.dat 
1 288 820 48 20 -1 0 0 0 -1 0 0 0 1 3005.dat 
1 288 870 48 0 -1 0 0 0 -1 0 0 0 1 3004.DAT 
1 288 880 48 20 -1 0 0 0 -1 0 0 0 1 3005.dat 
1 288 340 48 770 0 0 1 0 -1 0 1 0 0 3004.DAT 
1 288 480 48 810 0 0 1 0 -1 0 1 0 0 3004.DAT 
1 496 1010 48 480 -1 0 0 0 -1 0 0 0 1 3004.DAT 
1 496 1040 48 450 0 0 1 0 -1 0 1 0 0 3004.DAT 
0 STEP
1 0 380 72 730 0 0 1 0 -1 0 1 0 0 3004.DAT 
1 0 400 72 690 0 0 1 0 -1 0 1 0 0 3004.DAT 
1 0 400 72 720 -1 0 0 0 -1 0 0 0 1 3005.dat 
1 0 400 72 850 0 0 1 0 -1 0 1 0 0 3004.DAT 
1 0 420 72 670 0 0 1 0 -1 0 1 0 0 3004.DAT 
1 0 450 72 640 -1 0 0 0 -1 0 0 0 1 3004.DAT 
1 0 470 72 620 -1 0 0 0 -1 0 0 0 1 3004.DAT 
1 0 460 72 770 0 0 1 0 -1 0 1 0 0 3004.DAT 
1 0 460 72 800 -1 0 0 0 -1 0 0 0 1 3005.dat 
1 0 490 72 640 -1 0 0 0 -1 0 0 0 1 3004.DAT 
1 0 480 72 730 0 0 1 0 -1 0 1 0 0 3004.DAT 
1 0 480 72 760 -1 0 0 0 -1 0 0 0 1 3005.dat 
1 0 500 72 670 0 0 1 0 -1 0 1 0 0 3004.DAT 
1 0 500 72 710 0 0 1 0 -1 0 1 0 0 3004.DAT 
1 288 800 72 50 0 0 1 0 -1 0 1 0 0 3004.DAT 
1 0 810 72 80 -1 0 0 0 -1 0 0 0 1 3004.DAT 
1 0 830 72 30 0 0 1 0 -1 0 1 0 0 3003.DAT 
1 0 850 72 80 -1 0 0 0 -1 0 0 0 1 3004.DAT 
1 0 870 72 20 -1 0 0 0 -1 0 0 0 1 3004.DAT 
1 0 870 72 60 -1 0 0 0 -1 0 0 0 1 3004.DAT 
1 0 870 72 820 -1 0 0 0 -1 0 0 0 1 3004.DAT 
1 0 890 72 40 -1 0 0 0 -1 0 0 0 1 3004.DAT 
1 0 890 72 800 -1 0 0 0 -1 0 0 0 1 3004.DAT 
1 0 880 72 850 0 0 1 0 -1 0 1 0 0 3004.DAT 
1 0 910 72 830 0 0 1 0 -1 0 1 0 0 3003.DAT 
1 0 910 72 860 -1 0 0 0 -1 0 0 0 1 3004.DAT 
1 81 920 72 370 0 0 1 0 -1 0 1 0 0 3004.DAT 
1 0 920 72 410 0 0 1 0 -1 0 1 0 0 3004.DAT 
1 0 920 72 450 0 0 1 0 -1 0 1 0 0 3004.DAT 
1 0 920 72 490 0 0 1 0 -1 0 1 0 0 3004.DAT 
1 0 920 72 790 0 0 1 0 -1 0 1 0 0 3004.DAT 
1 81 940 72 350 0 0 1 0 -1 0 1 0 0 3004.DAT 
1 0 940 72 390 0 0 1 0 -1 0 1 0 0 3004.DAT 
1 0 940 72 430 0 0 1 0 -1 0 1 0 0 3004.DAT 
1 0 940 72 470 0 0 1 0 -1 0 1 0 0 3004.DAT 
1 0 950 72 500 -1 0 0 0 -1 0 0 0 1 3004.DAT 
1 0 950 72 790 0 0 1 0 -1 0 1 0 0 3001.DAT 
1 0 940 72 850 0 0 1 0 -1 0 1 0 0 3004.DAT 
1 81 970 72 350 0 0 1 0 -1 0 1 0 0 3001.DAT 
1 0 960 72 400 -1 0 0 0 -1 0 0 0 1 3005.dat 
1 0 970 72 480 -1 0 0 0 -1 0 0 0 1 3004.DAT 
1 288 960 72 840 -1 0 0 0 -1 0 0 0 1 3005.dat 
1 0 990 72 500 -1 0 0 0 -1 0 0 0 1 3004.DAT 
1 81 1000 72 350 0 0 1 0 -1 0 1 0 0 3004.DAT 
1 81 1010 72 380 -1 0 0 0 -1 0 0 0 1 3004.DAT 
1 0 1000 72 470 0 0 1 0 -1 0 1 0 0 3004.DAT 
1 0 1020 72 410 0 0 1 0 -1 0 1 0 0 3004.DAT 
1 0 1020 72 450 0 0 1 0 -1 0 1 0 0 3004.DAT 
1 0 1020 72 480 -1 0 0 0 -1 0 0 0 1 3005.dat 
1 7 400 72 660 -1 0 0 0 -1 0 0 0 1 3005.dat 
1 7 420 72 640 -1 0 0 0 -1 0 0 0 1 3005.dat 
1 7 440 72 620 -1 0 0 0 -1 0 0 0 1 3005.dat 
1 7 520 72 650 0 0 1 0 -1 0 1 0 0 3004.DAT 
1 7 520 72 690 0 0 1 0 -1 0 1 0 0 3004.DAT 
1 7 520 72 720 -1 0 0 0 -1 0 0 0 1 3005.dat 
1 81 900 72 350 0 0 1 0 -1 0 1 0 0 3004.DAT 
1 81 900 72 390 0 0 1 0 -1 0 1 0 0 3004.DAT 
1 81 930 72 280 -1 0 0 0 -1 0 0 0 1 3004.DAT 
1 81 920 72 330 0 0 1 0 -1 0 1 0 0 3004.DAT 
1 81 940 72 310 0 0 1 0 -1 0 1 0 0 3004.DAT 
1 81 960 72 290 0 0 1 0 -1 0 1 0 0 3004.DAT 
1 81 980 72 300 -1 0 0 0 -1 0 0 0 1 3005.dat 
1 81 1000 72 320 -1 0 0 0 -1 0 0 0 1 3005.dat 
1 81 1020 72 340 -1 0 0 0 -1 0 0 0 1 3005.dat 
1 148 360 72 740 -1 0 0 0 -1 0 0 0 1 3005.dat 
1 148 820 72 100 -1 0 0 0 -1 0 0 0 1 3005.dat 
1 148 900 72 70 0 0 1 0 -1 0 1 0 0 3004.DAT 
1 288 900 72 780 -1 0 0 0 -1 0 0 0 1 3005.dat 
1 288 910 72 880 -1 0 0 0 -1 0 0 0 1 3004.DAT 
1 288 920 72 760 -1 0 0 0 -1 0 0 0 1 3005.dat 
1 288 940 72 880 -1 0 0 0 -1 0 0 0 1 3005.dat 
1 288 960 72 860 -1 0 0 0 -1 0 0 0 1 3005.dat 
1 288 980 72 810 0 0 1 0 -1 0 1 0 0 3004.DAT 
1 288 370 72 860 -1 0 0 0 -1 0 0 0 1 3004.DAT 
1 288 400 72 880 -1 0 0 0 -1 0 0 0 1 3005.dat 
1 288 780 72 50 0 0 1 0 -1 0 1 0 0 3004.DAT 
1 288 830 72 60 -1 0 0 0 -1 0 0 0 1 3004.DAT 
1 288 870 72 0 -1 0 0 0 -1 0 0 0 1 3004.DAT 
1 288 340 72 770 0 0 1 0 -1 0 1 0 0 3004.DAT 
1 288 470 72 820 -1 0 0 0 -1 0 0 0 1 3004.DAT 
1 288 480 72 800 -1 0 0 0 -1 0 0 0 1 3005.dat 
1 288 850 72 100 -1 0 0 0 -1 0 0 0 1 3004.DAT 
1 288 880 72 80 -1 0 0 0 -1 0 0 0 1 3005.dat 
1 496 1040 72 430 0 0 1 0 -1 0 1 0 0 3004.DAT 
1 496 1040 72 470 0 0 1 0 -1 0 1 0 0 3004.DAT 
0 STEP
1 0 390 96 750 0 0 1 0 -1 0 1 0 0 3001.DAT 
1 0 400 96 690 0 0 1 0 -1 0 1 0 0 3004.DAT 
1 0 420 96 670 0 0 1 0 -1 0 1 0 0 3004.DAT 
1 0 430 96 790 0 0 1 0 -1 0 1 0 0 3003.DAT 
1 0 440 96 650 0 0 1 0 -1 0 1 0 0 3004.DAT 
1 0 470 96 630 0 0 1 0 -1 0 1 0 0 3003.DAT 
1 0 460 96 770 0 0 1 0 -1 0 1 0 0 3004.DAT 
1 0 480 96 730 0 0 1 0 -1 0 1 0 0 3004.DAT 
1 0 480 96 760 -1 0 0 0 -1 0 0 0 1 3005.dat 
1 0 500 96 650 0 0 1 0 -1 0 1 0 0 3004.DAT 
1 0 500 96 690 0 0 1 0 -1 0 1 0 0 3004.DAT 
1 0 500 96 720 -1 0 0 0 -1 0 0 0 1 3005.dat 
1 0 800 96 50 0 0 1 0 -1 0 1 0 0 3004.DAT 
1 0 810 96 80 -1 0 0 0 -1 0 0 0 1 3004.DAT 
1 0 820 96 30 0 0 1 0 -1 0 1 0 0 3004.DAT 
1 0 830 96 100 -1 0 0 0 -1 0 0 0 1 3004.DAT 
1 0 850 96 20 -1 0 0 0 -1 0 0 0 1 3004.DAT 
1 0 850 96 80 -1 0 0 0 -1 0 0 0 1 3004.DAT 
1 0 870 96 810 0 0 1 0 -1 0 1 0 0 3003.DAT 
1 0 880 96 30 0 0 1 0 -1 0 1 0 0 3004.DAT 
1 0 880 96 70 0 0 1 0 -1 0 1 0 0 3004.DAT 
1 0 890 96 840 -1 0 0 0 -1 0 0 0 1 3004.DAT 
1 0 900 96 50 0 0 1 0 -1 0 1 0 0 3004.DAT 
1 81 900 96 350 0 0 1 0 -1 0 1 0 0 3004.DAT 
1 0 910 96 470 0 0 1 0 -1 0 1 0 0 3001.DAT 
1 0 900 96 810 0 0 1 0 -1 0 1 0 0 3004.DAT 
1 288 910 96 870 0 0 1 0 -1 0 1 0 0 3003.DAT 
1 81 920 96 330 0 0 1 0 -1 0 1 0 0 3004.DAT 
1 81 920 96 370 0 0 1 0 -1 0 1 0 0 3004.DAT 
1 0 920 96 410 0 0 1 0 -1 0 1 0 0 3004.DAT 
1 0 930 96 520 -1 0 0 0 -1 0 0 0 1 3004.DAT 
1 0 920 96 790 0 0 1 0 -1 0 1 0 0 3004.DAT 
1 0 920 96 830 0 0 1 0 -1 0 1 0 0 3004.DAT 
1 81 940 96 310 0 0 1 0 -1 0 1 0 0 3004.DAT 
1 0 950 96 390 0 0 1 0 -1 0 1 0 0 3003.DAT 
1 0 940 96 770 0 0 1 0 -1 0 1 0 0 3004.DAT 
1 0 940 96 810 0 0 1 0 -1 0 1 0 0 3004.DAT 
1 288 940 96 870 0 0 1 0 -1 0 1 0 0 3004.DAT 
1 81 960 96 290 0 0 1 0 -1 0 1 0 0 3004.DAT 
1 81 970 96 320 -1 0 0 0 -1 0 0 0 1 3004.DAT 
1 0 960 96 510 0 0 1 0 -1 0 1 0 0 3004.DAT 
1 0 960 96 790 0 0 1 0 -1 0 1 0 0 3004.DAT 
1 288 960 96 830 0 0 1 0 -1 0 1 0 0 3004.DAT 
1 288 960 96 860 -1 0 0 0 -1 0 0 0 1 3005.dat 
1 81 980 96 300 -1 0 0 0 -1 0 0 0 1 3005.dat 
1 0 990 96 380 -1 0 0 0 -1 0 0 0 1 3004.DAT 
1 0 990 96 500 -1 0 0 0 -1 0 0 0 1 3004.DAT 
1 288 980 96 810 0 0 1 0 -1 0 1 0 0 3004.DAT 
1 81 1000 96 330 0 0 1 0 -1 0 1 0 0 3004.DAT 
1 81 1010 96 360 -1 0 0 0 -1 0 0 0 1 3004.DAT 
1 0 1010 96 400 -1 0 0 0 -1 0 0 0 1 3004.DAT 
1 0 1010 96 470 0 0 1 0 -1 0 1 0 0 3003.DAT 
1 81 1020 96 380 -1 0 0 0 -1 0 0 0 1 3005.dat 
1 0 1020 96 430 0 0 1 0 -1 0 1 0 0 3004.DAT 
1 7 400 96 660 -1 0 0 0 -1 0 0 0 1 3005.dat 
1 7 420 96 640 -1 0 0 0 -1 0 0 0 1 3005.dat 
1 7 440 96 620 -1 0 0 0 -1 0 0 0 1 3005.dat 
1 7 520 96 670 0 0 1 0 -1 0 1 0 0 3004.DAT 
1 7 520 96 700 -1 0 0 0 -1 0 0 0 1 3005.dat 
1 81 880 96 370 0 0 1 0 -1 0 1 0 0 3004.DAT 
1 81 900 96 290 0 0 1 0 -1 0 1 0 0 3004.DAT 
1 81 900 96 320 -1 0 0 0 -1 0 0 0 1 3005.dat 
1 81 900 96 390 0 0 1 0 -1 0 1 0 0 3004.DAT 
1 81 900 96 420 -1 0 0 0 -1 0 0 0 1 3005.dat 
1 81 920 96 270 0 0 1 0 -1 0 1 0 0 3004.DAT 
1 81 920 96 300 -1 0 0 0 -1 0 0 0 1 3005.dat 
1 81 940 96 250 0 0 1 0 -1 0 1 0 0 3004.DAT 
1 81 940 96 280 -1 0 0 0 -1 0 0 0 1 3005.dat 
1 81 940 96 340 -1 0 0 0 -1 0 0 0 1 3005.dat 
1 81 940 96 420 -1 0 0 0 -1 0 0 0 1 3005.dat 
1 81 960 96 260 -1 0 0 0 -1 0 0 0 1 3005.dat 
1 81 980 96 280 -1 0 0 0 -1 0 0 0 1 3005.dat 
1 81 980 96 340 -1 0 0 0 -1 0 0 0 1 3005.dat 
1 81 1000 96 300 -1 0 0 0 -1 0 0 0 1 3005.dat 
1 81 1020 96 330 0 0 1 0 -1 0 1 0 0 3004.DAT 
1 148 360 96 750 0 0 1 0 -1 0 1 0 0 3004.DAT 
1 148 360 96 790 0 0 1 0 -1 0 1 0 0 3004.DAT 
1 148 440 96 820 -1 0 0 0 -1 0 0 0 1 3005.dat 
1 148 460 96 800 -1 0 0 0 -1 0 0 0 1 3005.dat 
1 148 820 96 120 -1 0 0 0 -1 0 0 0 1 3005.dat 
1 288 890 96 780 -1 0 0 0 -1 0 0 0 1 3004.DAT 
1 288 920 96 760 -1 0 0 0 -1 0 0 0 1 3005.dat 
1 288 960 96 760 -1 0 0 0 -1 0 0 0 1 3005.dat 
1 288 380 96 840 -1 0 0 0 -1 0 0 0 1 3005.dat 
1 288 780 96 40 -1 0 0 0 -1 0 0 0 1 3005.dat 
1 288 860 96 0 -1 0 0 0 -1 0 0 0 1 3005.dat 
1 288 770 96 70 0 0 1 0 -1 0 1 0 0 3003.DAT 
1 288 800 96 100 -1 0 0 0 -1 0 0 0 1 3005.dat 
1 288 850 96 120 -1 0 0 0 -1 0 0 0 1 3004.DAT 
1 288 870 96 100 -1 0 0 0 -1 0 0 0 1 3004.DAT 
1 288 890 96 0 -1 0 0 0 -1 0 0 0 1 3004.DAT 
1 288 890 96 120 -1 0 0 0 -1 0 0 0 1 3004.DAT 
1 288 910 96 20 -1 0 0 0 -1 0 0 0 1 3004.DAT 
1 288 900 96 90 0 0 1 0 -1 0 1 0 0 3004.DAT 
1 288 920 96 40 -1 0 0 0 -1 0 0 0 1 3005.dat 
0 STEP
1 0 400 120 690 0 0 1 0 -1 0 1 0 0 3004.DAT 
1 0 410 120 760 -1 0 0 0 -1 0 0 0 1 3004.DAT 
1 0 420 120 670 0 0 1 0 -1 0 1 0 0 3004.DAT 
1 0 430 120 780 -1 0 0 0 -1 0 0 0 1 3004.DAT 
1 0 440 120 650 0 0 1 0 -1 0 1 0 0 3004.DAT 
1 0 450 120 760 -1 0 0 0 -1 0 0 0 1 3004.DAT 
1 0 460 120 630 0 0 1 0 -1 0 1 0 0 3004.DAT 
1 0 490 120 640 -1 0 0 0 -1 0 0 0 1 3004.DAT 
1 0 480 120 730 0 0 1 0 -1 0 1 0 0 3004.DAT 
1 0 500 120 670 0 0 1 0 -1 0 1 0 0 3004.DAT 
1 0 500 120 710 0 0 1 0 -1 0 1 0 0 3004.DAT 
1 0 790 120 60 -1 0 0 0 -1 0 0 0 1 3004.DAT 
1 0 810 120 40 -1 0 0 0 -1 0 0 0 1 3004.DAT 
1 0 800 120 80 -1 0 0 0 -1 0 0 0 1 3005.dat 
1 0 830 120 100 -1 0 0 0 -1 0 0 0 1 3004.DAT 
1 0 850 120 40 -1 0 0 0 -1 0 0 0 1 3004.DAT 
1 0 870 120 20 -1 0 0 0 -1 0 0 0 1 3004.DAT 
1 0 860 120 90 0 0 1 0 -1 0 1 0 0 3004.DAT 
1 0 860 120 120 -1 0 0 0 -1 0 0 0 1 3005.dat 
1 0 870 120 810 0 0 1 0 -1 0 1 0 0 3003.DAT 
1 0 880 120 70 0 0 1 0 -1 0 1 0 0 3004.DAT 
1 81 890 120 330 0 0 1 0 -1 0 1 0 0 3003.DAT 
1 81 890 120 360 -1 0 0 0 -1 0 0 0 1 3004.DAT 
1 0 890 120 460 -1 0 0 0 -1 0 0 0 1 3004.DAT 
1 0 880 120 850 0 0 1 0 -1 0 1 0 0 3004.DAT 
1 0 900 120 50 0 0 1 0 -1 0 1 0 0 3004.DAT 
1 0 910 120 390 0 0 1 0 -1 0 1 0 0 3003.DAT 
1 0 900 120 430 0 0 1 0 -1 0 1 0 0 3004.DAT 
1 0 900 120 490 0 0 1 0 -1 0 1 0 0 3004.DAT 
1 0 910 120 520 -1 0 0 0 -1 0 0 0 1 3004.DAT 
1 0 900 120 830 0 0 1 0 -1 0 1 0 0 3004.DAT 
1 288 910 120 880 -1 0 0 0 -1 0 0 0 1 3004.DAT 
1 81 920 120 290 0 0 1 0 -1 0 1 0 0 3004.DAT 
1 81 920 120 320 -1 0 0 0 -1 0 0 0 1 3005.dat 
1 0 920 120 420 -1 0 0 0 -1 0 0 0 1 3005.dat 
1 0 920 120 540 -1 0 0 0 -1 0 0 0 1 3005.dat 
1 0 930 120 790 0 0 1 0 -1 0 1 0 0 3003.DAT 
1 0 920 120 820 -1 0 0 0 -1 0 0 0 1 3005.dat 
1 81 950 120 270 0 0 1 0 -1 0 1 0 0 3003.DAT 
1 81 940 120 300 -1 0 0 0 -1 0 0 0 1 3005.dat 
1 0 950 120 400 -1 0 0 0 -1 0 0 0 1 3004.DAT 
1 0 950 120 520 -1 0 0 0 -1 0 0 0 1 3004.DAT 
1 288 950 120 860 -1 0 0 0 -1 0 0 0 1 3004.DAT 
1 0 970 120 380 -1 0 0 0 -1 0 0 0 1 3004.DAT 
1 0 970 120 500 -1 0 0 0 -1 0 0 0 1 3004.DAT 
1 0 960 120 790 0 0 1 0 -1 0 1 0 0 3004.DAT 
1 0 960 120 830 0 0 1 0 -1 0 1 0 0 3004.DAT 
1 81 980 120 290 0 0 1 0 -1 0 1 0 0 3004.DAT 
1 0 990 120 400 -1 0 0 0 -1 0 0 0 1 3004.DAT 
1 0 980 120 520 -1 0 0 0 -1 0 0 0 1 3005.dat 
1 288 980 120 810 0 0 1 0 -1 0 1 0 0 3004.DAT 
1 81 1000 120 310 0 0 1 0 -1 0 1 0 0 3004.DAT 
1 81 1010 120 340 -1 0 0 0 -1 0 0 0 1 3004.DAT 
1 81 1010 120 380 -1 0 0 0 -1 0 0 0 1 3004.DAT 
1 0 1010 120 430 0 0 1 0 -1 0 1 0 0 3003.DAT 
1 0 1000 120 470 0 0 1 0 -1 0 1 0 0 3004.DAT 
1 0 1000 120 500 -1 0 0 0 -1 0 0 0 1 3005.dat 
1 81 1020 120 360 -1 0 0 0 -1 0 0 0 1 3005.dat 
1 0 1020 120 460 -1 0 0 0 -1 0 0 0 1 3005.dat 
1 7 400 120 660 -1 0 0 0 -1 0 0 0 1 3005.dat 
1 7 420 120 640 -1 0 0 0 -1 0 0 0 1 3005.dat 
1 7 520 120 700 -1 0 0 0 -1 0 0 0 1 3005.dat 
1 81 890 120 300 -1 0 0 0 -1 0 0 0 1 3004.DAT 
1 81 880 120 390 0 0 1 0 -1 0 1 0 0 3004.DAT 
1 81 900 120 190 0 0 1 0 -1 0 1 0 0 3004.DAT 
1 81 900 120 230 0 0 1 0 -1 0 1 0 0 3004.DAT 
1 81 900 120 270 0 0 1 0 -1 0 1 0 0 3004.DAT 
1 81 920 120 210 0 0 1 0 -1 0 1 0 0 3004.DAT 
1 81 930 120 240 -1 0 0 0 -1 0 0 0 1 3004.DAT 
1 81 920 120 440 -1 0 0 0 -1 0 0 0 1 3005.dat 
1 81 940 120 220 -1 0 0 0 -1 0 0 0 1 3005.dat 
1 81 960 120 240 -1 0 0 0 -1 0 0 0 1 3005.dat 
1 81 980 120 260 -1 0 0 0 -1 0 0 0 1 3005.dat 
1 81 1000 120 360 -1 0 0 0 -1 0 0 0 1 3005.dat 
1 81 1020 120 320 -1 0 0 0 -1 0 0 0 1 3005.dat 
1 81 1020 120 400 -1 0 0 0 -1 0 0 0 1 3005.dat 
1 148 360 120 750 0 0 1 0 -1 0 1 0 0 3004.DAT 
1 148 360 120 780 -1 0 0 0 -1 0 0 0 1 3005.dat 
1 148 460 120 800 -1 0 0 0 -1 0 0 0 1 3005.dat 
1 148 480 120 760 -1 0 0 0 -1 0 0 0 1 3005.dat 
1 148 820 120 120 -1 0 0 0 -1 0 0 0 1 3005.dat 
1 148 880 120 140 -1 0 0 0 -1 0 0 0 1 3005.dat 
1 148 920 120 80 -1 0 0 0 -1 0 0 0 1 3005.dat 
1 288 980 120 840 -1 0 0 0 -1 0 0 0 1 3005.dat 
1 288 780 120 40 -1 0 0 0 -1 0 0 0 1 3005.dat 
1 288 820 120 80 -1 0 0 0 -1 0 0 0 1 3005.dat 
1 288 380 120 750 0 0 1 0 -1 0 1 0 0 3004.DAT 
1 288 390 120 790 0 0 1 0 -1 0 1 0 0 3003.DAT 
1 288 430 120 800 -1 0 0 0 -1 0 0 0 1 3004.DAT 
1 288 460 120 780 -1 0 0 0 -1 0 0 0 1 3005.dat 
1 288 760 120 70 0 0 1 0 -1 0 1 0 0 3004.DAT 
1 288 780 120 90 0 0 1 0 -1 0 1 0 0 3004.DAT 
1 288 800 120 100 -1 0 0 0 -1 0 0 0 1 3005.dat 
1 288 840 120 130 0 0 1 0 -1 0 1 0 0 3004.DAT 
1 288 850 120 160 -1 0 0 0 -1 0 0 0 1 3004.DAT 
1 288 860 120 140 -1 0 0 0 -1 0 0 0 1 3005.dat 
1 288 860 120 450 0 0 1 0 -1 0 1 0 0 3004.DAT 
1 288 870 120 490 0 0 1 0 -1 0 1 0 0 3003.DAT 
1 288 890 120 0 -1 0 0 0 -1 0 0 0 1 3004.DAT 
1 288 890 120 120 -1 0 0 0 -1 0 0 0 1 3004.DAT 
1 288 880 120 160 -1 0 0 0 -1 0 0 0 1 3005.dat 
1 288 880 120 430 0 0 1 0 -1 0 1 0 0 3004.DAT 
1 288 880 120 520 -1 0 0 0 -1 0 0 0 1 3005.dat 
1 288 910 120 20 -1 0 0 0 -1 0 0 0 1 3004.DAT 
1 288 900 120 90 0 0 1 0 -1 0 1 0 0 3004.DAT 
1 288 900 120 540 -1 0 0 0 -1 0 0 0 1 3005.dat 
1 288 920 120 0 -1 0 0 0 -1 0 0 0 1 3005.dat 
1 288 920 120 40 -1 0 0 0 -1 0 0 0 1 3005.dat 
0 STEP
1 0 410 144 700 -1 0 0 0 -1 0 0 0 1 3004.DAT 
1 0 410 144 740 -1 0 0 0 -1 0 0 0 1 3004.DAT 
1 0 420 144 670 0 0 1 0 -1 0 1 0 0 3004.DAT 
1 0 420 144 720 -1 0 0 0 -1 0 0 0 1 3005.dat 
1 0 430 144 760 -1 0 0 0 -1 0 0 0 1 3004.DAT 
1 0 440 144 650 0 0 1 0 -1 0 1 0 0 3004.DAT 
1 0 450 144 740 -1 0 0 0 -1 0 0 0 1 3004.DAT 
1 0 470 144 640 -1 0 0 0 -1 0 0 0 1 3004.DAT 
1 0 460 144 760 -1 0 0 0 -1 0 0 0 1 3005.dat 
1 0 490 144 660 -1 0 0 0 -1 0 0 0 1 3004.DAT 
1 0 480 144 730 0 0 1 0 -1 0 1 0 0 3004.DAT 
1 0 500 144 640 -1 0 0 0 -1 0 0 0 1 3005.dat 
1 0 500 144 690 0 0 1 0 -1 0 1 0 0 3004.DAT 
1 0 500 144 720 -1 0 0 0 -1 0 0 0 1 3005.dat 
1 0 810 144 60 -1 0 0 0 -1 0 0 0 1 3004.DAT 
1 0 800 144 90 0 0 1 0 -1 0 1 0 0 3004.DAT 
1 0 820 144 110 0 0 1 0 -1 0 1 0 0 3004.DAT 
1 0 850 144 40 -1 0 0 0 -1 0 0 0 1 3004.DAT 
1 0 850 144 130 0 0 1 0 -1 0 1 0 0 3003.DAT 
1 0 870 144 20 -1 0 0 0 -1 0 0 0 1 3004.DAT 
1 0 870 144 470 0 0 1 0 -1 0 1 0 0 3003.DAT 
1 0 870 144 810 0 0 1 0 -1 0 1 0 0 3003.DAT 
1 0 870 144 840 -1 0 0 0 -1 0 0 0 1 3004.DAT 
1 0 890 144 40 -1 0 0 0 -1 0 0 0 1 3004.DAT 
1 0 880 144 90 0 0 1 0 -1 0 1 0 0 3004.DAT 
1 0 880 144 130 0 0 1 0 -1 0 1 0 0 3004.DAT 
1 81 890 144 260 -1 0 0 0 -1 0 0 0 1 3004.DAT 
1 81 880 144 310 0 0 1 0 -1 0 1 0 0 3004.DAT 
1 81 880 144 350 0 0 1 0 -1 0 1 0 0 3004.DAT 
1 0 880 144 430 0 0 1 0 -1 0 1 0 0 3004.DAT 
1 0 890 144 500 -1 0 0 0 -1 0 0 0 1 3004.DAT 
1 0 890 144 860 -1 0 0 0 -1 0 0 0 1 3004.DAT 
1 0 900 144 70 0 0 1 0 -1 0 1 0 0 3004.DAT 
1 81 900 144 230 0 0 1 0 -1 0 1 0 0 3004.DAT 
1 81 900 144 290 0 0 1 0 -1 0 1 0 0 3004.DAT 
1 0 930 144 390 1 0 0 0 -1 0 0 0 -1 3001.DAT 
1 0 900 144 420 -1 0 0 0 -1 0 0 0 1 3005.dat 
1 0 900 144 470 0 0 1 0 -1 0 1 0 0 3004.DAT 
1 0 900 144 530 0 0 1 0 -1 0 1 0 0 3004.DAT 
1 0 910 144 820 -1 0 0 0 -1 0 0 0 1 3004.DAT 
1 0 920 144 210 0 0 1 0 -1 0 1 0 0 3004.DAT 
1 81 920 144 250 0 0 1 0 -1 0 1 0 0 3004.DAT 
1 81 920 144 280 -1 0 0 0 -1 0 0 0 1 3005.dat 
1 0 930 144 540 -1 0 0 0 -1 0 0 0 1 3004.DAT 
1 0 920 144 790 0 0 1 0 -1 0 1 0 0 3004.DAT 
1 0 930 144 860 -1 0 0 0 -1 0 0 0 1 3004.DAT 
1 81 940 144 230 0 0 1 0 -1 0 1 0 0 3004.DAT 
1 81 950 144 260 -1 0 0 0 -1 0 0 0 1 3004.DAT 
1 0 950 144 520 -1 0 0 0 -1 0 0 0 1 3004.DAT 
1 0 950 144 780 -1 0 0 0 -1 0 0 0 1 3004.DAT 
1 81 960 144 240 -1 0 0 0 -1 0 0 0 1 3005.dat 
1 288 970 144 810 0 0 1 0 -1 0 1 0 0 3003.DAT 
1 288 960 144 850 0 0 1 0 -1 0 1 0 0 3004.DAT 
1 81 980 144 290 0 0 1 0 -1 0 1 0 0 3004.DAT 
1 0 980 144 390 0 0 1 0 -1 0 1 0 0 3004.DAT 
1 0 990 144 420 -1 0 0 0 -1 0 0 0 1 3004.DAT 
1 0 990 144 490 0 0 1 0 -1 0 1 0 0 3003.DAT 
1 0 980 144 520 -1 0 0 0 -1 0 0 0 1 3005.dat 
1 81 1000 144 310 0 0 1 0 -1 0 1 0 0 3004.DAT 
1 81 1000 144 370 0 0 1 0 -1 0 1 0 0 3004.DAT 
1 0 1000 144 400 -1 0 0 0 -1 0 0 0 1 3005.dat 
1 0 1000 144 450 0 0 1 0 -1 0 1 0 0 3004.DAT 
1 81 1020 144 350 0 0 1 0 -1 0 1 0 0 3004.DAT 
1 0 1020 144 380 -1 0 0 0 -1 0 0 0 1 3005.dat 
1 7 420 144 640 -1 0 0 0 -1 0 0 0 1 3005.dat 
1 81 860 144 300 -1 0 0 0 -1 0 0 0 1 3005.dat 
1 81 880 144 210 0 0 1 0 -1 0 1 0 0 3004.DAT 
1 81 880 144 240 -1 0 0 0 -1 0 0 0 1 3005.dat 
1 81 880 144 280 -1 0 0 0 -1 0 0 0 1 3005.dat 
1 81 880 144 390 0 0 1 0 -1 0 1 0 0 3004.DAT 
1 81 900 144 190 0 0 1 0 -1 0 1 0 0 3004.DAT 
1 81 930 144 180 -1 0 0 0 -1 0 0 0 1 3004.DAT 
1 81 920 144 420 -1 0 0 0 -1 0 0 0 1 3005.dat 
1 81 940 144 200 -1 0 0 0 -1 0 0 0 1 3005.dat 
1 81 950 144 760 -1 0 0 0 -1 0 0 0 1 3004.DAT 
1 81 960 144 220 -1 0 0 0 -1 0 0 0 1 3005.dat 
1 81 980 144 260 -1 0 0 0 -1 0 0 0 1 3005.dat 
1 81 1000 144 340 -1 0 0 0 -1 0 0 0 1 3005.dat 
1 81 1020 144 320 -1 0 0 0 -1 0 0 0 1 3005.dat 
1 81 1020 144 410 0 0 1 0 -1 0 1 0 0 3004.DAT 
1 81 1040 144 380 -1 0 0 0 -1 0 0 0 1 3005.dat 
1 148 400 144 720 -1 0 0 0 -1 0 0 0 1 3005.dat 
1 148 480 144 760 -1 0 0 0 -1 0 0 0 1 3005.dat 
1 148 820 144 80 -1 0 0 0 -1 0 0 0 1 3005.dat 
1 148 820 144 140 -1 0 0 0 -1 0 0 0 1 3005.dat 
1 148 850 144 180 -1 0 0 0 -1 0 0 0 1 3004.DAT 
1 148 880 144 180 -1 0 0 0 -1 0 0 0 1 3005.dat 
1 148 920 144 80 -1 0 0 0 -1 0 0 0 1 3005.dat 
1 148 920 144 150 0 0 1 0 -1 0 1 0 0 3004.DAT 
1 288 930 144 880 -1 0 0 0 -1 0 0 0 1 3004.DAT 
1 288 980 144 840 -1 0 0 0 -1 0 0 0 1 3005.dat 
1 288 880 144 60 -1 0 0 0 -1 0 0 0 1 3005.dat 
1 288 390 144 770 0 0 1 0 -1 0 1 0 0 3003.DAT 
1 288 430 144 780 -1 0 0 0 -1 0 0 0 1 3004.DAT 
1 288 760 144 70 0 0 1 0 -1 0 1 0 0 3004.DAT 
1 288 780 144 80 -1 0 0 0 -1 0 0 0 1 3005.dat 
1 288 850 144 160 -1 0 0 0 -1 0 0 0 1 3004.DAT 
1 288 840 144 470 0 0 1 0 -1 0 1 0 0 3004.DAT 
1 288 840 144 510 0 0 1 0 -1 0 1 0 0 3004.DAT 
1 288 860 144 430 0 0 1 0 -1 0 1 0 0 3004.DAT 
1 288 870 144 530 0 0 1 0 -1 0 1 0 0 3003.DAT 
1 288 890 144 0 -1 0 0 0 -1 0 0 0 1 3004.DAT 
1 288 890 144 160 -1 0 0 0 -1 0 0 0 1 3004.DAT 
1 288 890 144 560 -1 0 0 0 -1 0 0 0 1 3004.DAT 
1 288 910 144 20 -1 0 0 0 -1 0 0 0 1 3004.DAT 
1 288 900 144 110 0 0 1 0 -1 0 1 0 0 3004.DAT 
1 288 900 144 140 -1 0 0 0 -1 0 0 0 1 3005.dat 
1 288 920 144 0 -1 0 0 0 -1 0 0 0 1 3005.dat 
1 288 920 144 520 -1 0 0 0 -1 0 0 0 1 3005.dat 
1 288 930 144 560 -1 0 0 0 -1 0 0 0 1 3004.DAT 
1 288 960 144 540 -1 0 0 0 -1 0 0 0 1 3005.dat 
0 STEP
1 0 420 168 670 0 0 1 0 -1 0 1 0 0 3004.DAT 
1 0 420 168 710 0 0 1 0 -1 0 1 0 0 3004.DAT 
1 0 430 168 740 -1 0 0 0 -1 0 0 0 1 3004.DAT 
1 0 440 168 660 -1 0 0 0 -1 0 0 0 1 3005.dat 
1 0 470 168 640 -1 0 0 0 -1 0 0 0 1 3004.DAT 
1 0 470 168 740 -1 0 0 0 -1 0 0 0 1 3004.DAT 
1 0 490 168 660 -1 0 0 0 -1 0 0 0 1 3004.DAT 
1 0 490 168 720 -1 0 0 0 -1 0 0 0 1 3004.DAT 
1 0 500 168 690 0 0 1 0 -1 0 1 0 0 3004.DAT 
1 0 800 168 70 0 0 1 0 -1 0 1 0 0 3004.DAT 
1 0 810 168 100 -1 0 0 0 -1 0 0 0 1 3004.DAT 
1 0 820 168 50 0 0 1 0 -1 0 1 0 0 3004.DAT 
1 0 820 168 120 -1 0 0 0 -1 0 0 0 1 3005.dat 
1 0 850 168 40 -1 0 0 0 -1 0 0 0 1 3004.DAT 
1 0 850 168 150 0 0 1 0 -1 0 1 0 0 3003.DAT 
1 0 870 168 20 -1 0 0 0 -1 0 0 0 1 3004.DAT 
1 0 860 168 450 0 0 1 0 -1 0 1 0 0 3004.DAT 
1 0 860 168 490 0 0 1 0 -1 0 1 0 0 3004.DAT 
1 0 870 168 810 0 0 1 0 -1 0 1 0 0 3003.DAT 
1 0 870 168 840 -1 0 0 0 -1 0 0 0 1 3004.DAT 
1 0 890 168 40 -1 0 0 0 -1 0 0 0 1 3004.DAT 
1 0 880 168 130 0 0 1 0 -1 0 1 0 0 3004.DAT 
1 0 880 168 170 0 0 1 0 -1 0 1 0 0 3004.DAT 
1 0 880 168 210 0 0 1 0 -1 0 1 0 0 3004.DAT 
1 81 880 168 250 0 0 1 0 -1 0 1 0 0 3004.DAT 
1 81 890 168 290 0 0 1 0 -1 0 1 0 0 3003.DAT 
1 81 880 168 330 0 0 1 0 -1 0 1 0 0 3004.DAT 
1 81 890 168 360 -1 0 0 0 -1 0 0 0 1 3004.DAT 
1 0 880 168 430 0 0 1 0 -1 0 1 0 0 3004.DAT 
1 0 880 168 470 0 0 1 0 -1 0 1 0 0 3004.DAT 
1 0 880 168 510 0 0 1 0 -1 0 1 0 0 3004.DAT 
1 0 890 168 540 -1 0 0 0 -1 0 0 0 1 3004.DAT 
1 0 900 168 70 0 0 1 0 -1 0 1 0 0 3004.DAT 
1 0 900 168 110 0 0 1 0 -1 0 1 0 0 3004.DAT 
1 0 900 168 150 0 0 1 0 -1 0 1 0 0 3004.DAT 
1 0 910 168 190 0 0 1 0 -1 0 1 0 0 3003.DAT 
1 81 900 168 230 0 0 1 0 -1 0 1 0 0 3004.DAT 
1 0 910 168 420 -1 0 0 0 -1 0 0 0 1 3004.DAT 
1 0 900 168 520 -1 0 0 0 -1 0 0 0 1 3005.dat 
1 288 910 168 560 -1 0 0 0 -1 0 0 0 1 3004.DAT 
1 0 910 168 830 0 0 1 0 -1 0 1 0 0 3003.DAT 
1 0 910 168 860 -1 0 0 0 -1 0 0 0 1 3004.DAT 
1 81 930 168 370 0 0 1 0 -1 0 1 0 0 3003.DAT 
1 0 930 168 400 -1 0 0 0 -1 0 0 0 1 3004.DAT 
1 0 930 168 540 -1 0 0 0 -1 0 0 0 1 3004.DAT 
1 0 930 168 790 0 0 1 0 -1 0 1 0 0 3003.DAT 
1 81 940 168 210 0 0 1 0 -1 0 1 0 0 3004.DAT 
1 0 940 168 420 -1 0 0 0 -1 0 0 0 1 3005.dat 
1 288 940 168 850 0 0 1 0 -1 0 1 0 0 3004.DAT 
1 81 960 168 250 0 0 1 0 -1 0 1 0 0 3004.DAT 
1 0 960 168 390 0 0 1 0 -1 0 1 0 0 3004.DAT 
1 288 960 168 530 0 0 1 0 -1 0 1 0 0 3004.DAT 
1 0 960 168 790 0 0 1 0 -1 0 1 0 0 3004.DAT 
1 0 960 168 830 0 0 1 0 -1 0 1 0 0 3004.DAT 
1 81 980 168 290 0 0 1 0 -1 0 1 0 0 3004.DAT 
1 81 980 168 370 0 0 1 0 -1 0 1 0 0 3004.DAT 
1 0 980 168 410 0 0 1 0 -1 0 1 0 0 3004.DAT 
1 0 980 168 450 0 0 1 0 -1 0 1 0 0 3004.DAT 
1 0 980 168 490 0 0 1 0 -1 0 1 0 0 3004.DAT 
1 288 980 168 520 -1 0 0 0 -1 0 0 0 1 3005.dat 
1 81 1000 168 310 0 0 1 0 -1 0 1 0 0 3004.DAT 
1 81 1000 168 350 0 0 1 0 -1 0 1 0 0 3004.DAT 
1 0 1000 168 380 -1 0 0 0 -1 0 0 0 1 3005.dat 
1 0 1000 168 430 0 0 1 0 -1 0 1 0 0 3004.DAT 
1 0 1000 168 460 -1 0 0 0 -1 0 0 0 1 3005.dat 
1 81 520 168 670 0 0 1 0 -1 0 1 0 0 3004.DAT 
1 81 520 168 700 -1 0 0 0 -1 0 0 0 1 3005.dat 
1 81 860 168 210 0 0 1 0 -1 0 1 0 0 3004.DAT 
1 81 860 168 270 0 0 1 0 -1 0 1 0 0 3004.DAT 
1 81 890 168 390 0 0 1 0 -1 0 1 0 0 3003.DAT 
1 81 900 168 780 -1 0 0 0 -1 0 0 0 1 3005.dat 
1 81 930 168 760 -1 0 0 0 -1 0 0 0 1 3004.DAT 
1 81 940 168 180 -1 0 0 0 -1 0 0 0 1 3005.dat 
1 81 940 168 820 -1 0 0 0 -1 0 0 0 1 3005.dat 
1 81 960 168 220 -1 0 0 0 -1 0 0 0 1 3005.dat 
1 81 960 168 760 -1 0 0 0 -1 0 0 0 1 3005.dat 
1 81 980 168 250 0 0 1 0 -1 0 1 0 0 3004.DAT 
1 81 980 168 790 0 0 1 0 -1 0 1 0 0 3004.DAT 
1 81 1000 168 280 -1 0 0 0 -1 0 0 0 1 3005.dat 
1 81 1010 168 400 -1 0 0 0 -1 0 0 0 1 3004.DAT 
1 81 1020 168 330 0 0 1 0 -1 0 1 0 0 3004.DAT 
1 81 1020 168 370 0 0 1 0 -1 0 1 0 0 3004.DAT 
1 81 1020 168 420 -1 0 0 0 -1 0 0 0 1 3005.dat 
1 148 400 168 710 0 0 1 0 -1 0 1 0 0 3004.DAT 
1 148 480 168 760 -1 0 0 0 -1 0 0 0 1 3005.dat 
1 148 820 168 150 0 0 1 0 -1 0 1 0 0 3004.DAT 
1 148 850 168 180 -1 0 0 0 -1 0 0 0 1 3004.DAT 
1 148 920 168 150 0 0 1 0 -1 0 1 0 0 3004.DAT 
1 288 960 168 860 -1 0 0 0 -1 0 0 0 1 3005.dat 
1 288 980 168 830 0 0 1 0 -1 0 1 0 0 3004.DAT 
1 288 780 168 60 -1 0 0 0 -1 0 0 0 1 3005.dat 
1 288 900 168 20 -1 0 0 0 -1 0 0 0 1 3005.dat 
1 288 400 168 740 -1 0 0 0 -1 0 0 0 1 3005.dat 
1 288 430 168 760 -1 0 0 0 -1 0 0 0 1 3004.DAT 
1 288 460 168 770 0 0 1 0 -1 0 1 0 0 3004.DAT 
1 288 820 168 460 -1 0 0 0 -1 0 0 0 1 3005.dat 
1 288 820 168 510 0 0 1 0 -1 0 1 0 0 3004.DAT 
1 288 840 168 440 -1 0 0 0 -1 0 0 0 1 3005.dat 
1 288 840 168 490 0 0 1 0 -1 0 1 0 0 3004.DAT 
1 288 840 168 530 0 0 1 0 -1 0 1 0 0 3004.DAT 
1 288 860 168 420 -1 0 0 0 -1 0 0 0 1 3005.dat 
1 288 860 168 550 0 0 1 0 -1 0 1 0 0 3004.DAT 
1 288 880 168 570 0 0 1 0 -1 0 1 0 0 3004.DAT 
1 288 900 168 580 -1 0 0 0 -1 0 0 0 1 3005.dat 
1 288 950 168 560 -1 0 0 0 -1 0 0 0 1 3004.DAT 
0 STEP
1 0 420 192 690 0 0 1 0 -1 0 1 0 0 3004.DAT 
1 0 430 192 720 -1 0 0 0 -1 0 0 0 1 3004.DAT 
1 0 440 192 670 0 0 1 0 -1 0 1 0 0 3004.DAT 
1 0 450 192 740 -1 0 0 0 -1 0 0 0 1 3004.DAT 
1 0 470 192 650 0 0 1 0 -1 0 1 0 0 3003.DAT 
1 0 480 192 730 0 0 1 0 -1 0 1 0 0 3004.DAT 
1 0 500 192 650 0 0 1 0 -1 0 1 0 0 3004.DAT 
1 0 500 192 690 0 0 1 0 -1 0 1 0 0 3004.DAT 
1 0 500 192 720 -1 0 0 0 -1 0 0 0 1 3005.dat 
1 0 820 192 70 0 0 1 0 -1 0 1 0 0 3004.DAT 
1 0 820 192 110 0 0 1 0 -1 0 1 0 0 3004.DAT 
1 0 830 192 140 -1 0 0 0 -1 0 0 0 1 3004.DAT 
1 0 820 192 470 0 0 1 0 -1 0 1 0 0 3004.DAT 
1 0 830 192 500 -1 0 0 0 -1 0 0 0 1 3004.DAT 
1 0 840 192 50 0 0 1 0 -1 0 1 0 0 3004.DAT 
1 0 840 192 80 -1 0 0 0 -1 0 0 0 1 3005.dat 
1 0 850 192 170 0 0 1 0 -1 0 1 0 0 3003.DAT 
1 0 840 192 450 0 0 1 0 -1 0 1 0 0 3004.DAT 
1 0 850 192 480 -1 0 0 0 -1 0 0 0 1 3004.DAT 
1 0 840 192 530 0 0 1 0 -1 0 1 0 0 3004.DAT 
1 0 860 192 30 0 0 1 0 -1 0 1 0 0 3004.DAT 
1 0 860 192 60 -1 0 0 0 -1 0 0 0 1 3005.dat 
1 81 860 192 210 0 0 1 0 -1 0 1 0 0 3004.DAT 
1 81 860 192 250 0 0 1 0 -1 0 1 0 0 3004.DAT 
1 0 870 192 440 -1 0 0 0 -1 0 0 0 1 3004.DAT 
1 0 860 192 510 0 0 1 0 -1 0 1 0 0 3004.DAT 
1 0 870 192 540 -1 0 0 0 -1 0 0 0 1 3004.DAT 
1 0 880 192 40 -1 0 0 0 -1 0 0 0 1 3005.dat 
1 81 880 192 230 0 0 1 0 -1 0 1 0 0 3004.DAT 
1 81 880 192 270 0 0 1 0 -1 0 1 0 0 3004.DAT 
1 81 890 192 310 0 0 1 0 -1 0 1 0 0 3003.DAT 
1 81 890 192 340 -1 0 0 0 -1 0 0 0 1 3004.DAT 
1 0 890 192 420 -1 0 0 0 -1 0 0 0 1 3004.DAT 
1 0 880 192 520 -1 0 0 0 -1 0 0 0 1 3005.dat 
1 0 890 192 560 -1 0 0 0 -1 0 0 0 1 3004.DAT 
1 0 900 192 70 0 0 1 0 -1 0 1 0 0 3004.DAT 
1 0 900 192 110 0 0 1 0 -1 0 1 0 0 3004.DAT 
1 0 910 192 150 0 0 1 0 -1 0 1 0 0 3003.DAT 
1 288 900 192 580 -1 0 0 0 -1 0 0 0 1 3005.dat 
1 81 910 192 820 -1 0 0 0 -1 0 0 0 1 3004.DAT 
1 81 930 192 180 -1 0 0 0 -1 0 0 0 1 3004.DAT 
1 81 920 192 350 0 0 1 0 -1 0 1 0 0 3004.DAT 
1 0 930 192 420 -1 0 0 0 -1 0 0 0 1 3004.DAT 
1 0 920 192 560 -1 0 0 0 -1 0 0 0 1 3005.dat 
1 0 920 192 790 0 0 1 0 -1 0 1 0 0 3004.DAT 
1 81 930 192 840 -1 0 0 0 -1 0 0 0 1 3004.DAT 
1 81 940 192 210 0 0 1 0 -1 0 1 0 0 3004.DAT 
1 81 950 192 240 -1 0 0 0 -1 0 0 0 1 3004.DAT 
1 81 950 192 360 -1 0 0 0 -1 0 0 0 1 3004.DAT 
1 0 940 192 540 -1 0 0 0 -1 0 0 0 1 3005.dat 
1 0 950 192 780 -1 0 0 0 -1 0 0 0 1 3004.DAT 
1 81 960 192 270 0 0 1 0 -1 0 1 0 0 3004.DAT 
1 81 970 192 300 -1 0 0 0 -1 0 0 0 1 3004.DAT 
1 81 970 192 340 -1 0 0 0 -1 0 0 0 1 3004.DAT 
1 0 970 192 420 -1 0 0 0 -1 0 0 0 1 3004.DAT 
1 288 970 192 520 -1 0 0 0 -1 0 0 0 1 3004.DAT 
1 0 960 192 810 0 0 1 0 -1 0 1 0 0 3004.DAT 
1 81 960 192 840 -1 0 0 0 -1 0 0 0 1 3005.dat 
1 81 980 192 280 -1 0 0 0 -1 0 0 0 1 3005.dat 
1 81 990 192 320 -1 0 0 0 -1 0 0 0 1 3004.DAT 
1 81 980 192 360 -1 0 0 0 -1 0 0 0 1 3005.dat 
1 0 980 192 450 0 0 1 0 -1 0 1 0 0 3004.DAT 
1 288 980 192 490 0 0 1 0 -1 0 1 0 0 3004.DAT 
1 81 1000 192 340 -1 0 0 0 -1 0 0 0 1 3005.dat 
1 81 440 192 640 -1 0 0 0 -1 0 0 0 1 3005.dat 
1 81 480 192 680 -1 0 0 0 -1 0 0 0 1 3005.dat 
1 81 510 192 740 -1 0 0 0 -1 0 0 0 1 3004.DAT 
1 81 520 192 670 0 0 1 0 -1 0 1 0 0 3004.DAT 
1 81 520 192 700 -1 0 0 0 -1 0 0 0 1 3005.dat 
1 81 840 192 220 -1 0 0 0 -1 0 0 0 1 3005.dat 
1 81 840 192 260 -1 0 0 0 -1 0 0 0 1 3005.dat 
1 81 860 192 290 0 0 1 0 -1 0 1 0 0 3004.DAT 
1 81 860 192 320 -1 0 0 0 -1 0 0 0 1 3005.dat 
1 81 880 192 370 0 0 1 0 -1 0 1 0 0 3004.DAT 
1 81 910 192 400 -1 0 0 0 -1 0 0 0 1 3004.DAT 
1 81 900 192 790 0 0 1 0 -1 0 1 0 0 3004.DAT 
1 81 930 192 380 -1 0 0 0 -1 0 0 0 1 3004.DAT 
1 81 930 192 760 -1 0 0 0 -1 0 0 0 1 3004.DAT 
1 81 960 192 220 -1 0 0 0 -1 0 0 0 1 3005.dat 
1 81 960 192 760 -1 0 0 0 -1 0 0 0 1 3005.dat 
1 81 980 192 260 -1 0 0 0 -1 0 0 0 1 3005.dat 
1 81 980 192 390 0 0 1 0 -1 0 1 0 0 3004.DAT 
1 81 980 192 790 0 0 1 0 -1 0 1 0 0 3004.DAT 
1 81 980 192 820 -1 0 0 0 -1 0 0 0 1 3005.dat 
1 81 1000 192 290 0 0 1 0 -1 0 1 0 0 3004.DAT 
1 81 1010 192 370 0 0 1 0 -1 0 1 0 0 3003.DAT 
1 81 1010 192 400 -1 0 0 0 -1 0 0 0 1 3004.DAT 
1 81 1020 192 330 0 0 1 0 -1 0 1 0 0 3004.DAT 
1 148 400 192 720 -1 0 0 0 -1 0 0 0 1 3005.dat 
1 148 460 192 760 -1 0 0 0 -1 0 0 0 1 3005.dat 
1 148 820 192 160 -1 0 0 0 -1 0 0 0 1 3005.dat 
1 148 920 192 120 -1 0 0 0 -1 0 0 0 1 3005.dat 
1 288 420 192 750 0 0 1 0 -1 0 1 0 0 3004.DAT 
1 288 440 192 760 -1 0 0 0 -1 0 0 0 1 3005.dat 
1 288 820 192 440 -1 0 0 0 -1 0 0 0 1 3005.dat 
1 288 820 192 530 0 0 1 0 -1 0 1 0 0 3004.DAT 
1 288 850 192 420 -1 0 0 0 -1 0 0 0 1 3004.DAT 
1 288 850 192 570 0 0 1 0 -1 0 1 0 0 3003.DAT 
1 288 870 192 400 -1 0 0 0 -1 0 0 0 1 3004.DAT 
1 288 880 192 580 -1 0 0 0 -1 0 0 0 1 3005.dat 
1 288 920 192 590 0 0 1 0 -1 0 1 0 0 3004.DAT 
1 288 940 192 570 0 0 1 0 -1 0 1 0 0 3004.DAT 
1 288 960 192 440 -1 0 0 0 -1 0 0 0 1 3005.dat 
1 288 960 192 550 0 0 1 0 -1 0 1 0 0 3004.DAT 
1 288 980 192 540 -1 0 0 0 -1 0 0 0 1 3005.dat 
1 288 1000 192 460 -1 0 0 0 -1 0 0 0 1 3005.dat 
1 288 1000 192 500 -1 0 0 0 -1 0 0 0 1 3005.dat 
0 STEP
1 0 430 216 710 0 0 1 0 -1 0 1 0 0 3003.DAT 
1 81 440 216 670 0 0 1 0 -1 0 1 0 0 3004.DAT 
1 0 450 216 740 -1 0 0 0 -1 0 0 0 1 3004.DAT 
1 0 470 216 660 -1 0 0 0 -1 0 0 0 1 3004.DAT 
1 0 480 216 640 -1 0 0 0 -1 0 0 0 1 3005.dat 
1 0 480 216 740 -1 0 0 0 -1 0 0 0 1 3005.dat 
1 0 500 216 670 0 0 1 0 -1 0 1 0 0 3004.DAT 
1 0 500 216 710 0 0 1 0 -1 0 1 0 0 3004.DAT 
1 81 520 216 680 -1 0 0 0 -1 0 0 0 1 3005.dat 
1 0 790 216 520 -1 0 0 0 -1 0 0 0 1 3004.DAT 
1 0 800 216 90 0 0 1 0 -1 0 1 0 0 3004.DAT 
1 0 800 216 470 0 0 1 0 -1 0 1 0 0 3004.DAT 
1 0 810 216 500 -1 0 0 0 -1 0 0 0 1 3004.DAT 
1 0 810 216 540 -1 0 0 0 -1 0 0 0 1 3004.DAT 
1 0 830 216 70 0 0 1 0 -1 0 1 0 0 3003.DAT 
1 0 820 216 110 0 0 1 0 -1 0 1 0 0 3004.DAT 
1 0 820 216 150 0 0 1 0 -1 0 1 0 0 3004.DAT 
1 288 820 216 450 0 0 1 0 -1 0 1 0 0 3004.DAT 
1 0 820 216 480 -1 0 0 0 -1 0 0 0 1 3005.dat 
1 0 820 216 520 -1 0 0 0 -1 0 0 0 1 3005.dat 
1 0 840 216 170 0 0 1 0 -1 0 1 0 0 3004.DAT 
1 288 850 216 430 0 0 1 0 -1 0 1 0 0 3003.DAT 
1 0 850 216 540 -1 0 0 0 -1 0 0 0 1 3004.DAT 
1 0 870 216 50 0 0 1 0 -1 0 1 0 0 3003.DAT 
1 0 860 216 210 0 0 1 0 -1 0 1 0 0 3004.DAT 
1 81 870 216 240 -1 0 0 0 -1 0 0 0 1 3004.DAT 
1 0 860 216 570 0 0 1 0 -1 0 1 0 0 3004.DAT 
1 81 880 216 270 0 0 1 0 -1 0 1 0 0 3004.DAT 
1 288 890 216 420 -1 0 0 0 -1 0 0 0 1 3004.DAT 
1 0 880 216 550 0 0 1 0 -1 0 1 0 0 3004.DAT 
1 0 890 216 580 -1 0 0 0 -1 0 0 0 1 3004.DAT 
1 0 900 216 70 0 0 1 0 -1 0 1 0 0 3004.DAT 
1 0 900 216 110 0 0 1 0 -1 0 1 0 0 3004.DAT 
1 0 910 216 140 -1 0 0 0 -1 0 0 0 1 3004.DAT 
1 81 900 216 290 0 0 1 0 -1 0 1 0 0 3004.DAT 
1 81 910 216 320 -1 0 0 0 -1 0 0 0 1 3004.DAT 
1 0 910 216 560 -1 0 0 0 -1 0 0 0 1 3004.DAT 
1 0 920 216 170 0 0 1 0 -1 0 1 0 0 3004.DAT 
1 81 930 216 200 -1 0 0 0 -1 0 0 0 1 3004.DAT 
1 81 930 216 340 -1 0 0 0 -1 0 0 0 1 3004.DAT 
1 0 930 216 420 -1 0 0 0 -1 0 0 0 1 3004.DAT 
1 81 930 216 770 0 0 1 0 -1 0 1 0 0 3003.DAT 
1 0 920 216 810 0 0 1 0 -1 0 1 0 0 3004.DAT 
1 81 930 216 840 -1 0 0 0 -1 0 0 0 1 3004.DAT 
1 81 940 216 230 0 0 1 0 -1 0 1 0 0 3004.DAT 
1 81 950 216 270 0 0 1 0 -1 0 1 0 0 3003.DAT 
1 81 950 216 320 -1 0 0 0 -1 0 0 0 1 3004.DAT 
1 0 950 216 440 -1 0 0 0 -1 0 0 0 1 3004.DAT 
1 0 940 216 550 0 0 1 0 -1 0 1 0 0 3004.DAT 
1 0 950 216 820 -1 0 0 0 -1 0 0 0 1 3004.DAT 
1 81 970 216 300 -1 0 0 0 -1 0 0 0 1 3004.DAT 
1 81 960 216 340 -1 0 0 0 -1 0 0 0 1 3005.dat 
1 0 960 216 420 -1 0 0 0 -1 0 0 0 1 3005.dat 
1 0 960 216 470 0 0 1 0 -1 0 1 0 0 3004.DAT 
1 0 960 216 530 0 0 1 0 -1 0 1 0 0 3004.DAT 
1 81 960 216 770 0 0 1 0 -1 0 1 0 0 3004.DAT 
1 0 960 216 800 -1 0 0 0 -1 0 0 0 1 3005.dat 
1 81 980 216 320 -1 0 0 0 -1 0 0 0 1 3005.dat 
1 288 980 216 450 0 0 1 0 -1 0 1 0 0 3004.DAT 
1 288 980 216 490 0 0 1 0 -1 0 1 0 0 3004.DAT 
1 288 980 216 520 -1 0 0 0 -1 0 0 0 1 3005.dat 
1 81 980 216 780 -1 0 0 0 -1 0 0 0 1 3005.dat 
1 7 780 216 90 0 0 1 0 -1 0 1 0 0 3004.DAT 
1 7 800 216 130 0 0 1 0 -1 0 1 0 0 3004.DAT 
1 81 420 216 660 -1 0 0 0 -1 0 0 0 1 3005.dat 
1 81 420 216 750 0 0 1 0 -1 0 1 0 0 3004.DAT 
1 81 450 216 760 -1 0 0 0 -1 0 0 0 1 3004.DAT 
1 81 460 216 640 -1 0 0 0 -1 0 0 0 1 3005.dat 
1 81 460 216 780 -1 0 0 0 -1 0 0 0 1 3005.dat 
1 81 480 216 760 -1 0 0 0 -1 0 0 0 1 3005.dat 
1 81 500 216 640 -1 0 0 0 -1 0 0 0 1 3005.dat 
1 81 510 216 740 -1 0 0 0 -1 0 0 0 1 3004.DAT 
1 81 520 216 660 -1 0 0 0 -1 0 0 0 1 3005.dat 
1 81 520 216 710 0 0 1 0 -1 0 1 0 0 3004.DAT 
1 81 840 216 210 0 0 1 0 -1 0 1 0 0 3004.DAT 
1 81 840 216 240 -1 0 0 0 -1 0 0 0 1 3005.dat 
1 81 860 216 270 0 0 1 0 -1 0 1 0 0 3004.DAT 
1 81 870 216 300 -1 0 0 0 -1 0 0 0 1 3004.DAT 
1 81 880 216 330 0 0 1 0 -1 0 1 0 0 3004.DAT 
1 81 900 216 350 0 0 1 0 -1 0 1 0 0 3004.DAT 
1 81 910 216 380 -1 0 0 0 -1 0 0 0 1 3004.DAT 
1 81 900 216 790 0 0 1 0 -1 0 1 0 0 3004.DAT 
1 81 900 216 820 -1 0 0 0 -1 0 0 0 1 3005.dat 
1 81 940 216 180 -1 0 0 0 -1 0 0 0 1 3005.dat 
1 81 950 216 380 -1 0 0 0 -1 0 0 0 1 3004.DAT 
1 81 950 216 740 -1 0 0 0 -1 0 0 0 1 3004.DAT 
1 81 960 216 230 0 0 1 0 -1 0 1 0 0 3004.DAT 
1 81 960 216 840 -1 0 0 0 -1 0 0 0 1 3005.dat 
1 81 980 216 270 0 0 1 0 -1 0 1 0 0 3004.DAT 
1 81 980 216 390 0 0 1 0 -1 0 1 0 0 3004.DAT 
1 81 980 216 810 0 0 1 0 -1 0 1 0 0 3004.DAT 
1 81 1000 216 330 0 0 1 0 -1 0 1 0 0 3004.DAT 
1 81 1000 216 370 0 0 1 0 -1 0 1 0 0 3004.DAT 
1 81 1000 216 400 -1 0 0 0 -1 0 0 0 1 3005.dat 
1 81 1020 216 340 -1 0 0 0 -1 0 0 0 1 3005.dat 
1 288 840 216 490 0 0 1 0 -1 0 1 0 0 3004.DAT 
1 288 840 216 520 -1 0 0 0 -1 0 0 0 1 3005.dat 
1 288 840 216 570 0 0 1 0 -1 0 1 0 0 3004.DAT 
1 288 850 216 600 -1 0 0 0 -1 0 0 0 1 3004.DAT 
1 288 870 216 400 -1 0 0 0 -1 0 0 0 1 3004.DAT 
1 288 890 216 600 -1 0 0 0 -1 0 0 0 1 3004.DAT 
1 288 930 216 580 -1 0 0 0 -1 0 0 0 1 3004.DAT 
1 288 960 216 560 -1 0 0 0 -1 0 0 0 1 3005.dat 
1 288 980 216 420 -1 0 0 0 -1 0 0 0 1 3005.dat 
1 288 980 216 540 -1 0 0 0 -1 0 0 0 1 3005.dat 
1 288 1000 216 460 -1 0 0 0 -1 0 0 0 1 3005.dat 
1 288 1000 216 500 -1 0 0 0 -1 0 0 0 1 3005.dat 
0 STEP
1 81 450 240 670 0 0 1 0 -1 0 1 0 0 3003.DAT 
1 0 440 240 710 0 0 1 0 -1 0 1 0 0 3004.DAT 
1 0 450 240 740 -1 0 0 0 -1 0 0 0 1 3004.DAT 
1 0 490 240 660 -1 0 0 0 -1 0 0 0 1 3004.DAT 
1 81 490 240 740 -1 0 0 0 -1 0 0 0 1 3004.DAT 
1 0 500 240 690 0 0 1 0 -1 0 1 0 0 3004.DAT 
1 81 510 240 720 -1 0 0 0 -1 0 0 0 1 3004.DAT 
1 81 520 240 700 -1 0 0 0 -1 0 0 0 1 3005.dat 
1 0 770 240 520 -1 0 0 0 -1 0 0 0 1 3004.DAT 
1 0 780 240 470 0 0 1 0 -1 0 1 0 0 3004.DAT 
1 0 780 240 500 -1 0 0 0 -1 0 0 0 1 3005.dat 
1 0 790 240 540 -1 0 0 0 -1 0 0 0 1 3004.DAT 
1 7 800 240 70 0 0 1 0 -1 0 1 0 0 3004.DAT 
1 7 800 240 110 0 0 1 0 -1 0 1 0 0 3004.DAT 
1 0 800 240 450 0 0 1 0 -1 0 1 0 0 3004.DAT 
1 0 830 240 60 -1 0 0 0 -1 0 0 0 1 3004.DAT 
1 0 820 240 130 0 0 1 0 -1 0 1 0 0 3004.DAT 
1 0 830 240 160 -1 0 0 0 -1 0 0 0 1 3004.DAT 
1 0 830 240 440 -1 0 0 0 -1 0 0 0 1 3004.DAT 
1 0 820 240 540 -1 0 0 0 -1 0 0 0 1 3005.dat 
1 0 840 240 190 0 0 1 0 -1 0 1 0 0 3004.DAT 
1 288 850 240 420 -1 0 0 0 -1 0 0 0 1 3004.DAT 
1 0 850 240 570 0 0 1 0 -1 0 1 0 0 3003.DAT 
1 0 870 240 50 0 0 1 0 -1 0 1 0 0 3003.DAT 
1 0 860 240 210 0 0 1 0 -1 0 1 0 0 3004.DAT 
1 81 870 240 240 -1 0 0 0 -1 0 0 0 1 3004.DAT 
1 7 890 240 80 -1 0 0 0 -1 0 0 0 1 3004.DAT 
1 81 890 240 260 -1 0 0 0 -1 0 0 0 1 3004.DAT 
1 288 890 240 420 -1 0 0 0 -1 0 0 0 1 3004.DAT 
1 0 890 240 580 -1 0 0 0 -1 0 0 0 1 3004.DAT 
1 0 900 240 110 0 0 1 0 -1 0 1 0 0 3004.DAT 
1 0 910 240 140 -1 0 0 0 -1 0 0 0 1 3004.DAT 
1 81 910 240 240 -1 0 0 0 -1 0 0 0 1 3004.DAT 
1 81 900 240 290 0 0 1 0 -1 0 1 0 0 3004.DAT 
1 0 910 240 440 -1 0 0 0 -1 0 0 0 1 3004.DAT 
1 81 910 240 800 -1 0 0 0 -1 0 0 0 1 3004.DAT 
1 0 920 240 170 0 0 1 0 -1 0 1 0 0 3004.DAT 
1 0 920 240 210 0 0 1 0 -1 0 1 0 0 3004.DAT 
1 81 930 240 290 0 0 1 0 -1 0 1 0 0 3001.DAT 
1 288 920 240 420 -1 0 0 0 -1 0 0 0 1 3005.dat 
1 0 920 240 560 -1 0 0 0 -1 0 0 0 1 3005.dat 
1 81 920 240 770 0 0 1 0 -1 0 1 0 0 3004.DAT 
1 0 930 240 820 -1 0 0 0 -1 0 0 0 1 3004.DAT 
1 81 940 240 230 0 0 1 0 -1 0 1 0 0 3004.DAT 
1 0 940 240 450 0 0 1 0 -1 0 1 0 0 3004.DAT 
1 0 940 240 540 -1 0 0 0 -1 0 0 0 1 3005.dat 
1 0 950 240 760 -1 0 0 0 -1 0 0 0 1 3004.DAT 
1 81 940 240 840 -1 0 0 0 -1 0 0 0 1 3005.dat 
1 81 960 240 290 0 0 1 0 -1 0 1 0 0 3004.DAT 
1 0 960 240 470 0 0 1 0 -1 0 1 0 0 3004.DAT 
1 288 970 240 510 0 0 1 0 -1 0 1 0 0 3003.DAT 
1 81 970 240 780 -1 0 0 0 -1 0 0 0 1 3004.DAT 
1 0 960 240 820 -1 0 0 0 -1 0 0 0 1 3005.dat 
1 81 980 240 800 -1 0 0 0 -1 0 0 0 1 3005.dat 
1 7 780 240 90 0 0 1 0 -1 0 1 0 0 3004.DAT 
1 7 800 240 140 -1 0 0 0 -1 0 0 0 1 3005.dat 
1 7 900 240 50 0 0 1 0 -1 0 1 0 0 3004.DAT 
1 7 920 240 110 0 0 1 0 -1 0 1 0 0 3004.DAT 
1 81 420 240 690 0 0 1 0 -1 0 1 0 0 3004.DAT 
1 81 420 240 730 0 0 1 0 -1 0 1 0 0 3004.DAT 
1 81 430 240 760 -1 0 0 0 -1 0 0 0 1 3004.DAT 
1 81 470 264 780 -1 0 0 0 -1 0 0 0 1 3004.DAT 
1 81 470 240 640 -1 0 0 0 -1 0 0 0 1 3004.DAT 
1 81 480 240 770 0 0 1 0 -1 0 1 0 0 3004.DAT 
1 81 500 240 640 -1 0 0 0 -1 0 0 0 1 3005.dat 
1 81 520 240 670 0 0 1 0 -1 0 1 0 0 3004.DAT 
1 81 520 240 740 -1 0 0 0 -1 0 0 0 1 3005.dat 
1 81 840 240 220 -1 0 0 0 -1 0 0 0 1 3005.dat 
1 81 860 240 260 -1 0 0 0 -1 0 0 0 1 3005.dat 
1 81 880 240 290 0 0 1 0 -1 0 1 0 0 3004.DAT 
1 81 890 240 320 -1 0 0 0 -1 0 0 0 1 3004.DAT 
1 81 910 240 350 0 0 1 0 -1 0 1 0 0 3003.DAT 
1 81 900 240 780 -1 0 0 0 -1 0 0 0 1 3005.dat 
1 81 900 240 820 -1 0 0 0 -1 0 0 0 1 3005.dat 
1 81 930 240 380 -1 0 0 0 -1 0 0 0 1 3004.DAT 
1 81 930 240 740 -1 0 0 0 -1 0 0 0 1 3004.DAT 
1 81 920 240 840 -1 0 0 0 -1 0 0 0 1 3005.dat 
1 81 940 240 200 -1 0 0 0 -1 0 0 0 1 3005.dat 
1 81 940 240 350 0 0 1 0 -1 0 1 0 0 3004.DAT 
1 81 960 240 220 -1 0 0 0 -1 0 0 0 1 3005.dat 
1 81 960 240 330 0 0 1 0 -1 0 1 0 0 3004.DAT 
1 81 960 240 370 0 0 1 0 -1 0 1 0 0 3004.DAT 
1 81 960 240 740 -1 0 0 0 -1 0 0 0 1 3005.dat 
1 81 960 240 840 -1 0 0 0 -1 0 0 0 1 3005.dat 
1 81 980 240 310 0 0 1 0 -1 0 1 0 0 3004.DAT 
1 81 990 240 350 0 0 1 0 -1 0 1 0 0 3003.DAT 
1 81 980 240 380 -1 0 0 0 -1 0 0 0 1 3005.dat 
1 81 980 240 760 -1 0 0 0 -1 0 0 0 1 3005.dat 
1 81 980 240 820 -1 0 0 0 -1 0 0 0 1 3005.dat 
1 288 820 240 460 -1 0 0 0 -1 0 0 0 1 3005.dat 
1 288 820 240 590 0 0 1 0 -1 0 1 0 0 3004.DAT 
1 288 840 240 610 0 0 1 0 -1 0 1 0 0 3004.DAT 
1 288 870 240 600 -1 0 0 0 -1 0 0 0 1 3004.DAT 
1 288 900 240 600 -1 0 0 0 -1 0 0 0 1 3005.dat 
1 288 930 240 580 -1 0 0 0 -1 0 0 0 1 3004.DAT 
1 288 950 240 420 -1 0 0 0 -1 0 0 0 1 3004.DAT 
1 288 950 240 560 -1 0 0 0 -1 0 0 0 1 3004.DAT 
1 288 970 240 440 -1 0 0 0 -1 0 0 0 1 3004.DAT 
1 288 970 240 540 -1 0 0 0 -1 0 0 0 1 3004.DAT 
1 288 990 240 470 0 0 1 0 -1 0 1 0 0 3003.DAT 
0 STEP
1 0 440 264 710 0 0 1 0 -1 0 1 0 0 3004.DAT 
1 0 450 264 740 -1 0 0 0 -1 0 0 0 1 3004.DAT 
1 0 460 264 670 0 0 1 0 -1 0 1 0 0 3004.DAT 
1 81 470 264 760 -1 0 0 0 -1 0 0 0 1 3004.DAT 
1 81 490 264 660 -1 0 0 0 -1 0 0 0 1 3004.DAT 
1 0 490 264 740 -1 0 0 0 -1 0 0 0 1 3004.DAT 
1 0 500 264 690 0 0 1 0 -1 0 1 0 0 3004.DAT 
1 81 520 264 710 0 0 1 0 -1 0 1 0 0 3004.DAT 
1 81 520 264 740 -1 0 0 0 -1 0 0 0 1 3005.dat 
1 0 750 264 520 -1 0 0 0 -1 0 0 0 1 3004.DAT 
1 0 760 264 470 0 0 1 0 -1 0 1 0 0 3004.DAT 
1 0 760 264 500 -1 0 0 0 -1 0 0 0 1 3005.dat 
1 0 770 264 540 -1 0 0 0 -1 0 0 0 1 3004.DAT 
1 0 780 264 450 0 0 1 0 -1 0 1 0 0 3004.DAT 
1 7 800 264 70 0 0 1 0 -1 0 1 0 0 3004.DAT 
1 7 810 264 120 -1 0 0 0 -1 0 0 0 1 3004.DAT 
1 0 810 264 440 -1 0 0 0 -1 0 0 0 1 3004.DAT 
1 0 810 264 550 0 0 1 0 -1 0 1 0 0 3003.DAT 
1 0 830 264 60 -1 0 0 0 -1 0 0 0 1 3004.DAT 
1 0 820 264 150 0 0 1 0 -1 0 1 0 0 3004.DAT 
1 0 840 264 170 0 0 1 0 -1 0 1 0 0 3004.DAT 
1 288 850 264 430 0 0 1 0 -1 0 1 0 0 3003.DAT 
1 0 840 264 570 0 0 1 0 -1 0 1 0 0 3004.DAT 
1 0 870 264 40 -1 0 0 0 -1 0 0 0 1 3004.DAT 
1 0 860 264 190 0 0 1 0 -1 0 1 0 0 3004.DAT 
1 81 860 264 230 0 0 1 0 -1 0 1 0 0 3004.DAT 
1 0 870 264 580 -1 0 0 0 -1 0 0 0 1 3004.DAT 
1 0 880 264 70 0 0 1 0 -1 0 1 0 0 3004.DAT 
1 7 890 264 100 -1 0 0 0 -1 0 0 0 1 3004.DAT 
1 0 890 264 160 -1 0 0 0 -1 0 0 0 1 3004.DAT 
1 0 880 264 210 0 0 1 0 -1 0 1 0 0 3004.DAT 
1 81 890 264 240 -1 0 0 0 -1 0 0 0 1 3004.DAT 
1 288 890 264 420 -1 0 0 0 -1 0 0 0 1 3004.DAT 
1 7 900 264 80 -1 0 0 0 -1 0 0 0 1 3005.dat 
1 0 900 264 130 0 0 1 0 -1 0 1 0 0 3004.DAT 
1 0 900 264 190 0 0 1 0 -1 0 1 0 0 3004.DAT 
1 81 910 264 220 -1 0 0 0 -1 0 0 0 1 3004.DAT 
1 0 900 264 580 -1 0 0 0 -1 0 0 0 1 3005.dat 
1 81 900 264 790 0 0 1 0 -1 0 1 0 0 3004.DAT 
1 0 920 264 170 0 0 1 0 -1 0 1 0 0 3004.DAT 
1 0 920 264 200 -1 0 0 0 -1 0 0 0 1 3005.dat 
1 288 930 264 450 0 0 1 0 -1 0 1 0 0 3003.DAT 
1 0 920 264 550 0 0 1 0 -1 0 1 0 0 3004.DAT 
1 0 920 264 770 0 0 1 0 -1 0 1 0 0 3004.DAT 
1 0 920 264 810 0 0 1 0 -1 0 1 0 0 3004.DAT 
1 0 940 264 490 0 0 1 0 -1 0 1 0 0 3004.DAT 
1 0 940 264 530 0 0 1 0 -1 0 1 0 0 3004.DAT 
1 81 940 264 750 0 0 1 0 -1 0 1 0 0 3004.DAT 
1 0 950 264 820 -1 0 0 0 -1 0 0 0 1 3004.DAT 
1 288 960 264 470 0 0 1 0 -1 0 1 0 0 3004.DAT 
1 288 960 264 510 0 0 1 0 -1 0 1 0 0 3004.DAT 
1 81 970 264 760 -1 0 0 0 -1 0 0 0 1 3004.DAT 
1 0 980 264 790 0 0 1 0 -1 0 1 0 0 3004.DAT 
1 7 780 264 90 0 0 1 0 -1 0 1 0 0 3004.DAT 
1 7 800 264 140 -1 0 0 0 -1 0 0 0 1 3005.dat 
1 7 860 264 160 -1 0 0 0 -1 0 0 0 1 3005.dat 
1 7 900 264 50 0 0 1 0 -1 0 1 0 0 3004.DAT 
1 7 920 264 130 0 0 1 0 -1 0 1 0 0 3004.DAT 
1 81 420 264 690 0 0 1 0 -1 0 1 0 0 3004.DAT 
1 81 420 264 730 0 0 1 0 -1 0 1 0 0 3004.DAT 
1 81 440 264 660 -1 0 0 0 -1 0 0 0 1 3005.dat 
1 81 440 264 760 -1 0 0 0 -1 0 0 0 1 3005.dat 
1 81 470 264 640 -1 0 0 0 -1 0 0 0 1 3004.DAT 
1 81 500 264 760 -1 0 0 0 -1 0 0 0 1 3005.dat 
1 81 520 264 670 0 0 1 0 -1 0 1 0 0 3004.DAT 
1 81 540 264 690 0 0 1 0 -1 0 1 0 0 3004.DAT 
1 81 840 264 210 0 0 1 0 -1 0 1 0 0 3004.DAT 
1 81 890 264 270 0 0 1 0 -1 0 1 0 0 3003.DAT 
1 81 910 264 300 -1 0 0 0 -1 0 0 0 1 3004.DAT 
1 81 900 264 760 -1 0 0 0 -1 0 0 0 1 3005.dat 
1 81 900 264 820 -1 0 0 0 -1 0 0 0 1 3005.dat 
1 81 920 264 250 0 0 1 0 -1 0 1 0 0 3004.DAT 
1 81 920 264 280 -1 0 0 0 -1 0 0 0 1 3005.dat 
1 81 930 264 320 -1 0 0 0 -1 0 0 0 1 3004.DAT 
1 81 920 264 740 -1 0 0 0 -1 0 0 0 1 3005.dat 
1 81 930 264 840 -1 0 0 0 -1 0 0 0 1 3004.DAT 
1 81 940 264 230 0 0 1 0 -1 0 1 0 0 3004.DAT 
1 81 940 264 300 -1 0 0 0 -1 0 0 0 1 3005.dat 
1 81 970 264 740 -1 0 0 0 -1 0 0 0 1 3004.DAT 
1 81 960 264 840 -1 0 0 0 -1 0 0 0 1 3005.dat 
1 81 980 264 820 -1 0 0 0 -1 0 0 0 1 3005.dat 
1 81 1000 264 790 0 0 1 0 -1 0 1 0 0 3004.DAT 
1 288 820 264 420 -1 0 0 0 -1 0 0 0 1 3005.dat 
1 288 820 264 460 -1 0 0 0 -1 0 0 0 1 3005.dat 
1 288 820 264 590 0 0 1 0 -1 0 1 0 0 3004.DAT 
1 288 850 264 620 -1 0 0 0 -1 0 0 0 1 3004.DAT 
1 288 870 264 600 -1 0 0 0 -1 0 0 0 1 3004.DAT 
1 288 900 264 600 -1 0 0 0 -1 0 0 0 1 3005.dat 
1 288 930 264 420 -1 0 0 0 -1 0 0 0 1 3004.DAT 
1 288 920 264 580 -1 0 0 0 -1 0 0 0 1 3005.dat 
1 288 940 264 560 -1 0 0 0 -1 0 0 0 1 3005.dat 
1 288 960 264 420 -1 0 0 0 -1 0 0 0 1 3005.dat 
1 288 960 264 540 -1 0 0 0 -1 0 0 0 1 3005.dat 
1 288 980 264 500 -1 0 0 0 -1 0 0 0 1 3005.dat 
0 STEP
1 0 440 288 690 0 0 1 0 -1 0 1 0 0 3004.DAT 
1 0 440 288 730 0 0 1 0 -1 0 1 0 0 3004.DAT 
1 81 450 288 760 -1 0 0 0 -1 0 0 0 1 3004.DAT 
1 81 460 288 670 0 0 1 0 -1 0 1 0 0 3004.DAT 
1 0 460 288 740 -1 0 0 0 -1 0 0 0 1 3005.dat 
1 0 490 288 660 -1 0 0 0 -1 0 0 0 1 3004.DAT 
1 0 480 288 760 -1 0 0 0 -1 0 0 0 1 3005.dat 
1 0 510 288 680 -1 0 0 0 -1 0 0 0 1 3004.DAT 
1 81 510 288 740 -1 0 0 0 -1 0 0 0 1 3004.DAT 
1 0 520 288 710 0 0 1 0 -1 0 1 0 0 3004.DAT 
1 0 730 288 480 -1 0 0 0 -1 0 0 0 1 3004.DAT 
1 0 750 288 460 -1 0 0 0 -1 0 0 0 1 3004.DAT 
1 0 740 288 510 0 0 1 0 -1 0 1 0 0 3004.DAT 
1 0 770 288 550 1 0 0 0 -1 0 0 0 -1 3001.DAT 
1 0 770 288 440 -1 0 0 0 -1 0 0 0 1 3004.DAT 
1 0 760 288 480 -1 0 0 0 -1 0 0 0 1 3005.dat 
1 0 780 288 460 -1 0 0 0 -1 0 0 0 1 3005.dat 
1 7 800 288 90 0 0 1 0 -1 0 1 0 0 3004.DAT 
1 7 810 288 120 -1 0 0 0 -1 0 0 0 1 3004.DAT 
1 0 810 288 440 -1 0 0 0 -1 0 0 0 1 3004.DAT 
1 7 820 288 70 0 0 1 0 -1 0 1 0 0 3004.DAT 
1 0 830 288 140 -1 0 0 0 -1 0 0 0 1 3004.DAT 
1 0 820 288 570 0 0 1 0 -1 0 1 0 0 3004.DAT 
1 0 850 288 60 -1 0 0 0 -1 0 0 0 1 3004.DAT 
1 7 850 288 160 -1 0 0 0 -1 0 0 0 1 3004.DAT 
1 0 850 288 440 -1 0 0 0 -1 0 0 0 1 3004.DAT 
1 0 850 288 580 -1 0 0 0 -1 0 0 0 1 3004.DAT 
1 0 860 288 90 0 0 1 0 -1 0 1 0 0 3004.DAT 
1 0 870 288 190 0 0 1 0 -1 0 1 0 0 3003.DAT 
1 0 880 288 70 0 0 1 0 -1 0 1 0 0 3004.DAT 
1 0 880 288 110 0 0 1 0 -1 0 1 0 0 3004.DAT 
1 0 880 288 150 0 0 1 0 -1 0 1 0 0 3004.DAT 
1 0 890 288 440 -1 0 0 0 -1 0 0 0 1 3004.DAT 
1 0 890 288 580 -1 0 0 0 -1 0 0 0 1 3004.DAT 
1 7 900 288 120 -1 0 0 0 -1 0 0 0 1 3005.dat 
1 0 900 288 170 0 0 1 0 -1 0 1 0 0 3004.DAT 
1 0 900 288 200 -1 0 0 0 -1 0 0 0 1 3005.dat 
1 0 910 288 460 -1 0 0 0 -1 0 0 0 1 3004.DAT 
1 288 910 288 560 -1 0 0 0 -1 0 0 0 1 3004.DAT 
1 81 910 288 770 0 0 1 0 -1 0 1 0 0 3003.DAT 
1 81 910 288 800 -1 0 0 0 -1 0 0 0 1 3004.DAT 
1 288 930 288 510 0 0 1 0 -1 0 1 0 0 3001.DAT 
1 81 930 288 820 -1 0 0 0 -1 0 0 0 1 3004.DAT 
1 0 950 288 750 0 0 1 0 -1 0 1 0 0 3003.DAT 
1 0 960 288 820 -1 0 0 0 -1 0 0 0 1 3005.dat 
1 0 980 288 770 0 0 1 0 -1 0 1 0 0 3004.DAT 
1 0 980 288 800 -1 0 0 0 -1 0 0 0 1 3005.dat 
1 7 700 288 550 0 0 1 0 -1 0 1 0 0 3004.DAT 
1 7 720 288 570 0 0 1 0 -1 0 1 0 0 3004.DAT 
1 7 780 288 90 0 0 1 0 -1 0 1 0 0 3004.DAT 
1 7 800 288 140 -1 0 0 0 -1 0 0 0 1 3005.dat 
1 7 820 288 160 -1 0 0 0 -1 0 0 0 1 3005.dat 
1 7 870 288 40 -1 0 0 0 -1 0 0 0 1 3004.DAT 
1 7 860 288 140 -1 0 0 0 -1 0 0 0 1 3005.dat 
1 7 900 288 70 0 0 1 0 -1 0 1 0 0 3004.DAT 
1 7 900 288 100 -1 0 0 0 -1 0 0 0 1 3005.dat 
1 7 900 288 140 -1 0 0 0 -1 0 0 0 1 3005.dat 
1 81 420 288 690 0 0 1 0 -1 0 1 0 0 3004.DAT 
1 81 420 288 730 0 0 1 0 -1 0 1 0 0 3004.DAT 
1 81 440 288 660 -1 0 0 0 -1 0 0 0 1 3005.dat 
1 81 470 288 780 -1 0 0 0 -1 0 0 0 1 3004.DAT 
1 81 490 288 640 -1 0 0 0 -1 0 0 0 1 3004.DAT 
1 81 500 288 760 -1 0 0 0 -1 0 0 0 1 3005.dat 
1 81 520 288 660 -1 0 0 0 -1 0 0 0 1 3005.dat 
1 81 540 288 690 0 0 1 0 -1 0 1 0 0 3004.DAT 
1 81 540 288 720 -1 0 0 0 -1 0 0 0 1 3005.dat 
1 81 870 288 220 -1 0 0 0 -1 0 0 0 1 3004.DAT 
1 81 900 288 220 -1 0 0 0 -1 0 0 0 1 3005.dat 
1 81 910 288 740 -1 0 0 0 -1 0 0 0 1 3004.DAT 
1 81 900 288 820 -1 0 0 0 -1 0 0 0 1 3005.dat 
1 81 930 288 720 -1 0 0 0 -1 0 0 0 1 3004.DAT 
1 81 950 288 840 -1 0 0 0 -1 0 0 0 1 3004.DAT 
1 81 960 288 720 -1 0 0 0 -1 0 0 0 1 3005.dat 
1 81 980 288 740 -1 0 0 0 -1 0 0 0 1 3005.dat 
1 81 980 288 820 -1 0 0 0 -1 0 0 0 1 3005.dat 
1 81 1000 288 770 0 0 1 0 -1 0 1 0 0 3004.DAT 
1 81 1000 288 800 -1 0 0 0 -1 0 0 0 1 3005.dat 
1 288 810 288 600 -1 0 0 0 -1 0 0 0 1 3004.DAT 
1 288 830 288 420 -1 0 0 0 -1 0 0 0 1 3004.DAT 
1 288 820 288 460 -1 0 0 0 -1 0 0 0 1 3005.dat 
1 288 830 288 620 -1 0 0 0 -1 0 0 0 1 3004.DAT 
1 288 870 288 420 -1 0 0 0 -1 0 0 0 1 3004.DAT 
1 288 860 288 610 0 0 1 0 -1 0 1 0 0 3004.DAT 
1 288 890 288 600 -1 0 0 0 -1 0 0 0 1 3004.DAT 
1 288 910 288 420 -1 0 0 0 -1 0 0 0 1 3004.DAT 
1 288 920 288 580 -1 0 0 0 -1 0 0 0 1 3005.dat 
1 288 940 288 430 0 0 1 0 -1 0 1 0 0 3004.DAT 
1 288 940 288 460 -1 0 0 0 -1 0 0 0 1 3005.dat 
1 288 960 288 440 -1 0 0 0 -1 0 0 0 1 3005.dat 
1 288 960 288 490 0 0 1 0 -1 0 1 0 0 3004.DAT 
1 288 960 288 520 -1 0 0 0 -1 0 0 0 1 3005.dat 
0 STEP
1 81 420 312 710 0 0 1 0 -1 0 1 0 0 3004.DAT 
1 81 440 312 750 0 0 1 0 -1 0 1 0 0 3004.DAT 
1 81 460 312 670 0 0 1 0 -1 0 1 0 0 3004.DAT 
1 0 470 312 760 -1 0 0 0 -1 0 0 0 1 3004.DAT 
1 81 490 312 660 -1 0 0 0 -1 0 0 0 1 3004.DAT 
1 0 510 312 680 -1 0 0 0 -1 0 0 0 1 3004.DAT 
1 0 500 312 750 0 0 1 0 -1 0 1 0 0 3004.DAT 
1 81 520 312 660 -1 0 0 0 -1 0 0 0 1 3005.dat 
1 81 530 312 710 0 0 1 0 -1 0 1 0 0 3003.DAT 
1 81 530 312 740 -1 0 0 0 -1 0 0 0 1 3004.DAT 
1 0 700 312 530 0 0 1 0 -1 0 1 0 0 3004.DAT 
1 0 730 312 510 0 0 1 0 -1 0 1 0 0 3003.DAT 
1 0 730 312 540 -1 0 0 0 -1 0 0 0 1 3004.DAT 
1 0 740 312 470 0 0 1 0 -1 0 1 0 0 3004.DAT 
1 0 770 312 570 1 0 0 0 -1 0 0 0 -1 3001.DAT 
1 0 760 312 460 -1 0 0 0 -1 0 0 0 1 3005.dat 
1 0 790 312 440 -1 0 0 0 -1 0 0 0 1 3004.DAT 
1 7 800 312 110 0 0 1 0 -1 0 1 0 0 3004.DAT 
1 7 820 312 90 0 0 1 0 -1 0 1 0 0 3004.DAT 
1 7 830 312 120 -1 0 0 0 -1 0 0 0 1 3004.DAT 
1 0 830 312 440 -1 0 0 0 -1 0 0 0 1 3004.DAT 
1 0 820 312 570 0 0 1 0 -1 0 1 0 0 3004.DAT 
1 7 850 312 70 0 0 1 0 -1 0 1 0 0 3003.DAT 
1 0 850 312 100 -1 0 0 0 -1 0 0 0 1 3004.DAT 
1 7 850 312 140 -1 0 0 0 -1 0 0 0 1 3004.DAT 
1 0 840 312 590 0 0 1 0 -1 0 1 0 0 3004.DAT 
1 7 860 312 120 -1 0 0 0 -1 0 0 0 1 3005.dat 
1 7 860 312 160 -1 0 0 0 -1 0 0 0 1 3005.dat 
1 0 870 312 450 0 0 1 0 -1 0 1 0 0 3003.DAT 
1 0 870 312 570 0 0 1 0 -1 0 1 0 0 3003.DAT 
1 0 860 312 600 -1 0 0 0 -1 0 0 0 1 3005.dat 
1 0 900 312 470 0 0 1 0 -1 0 1 0 0 3004.DAT 
1 0 910 312 500 -1 0 0 0 -1 0 0 0 1 3004.DAT 
1 0 900 312 550 0 0 1 0 -1 0 1 0 0 3004.DAT 
1 81 900 312 770 0 0 1 0 -1 0 1 0 0 3004.DAT 
1 81 910 312 800 -1 0 0 0 -1 0 0 0 1 3004.DAT 
1 0 920 312 480 -1 0 0 0 -1 0 0 0 1 3005.dat 
1 0 920 312 530 0 0 1 0 -1 0 1 0 0 3004.DAT 
1 0 920 312 750 0 0 1 0 -1 0 1 0 0 3004.DAT 
1 0 930 312 820 -1 0 0 0 -1 0 0 0 1 3004.DAT 
1 0 950 312 740 -1 0 0 0 -1 0 0 0 1 3004.DAT 
1 0 970 312 760 -1 0 0 0 -1 0 0 0 1 3004.DAT 
1 81 970 312 820 -1 0 0 0 -1 0 0 0 1 3004.DAT 
1 0 980 312 790 0 0 1 0 -1 0 1 0 0 3004.DAT 
1 7 680 312 550 0 0 1 0 -1 0 1 0 0 3004.DAT 
1 7 690 312 580 -1 0 0 0 -1 0 0 0 1 3004.DAT 
1 7 710 312 600 -1 0 0 0 -1 0 0 0 1 3004.DAT 
1 7 720 312 580 -1 0 0 0 -1 0 0 0 1 3005.dat 
1 7 740 312 600 -1 0 0 0 -1 0 0 0 1 3005.dat 
1 7 800 312 80 -1 0 0 0 -1 0 0 0 1 3005.dat 
1 7 820 312 60 -1 0 0 0 -1 0 0 0 1 3005.dat 
1 7 820 312 140 -1 0 0 0 -1 0 0 0 1 3005.dat 
1 7 880 312 50 0 0 1 0 -1 0 1 0 0 3004.DAT 
1 7 890 312 90 0 0 1 0 -1 0 1 0 0 3003.DAT 
1 7 890 312 120 -1 0 0 0 -1 0 0 0 1 3004.DAT 
1 81 440 312 670 0 0 1 0 -1 0 1 0 0 3004.DAT 
1 81 450 312 780 -1 0 0 0 -1 0 0 0 1 3004.DAT 
1 81 490 312 780 -1 0 0 0 -1 0 0 0 1 3004.DAT 
1 81 500 312 640 -1 0 0 0 -1 0 0 0 1 3005.dat 
1 81 530 312 760 -1 0 0 0 -1 0 0 0 1 3004.DAT 
1 81 540 312 670 0 0 1 0 -1 0 1 0 0 3004.DAT 
1 81 900 312 740 -1 0 0 0 -1 0 0 0 1 3005.dat 
1 81 900 312 820 -1 0 0 0 -1 0 0 0 1 3005.dat 
1 81 930 312 720 -1 0 0 0 -1 0 0 0 1 3004.DAT 
1 81 930 312 840 -1 0 0 0 -1 0 0 0 1 3004.DAT 
1 81 960 312 720 -1 0 0 0 -1 0 0 0 1 3005.dat 
1 81 960 312 800 -1 0 0 0 -1 0 0 0 1 3005.dat 
1 81 960 312 840 -1 0 0 0 -1 0 0 0 1 3005.dat 
1 81 990 312 740 -1 0 0 0 -1 0 0 0 1 3004.DAT 
1 81 1000 312 770 0 0 1 0 -1 0 1 0 0 3004.DAT 
1 81 1000 312 800 -1 0 0 0 -1 0 0 0 1 3005.dat 
1 288 830 312 420 -1 0 0 0 -1 0 0 0 1 3004.DAT 
1 288 820 312 610 0 0 1 0 -1 0 1 0 0 3004.DAT 
1 288 850 312 620 -1 0 0 0 -1 0 0 0 1 3004.DAT 
1 288 870 312 420 -1 0 0 0 -1 0 0 0 1 3004.DAT 
1 288 880 312 610 0 0 1 0 -1 0 1 0 0 3004.DAT 
1 288 910 312 420 -1 0 0 0 -1 0 0 0 1 3004.DAT 
1 288 900 312 580 -1 0 0 0 -1 0 0 0 1 3005.dat 
1 288 930 312 440 -1 0 0 0 -1 0 0 0 1 3004.DAT 
1 288 920 312 560 -1 0 0 0 -1 0 0 0 1 3005.dat 
1 288 940 312 470 0 0 1 0 -1 0 1 0 0 3004.DAT 
1 288 940 312 510 0 0 1 0 -1 0 1 0 0 3004.DAT 
1 288 940 312 540 -1 0 0 0 -1 0 0 0 1 3005.dat 
1 288 960 312 500 -1 0 0 0 -1 0 0 0 1 3005.dat 
0 STEP
1 81 420 336 710 0 0 1 0 -1 0 1 0 0 3004.DAT 
1 81 440 336 750 0 0 1 0 -1 0 1 0 0 3004.DAT 
1 81 460 336 770 0 0 1 0 -1 0 1 0 0 3004.DAT 
1 0 490 336 660 -1 0 0 0 -1 0 0 0 1 3004.DAT 
1 0 490 336 760 -1 0 0 0 -1 0 0 0 1 3004.DAT 
1 81 520 336 670 0 0 1 0 -1 0 1 0 0 3004.DAT 
1 0 530 336 700 -1 0 0 0 -1 0 0 0 1 3004.DAT 
1 0 520 336 750 0 0 1 0 -1 0 1 0 0 3004.DAT 
1 0 540 336 730 0 0 1 0 -1 0 1 0 0 3004.DAT 
1 81 540 336 760 -1 0 0 0 -1 0 0 0 1 3005.dat 
1 81 560 336 720 -1 0 0 0 -1 0 0 0 1 3005.dat 
1 0 670 336 560 -1 0 0 0 -1 0 0 0 1 3004.DAT 
1 0 690 336 540 -1 0 0 0 -1 0 0 0 1 3004.DAT 
1 0 710 336 520 -1 0 0 0 -1 0 0 0 1 3004.DAT 
1 0 710 336 560 -1 0 0 0 -1 0 0 0 1 3004.DAT 
1 0 720 336 490 0 0 1 0 -1 0 1 0 0 3004.DAT 
1 0 730 336 540 -1 0 0 0 -1 0 0 0 1 3004.DAT 
1 0 740 336 470 0 0 1 0 -1 0 1 0 0 3004.DAT 
1 0 740 336 570 0 0 1 0 -1 0 1 0 0 3004.DAT 
1 0 760 336 450 0 0 1 0 -1 0 1 0 0 3004.DAT 
1 0 770 336 580 -1 0 0 0 -1 0 0 0 1 3004.DAT 
1 0 790 336 440 -1 0 0 0 -1 0 0 0 1 3004.DAT 
1 0 800 336 420 -1 0 0 0 -1 0 0 0 1 3005.dat 
1 0 810 336 580 -1 0 0 0 -1 0 0 0 1 3004.DAT 
1 0 830 336 440 -1 0 0 0 -1 0 0 0 1 3004.DAT 
1 0 830 336 600 -1 0 0 0 -1 0 0 0 1 3004.DAT 
1 0 850 336 460 -1 0 0 0 -1 0 0 0 1 3004.DAT 
1 0 870 336 550 0 0 1 0 -1 0 1 0 0 3003.DAT 
1 0 870 336 580 -1 0 0 0 -1 0 0 0 1 3004.DAT 
1 0 880 336 470 0 0 1 0 -1 0 1 0 0 3004.DAT 
1 0 880 336 510 0 0 1 0 -1 0 1 0 0 3004.DAT 
1 0 900 336 490 0 0 1 0 -1 0 1 0 0 3004.DAT 
1 0 900 336 530 0 0 1 0 -1 0 1 0 0 3004.DAT 
1 0 900 336 560 -1 0 0 0 -1 0 0 0 1 3005.dat 
1 81 910 336 750 0 0 1 0 -1 0 1 0 0 3003.DAT 
1 81 900 336 790 0 0 1 0 -1 0 1 0 0 3004.DAT 
1 0 920 336 810 0 0 1 0 -1 0 1 0 0 3004.DAT 
1 0 950 336 740 -1 0 0 0 -1 0 0 0 1 3004.DAT 
1 0 950 336 820 -1 0 0 0 -1 0 0 0 1 3004.DAT 
1 0 970 336 760 -1 0 0 0 -1 0 0 0 1 3004.DAT 
1 0 980 336 740 -1 0 0 0 -1 0 0 0 1 3005.dat 
1 0 980 336 790 0 0 1 0 -1 0 1 0 0 3004.DAT 
1 81 980 336 820 -1 0 0 0 -1 0 0 0 1 3005.dat 
1 7 680 336 590 0 0 1 0 -1 0 1 0 0 3004.DAT 
1 7 710 336 600 -1 0 0 0 -1 0 0 0 1 3004.DAT 
1 7 740 336 600 -1 0 0 0 -1 0 0 0 1 3005.dat 
1 7 840 336 90 0 0 1 0 -1 0 1 0 0 3004.DAT 
1 7 860 336 70 0 0 1 0 -1 0 1 0 0 3004.DAT 
1 7 870 336 100 -1 0 0 0 -1 0 0 0 1 3004.DAT 
1 8 930 336 720 -1 0 0 0 -1 0 0 0 1 3004.DAT 
1 8 960 336 720 -1 0 0 0 -1 0 0 0 1 3005.dat 
1 81 440 336 670 0 0 1 0 -1 0 1 0 0 3004.DAT 
1 81 440 336 780 -1 0 0 0 -1 0 0 0 1 3005.dat 
1 81 460 336 660 -1 0 0 0 -1 0 0 0 1 3005.dat 
1 81 490 336 640 -1 0 0 0 -1 0 0 0 1 3004.DAT 
1 81 480 336 790 0 0 1 0 -1 0 1 0 0 3004.DAT 
1 81 510 336 780 -1 0 0 0 -1 0 0 0 1 3004.DAT 
1 81 540 336 670 0 0 1 0 -1 0 1 0 0 3004.DAT 
1 81 560 336 690 0 0 1 0 -1 0 1 0 0 3004.DAT 
1 81 560 336 750 0 0 1 0 -1 0 1 0 0 3004.DAT 
1 81 900 336 820 -1 0 0 0 -1 0 0 0 1 3005.dat 
1 81 930 336 840 -1 0 0 0 -1 0 0 0 1 3004.DAT 
1 81 960 336 790 0 0 1 0 -1 0 1 0 0 3004.DAT 
1 81 960 336 840 -1 0 0 0 -1 0 0 0 1 3005.dat 
1 81 980 336 720 -1 0 0 0 -1 0 0 0 1 3005.dat 
1 81 1000 336 750 0 0 1 0 -1 0 1 0 0 3004.DAT 
1 81 1000 336 790 0 0 1 0 -1 0 1 0 0 3004.DAT 
1 288 850 336 420 -1 0 0 0 -1 0 0 0 1 3004.DAT 
1 288 850 336 620 -1 0 0 0 -1 0 0 0 1 3004.DAT 
1 288 870 336 440 -1 0 0 0 -1 0 0 0 1 3004.DAT 
1 288 880 336 420 -1 0 0 0 -1 0 0 0 1 3005.dat 
1 288 890 336 600 -1 0 0 0 -1 0 0 0 1 3004.DAT 
1 288 910 336 450 0 0 1 0 -1 0 1 0 0 3003.DAT 
1 288 910 336 580 -1 0 0 0 -1 0 0 0 1 3004.DAT 
1 288 930 336 490 0 0 1 0 -1 0 1 0 0 3003.DAT 
1 288 920 336 550 0 0 1 0 -1 0 1 0 0 3004.DAT 
1 288 940 336 530 0 0 1 0 -1 0 1 0 0 3004.DAT 
0 STEP
1 81 420 360 710 0 0 1 0 -1 0 1 0 0 3004.DAT 
1 81 440 360 750 0 0 1 0 -1 0 1 0 0 3004.DAT 
1 81 490 360 660 -1 0 0 0 -1 0 0 0 1 3004.DAT 
1 0 490 360 780 -1 0 0 0 -1 0 0 0 1 3004.DAT 
1 0 510 360 760 -1 0 0 0 -1 0 0 0 1 3004.DAT 
1 0 520 360 680 -1 0 0 0 -1 0 0 0 1 3005.dat 
1 81 520 360 780 -1 0 0 0 -1 0 0 0 1 3005.dat 
1 0 550 360 700 -1 0 0 0 -1 0 0 0 1 3004.DAT 
1 81 550 360 760 -1 0 0 0 -1 0 0 0 1 3004.DAT 
1 0 560 360 730 0 0 1 0 -1 0 1 0 0 3004.DAT 
1 0 620 360 590 0 0 1 0 -1 0 1 0 0 3004.DAT 
1 0 640 360 530 0 0 1 0 -1 0 1 0 0 3004.DAT 
1 0 640 360 570 0 0 1 0 -1 0 1 0 0 3004.DAT 
1 0 650 360 600 -1 0 0 0 -1 0 0 0 1 3004.DAT 
1 0 660 360 510 0 0 1 0 -1 0 1 0 0 3004.DAT 
1 0 660 360 550 0 0 1 0 -1 0 1 0 0 3004.DAT 
1 0 670 360 580 -1 0 0 0 -1 0 0 0 1 3004.DAT 
1 0 660 360 620 -1 0 0 0 -1 0 0 0 1 3005.dat 
1 0 690 360 510 0 0 1 0 -1 0 1 0 0 3001.DAT 
1 0 690 360 560 -1 0 0 0 -1 0 0 0 1 3004.DAT 
1 7 680 360 600 -1 0 0 0 -1 0 0 0 1 3005.dat 
1 0 710 360 580 -1 0 0 0 -1 0 0 0 1 3004.DAT 
1 0 720 360 470 0 0 1 0 -1 0 1 0 0 3004.DAT 
1 0 720 360 500 -1 0 0 0 -1 0 0 0 1 3005.dat 
1 0 720 360 550 0 0 1 0 -1 0 1 0 0 3004.DAT 
1 0 750 360 450 0 0 1 0 -1 0 1 0 0 3003.DAT 
1 0 740 360 480 -1 0 0 0 -1 0 0 0 1 3005.dat 
1 0 740 360 570 0 0 1 0 -1 0 1 0 0 3004.DAT 
1 0 790 360 590 1 0 0 0 -1 0 0 0 -1 3001.DAT 
1 0 790 360 430 0 0 1 0 -1 0 1 0 0 3003.DAT 
1 0 830 360 450 0 0 1 0 -1 0 1 0 0 3003.DAT 
1 0 840 360 590 0 0 1 0 -1 0 1 0 0 3004.DAT 
1 0 860 360 470 0 0 1 0 -1 0 1 0 0 3004.DAT 
1 0 860 360 570 0 0 1 0 -1 0 1 0 0 3004.DAT 
1 0 880 360 490 0 0 1 0 -1 0 1 0 0 3004.DAT 
1 0 880 360 530 0 0 1 0 -1 0 1 0 0 3004.DAT 
1 0 880 360 560 -1 0 0 0 -1 0 0 0 1 3005.dat 
1 0 910 360 750 0 0 1 0 -1 0 1 0 0 3003.DAT 
1 81 900 360 790 0 0 1 0 -1 0 1 0 0 3004.DAT 
1 0 920 360 810 0 0 1 0 -1 0 1 0 0 3004.DAT 
1 0 950 360 740 -1 0 0 0 -1 0 0 0 1 3004.DAT 
1 0 950 360 820 -1 0 0 0 -1 0 0 0 1 3004.DAT 
1 0 970 360 760 -1 0 0 0 -1 0 0 0 1 3004.DAT 
1 0 980 360 790 0 0 1 0 -1 0 1 0 0 3004.DAT 
1 81 980 360 820 -1 0 0 0 -1 0 0 0 1 3005.dat 
1 7 710 360 600 -1 0 0 0 -1 0 0 0 1 3004.DAT 
1 7 740 360 610 0 0 1 0 -1 0 1 0 0 3004.DAT 
1 7 760 360 620 -1 0 0 0 -1 0 0 0 1 3005.dat 
1 8 930 360 720 -1 0 0 0 -1 0 0 0 1 3004.DAT 
1 8 960 360 720 -1 0 0 0 -1 0 0 0 1 3005.dat 
1 8 980 360 740 -1 0 0 0 -1 0 0 0 1 3005.dat 
1 81 440 360 680 -1 0 0 0 -1 0 0 0 1 3005.dat 
1 81 440 360 780 -1 0 0 0 -1 0 0 0 1 3005.dat 
1 81 460 360 660 -1 0 0 0 -1 0 0 0 1 3005.dat 
1 81 470 360 800 -1 0 0 0 -1 0 0 0 1 3004.DAT 
1 81 510 360 640 -1 0 0 0 -1 0 0 0 1 3004.DAT 
1 81 500 360 800 -1 0 0 0 -1 0 0 0 1 3005.dat 
1 81 530 360 660 -1 0 0 0 -1 0 0 0 1 3004.DAT 
1 81 550 360 780 -1 0 0 0 -1 0 0 0 1 3004.DAT 
1 81 560 360 680 -1 0 0 0 -1 0 0 0 1 3005.dat 
1 81 580 360 730 0 0 1 0 -1 0 1 0 0 3004.DAT 
1 81 880 360 750 0 0 1 0 -1 0 1 0 0 3004.DAT 
1 81 880 360 780 -1 0 0 0 -1 0 0 0 1 3005.dat 
1 81 900 360 820 -1 0 0 0 -1 0 0 0 1 3005.dat 
1 81 920 360 780 -1 0 0 0 -1 0 0 0 1 3005.dat 
1 81 960 360 790 0 0 1 0 -1 0 1 0 0 3004.DAT 
1 81 980 360 720 -1 0 0 0 -1 0 0 0 1 3005.dat 
1 81 1000 360 750 0 0 1 0 -1 0 1 0 0 3004.DAT 
1 81 1000 360 790 0 0 1 0 -1 0 1 0 0 3004.DAT 
1 81 1020 360 770 0 0 1 0 -1 0 1 0 0 3004.DAT 
1 288 590 360 570 0 0 1 0 -1 0 1 0 0 3003.DAT 
1 288 590 360 600 -1 0 0 0 -1 0 0 0 1 3004.DAT 
1 288 610 360 630 0 0 1 0 -1 0 1 0 0 3003.DAT 
1 288 600 360 660 -1 0 0 0 -1 0 0 0 1 3005.dat 
1 288 620 360 560 -1 0 0 0 -1 0 0 0 1 3005.dat 
1 288 640 360 620 -1 0 0 0 -1 0 0 0 1 3005.dat 
1 288 870 360 610 0 0 1 0 -1 0 1 0 0 3003.DAT 
1 288 890 360 450 0 0 1 0 -1 0 1 0 0 3003.DAT 
1 288 910 360 480 -1 0 0 0 -1 0 0 0 1 3004.DAT 
1 288 910 360 590 0 0 1 0 -1 0 1 0 0 3003.DAT 
1 288 930 360 530 0 0 1 0 -1 0 1 0 0 3001.DAT 
0 STEP
1 81 420 384 710 0 0 1 0 -1 0 1 0 0 3004.DAT 
1 81 440 384 750 0 0 1 0 -1 0 1 0 0 3004.DAT 
1 0 600 384 590 0 0 1 0 -1 0 1 0 0 3004.DAT 
1 288 600 384 630 0 0 1 0 -1 0 1 0 0 3004.DAT 
1 288 610 384 660 -1 0 0 0 -1 0 0 0 1 3004.DAT 
1 0 630 384 550 0 0 1 0 -1 0 1 0 0 3001.DAT 
1 0 630 384 610 0 0 1 0 -1 0 1 0 0 3003.DAT 
1 0 630 384 640 -1 0 0 0 -1 0 0 0 1 3004.DAT 
1 0 640 384 490 0 0 1 0 -1 0 1 0 0 3004.DAT 
1 0 670 384 470 0 0 1 0 -1 0 1 0 0 3003.DAT 
1 0 660 384 610 0 0 1 0 -1 0 1 0 0 3004.DAT 
1 0 660 384 640 -1 0 0 0 -1 0 0 0 1 3005.dat 
1 0 690 384 600 -1 0 0 0 -1 0 0 0 1 3004.DAT 
1 0 710 384 450 0 0 1 0 -1 0 1 0 0 3003.DAT 
1 0 750 384 440 -1 0 0 0 -1 0 0 0 1 3004.DAT 
1 0 770 384 600 -1 0 0 0 -1 0 0 0 1 3004.DAT 
1 0 780 384 620 -1 0 0 0 -1 0 0 0 1 3005.dat 
1 0 810 384 600 -1 0 0 0 -1 0 0 0 1 3004.DAT 
1 0 820 384 450 0 0 1 0 -1 0 1 0 0 3004.DAT 
1 0 850 384 470 0 0 1 0 -1 0 1 0 0 3003.DAT 
1 0 840 384 600 -1 0 0 0 -1 0 0 0 1 3005.dat 
1 0 870 384 500 -1 0 0 0 -1 0 0 0 1 3004.DAT 
1 0 860 384 570 0 0 1 0 -1 0 1 0 0 3004.DAT 
1 0 880 384 530 0 0 1 0 -1 0 1 0 0 3004.DAT 
1 0 880 384 560 -1 0 0 0 -1 0 0 0 1 3005.dat 
1 0 900 384 750 0 0 1 0 -1 0 1 0 0 3004.DAT 
1 0 900 384 790 0 0 1 0 -1 0 1 0 0 3004.DAT 
1 0 910 384 820 -1 0 0 0 -1 0 0 0 1 3004.DAT 
1 0 930 384 730 0 0 1 0 -1 0 1 0 0 3003.DAT 
1 0 950 384 810 0 0 1 0 -1 0 1 0 0 3003.DAT 
1 0 960 384 730 0 0 1 0 -1 0 1 0 0 3004.DAT 
1 0 970 384 760 -1 0 0 0 -1 0 0 0 1 3004.DAT 
1 0 980 384 790 0 0 1 0 -1 0 1 0 0 3004.DAT 
1 2 760 384 410 0 0 1 0 -1 0 1 0 0 3004.DAT 
1 2 790 384 400 -1 0 0 0 -1 0 0 0 1 3004.DAT 
1 2 820 384 420 -1 0 0 0 -1 0 0 0 1 3005.dat 
1 7 710 384 620 -1 0 0 0 -1 0 0 0 1 3004.DAT 
1 7 750 384 620 -1 0 0 0 -1 0 0 0 1 3004.DAT 
1 8 980 384 740 -1 0 0 0 -1 0 0 0 1 3005.dat 
1 81 440 384 680 -1 0 0 0 -1 0 0 0 1 3005.dat 
1 81 440 384 780 -1 0 0 0 -1 0 0 0 1 3005.dat 
1 81 470 384 660 -1 0 0 0 -1 0 0 0 1 3004.DAT 
1 81 470 384 800 -1 0 0 0 -1 0 0 0 1 3004.DAT 
1 81 510 384 640 -1 0 0 0 -1 0 0 0 1 3004.DAT 
1 81 510 384 800 -1 0 0 0 -1 0 0 0 1 3004.DAT 
1 81 530 384 660 -1 0 0 0 -1 0 0 0 1 3004.DAT 
1 81 540 384 800 -1 0 0 0 -1 0 0 0 1 3005.dat 
1 81 560 384 670 0 0 1 0 -1 0 1 0 0 3004.DAT 
1 81 570 384 700 -1 0 0 0 -1 0 0 0 1 3004.DAT 
1 81 560 384 780 -1 0 0 0 -1 0 0 0 1 3005.dat 
1 81 580 384 730 0 0 1 0 -1 0 1 0 0 3004.DAT 
1 81 580 384 760 -1 0 0 0 -1 0 0 0 1 3005.dat 
1 81 880 384 770 0 0 1 0 -1 0 1 0 0 3004.DAT 
1 81 920 384 800 -1 0 0 0 -1 0 0 0 1 3005.dat 
1 81 1000 384 750 0 0 1 0 -1 0 1 0 0 3004.DAT 
1 81 1000 384 790 0 0 1 0 -1 0 1 0 0 3004.DAT 
1 288 570 384 550 0 0 1 0 -1 0 1 0 0 3001.DAT 
1 288 570 384 600 -1 0 0 0 -1 0 0 0 1 3004.DAT 
1 288 580 384 620 -1 0 0 0 -1 0 0 0 1 3005.dat 
1 288 590 384 680 -1 0 0 0 -1 0 0 0 1 3004.DAT 
1 288 600 384 560 -1 0 0 0 -1 0 0 0 1 3005.dat 
1 288 600 384 710 0 0 1 0 -1 0 1 0 0 3004.DAT 
1 288 630 384 680 -1 0 0 0 -1 0 0 0 1 3004.DAT 
1 288 640 384 660 -1 0 0 0 -1 0 0 0 1 3005.dat 
1 288 860 384 610 0 0 1 0 -1 0 1 0 0 3004.DAT 
1 288 890 384 460 -1 0 0 0 -1 0 0 0 1 3004.DAT 
1 288 880 384 590 0 0 1 0 -1 0 1 0 0 3004.DAT 
1 288 910 384 480 -1 0 0 0 -1 0 0 0 1 3004.DAT 
1 288 900 384 530 0 0 1 0 -1 0 1 0 0 3004.DAT 
1 288 900 384 570 0 0 1 0 -1 0 1 0 0 3004.DAT 
1 288 900 384 600 -1 0 0 0 -1 0 0 0 1 3005.dat 
1 288 920 384 510 0 0 1 0 -1 0 1 0 0 3004.DAT 
1 288 920 384 550 0 0 1 0 -1 0 1 0 0 3004.DAT 
1 288 920 384 580 -1 0 0 0 -1 0 0 0 1 3005.dat 
1 288 940 384 530 0 0 1 0 -1 0 1 0 0 3004.DAT 
1 288 940 384 560 -1 0 0 0 -1 0 0 0 1 3005.dat 
0 STEP
1 81 420 408 710 0 0 1 0 -1 0 1 0 0 3004.DAT 
1 81 440 408 750 0 0 1 0 -1 0 1 0 0 3004.DAT 
1 0 570 408 630 0 0 1 0 -1 0 1 0 0 3003.DAT 
1 0 570 408 660 -1 0 0 0 -1 0 0 0 1 3004.DAT 
1 0 580 408 710 0 0 1 0 -1 0 1 0 0 3004.DAT 
1 0 600 408 510 0 0 1 0 -1 0 1 0 0 3004.DAT 
1 0 600 408 550 0 0 1 0 -1 0 1 0 0 3004.DAT 
1 0 610 408 670 0 0 1 0 -1 0 1 0 0 3003.DAT 
1 0 620 408 490 0 0 1 0 -1 0 1 0 0 3004.DAT 
1 0 620 408 520 -1 0 0 0 -1 0 0 0 1 3005.dat 
1 0 650 408 470 0 0 1 0 -1 0 1 0 0 3003.DAT 
1 0 640 408 500 -1 0 0 0 -1 0 0 0 1 3005.dat 
1 0 640 408 670 0 0 1 0 -1 0 1 0 0 3004.DAT 
1 0 660 408 630 0 0 1 0 -1 0 1 0 0 3004.DAT 
1 0 660 408 660 -1 0 0 0 -1 0 0 0 1 3005.dat 
1 0 680 408 450 0 0 1 0 -1 0 1 0 0 3004.DAT 
1 0 680 408 620 -1 0 0 0 -1 0 0 0 1 3005.dat 
1 0 710 408 440 -1 0 0 0 -1 0 0 0 1 3004.DAT 
1 0 740 408 430 0 0 1 0 -1 0 1 0 0 3004.DAT 
1 7 740 408 610 0 0 1 0 -1 0 1 0 0 3004.DAT 
1 7 770 408 620 -1 0 0 0 -1 0 0 0 1 3004.DAT 
1 0 790 408 420 -1 0 0 0 -1 0 0 0 1 3004.DAT 
1 0 810 408 620 -1 0 0 0 -1 0 0 0 1 3004.DAT 
1 2 820 408 420 -1 0 0 0 -1 0 0 0 1 3005.dat 
1 0 830 408 600 -1 0 0 0 -1 0 0 0 1 3004.DAT 
1 0 870 408 480 -1 0 0 0 -1 0 0 0 1 3004.DAT 
1 0 860 408 570 0 0 1 0 -1 0 1 0 0 3004.DAT 
1 0 860 408 600 -1 0 0 0 -1 0 0 0 1 3005.dat 
1 0 880 408 510 0 0 1 0 -1 0 1 0 0 3004.DAT 
1 0 880 408 550 0 0 1 0 -1 0 1 0 0 3004.DAT 
1 0 890 408 790 0 0 1 0 -1 0 1 0 0 3003.DAT 
1 0 890 408 820 -1 0 0 0 -1 0 0 0 1 3004.DAT 
1 0 900 408 750 0 0 1 0 -1 0 1 0 0 3004.DAT 
1 0 900 408 840 -1 0 0 0 -1 0 0 0 1 3005.dat 
1 0 920 408 730 0 0 1 0 -1 0 1 0 0 3004.DAT 
1 0 930 408 820 -1 0 0 0 -1 0 0 0 1 3004.DAT 
1 0 940 408 720 -1 0 0 0 -1 0 0 0 1 3005.dat 
1 0 950 408 800 -1 0 0 0 -1 0 0 0 1 3004.DAT 
1 0 960 408 750 0 0 1 0 -1 0 1 0 0 3004.DAT 
1 0 970 408 780 -1 0 0 0 -1 0 0 0 1 3004.DAT 
1 0 960 408 820 -1 0 0 0 -1 0 0 0 1 3005.dat 
1 0 980 408 760 -1 0 0 0 -1 0 0 0 1 3005.dat 
1 2 730 408 400 -1 0 0 0 -1 0 0 0 1 3004.DAT 
1 2 760 408 410 0 0 1 0 -1 0 1 0 0 3004.DAT 
1 2 790 408 400 -1 0 0 0 -1 0 0 0 1 3004.DAT 
1 2 840 408 430 0 0 1 0 -1 0 1 0 0 3004.DAT 
1 2 860 408 440 -1 0 0 0 -1 0 0 0 1 3005.dat 
1 7 710 408 620 -1 0 0 0 -1 0 0 0 1 3004.DAT 
1 81 440 408 680 -1 0 0 0 -1 0 0 0 1 3005.dat 
1 81 440 408 780 -1 0 0 0 -1 0 0 0 1 3005.dat 
1 81 470 408 660 -1 0 0 0 -1 0 0 0 1 3004.DAT 
1 81 460 408 800 -1 0 0 0 -1 0 0 0 1 3005.dat 
1 81 490 408 820 -1 0 0 0 -1 0 0 0 1 3004.DAT 
1 81 510 408 650 0 0 1 0 -1 0 1 0 0 3003.DAT 
1 81 530 408 680 -1 0 0 0 -1 0 0 0 1 3004.DAT 
1 81 520 408 810 0 0 1 0 -1 0 1 0 0 3004.DAT 
1 81 540 408 660 -1 0 0 0 -1 0 0 0 1 3005.dat 
1 81 540 408 760 -1 0 0 0 -1 0 0 0 1 3005.dat 
1 81 540 408 800 -1 0 0 0 -1 0 0 0 1 3005.dat 
1 81 560 408 690 0 0 1 0 -1 0 1 0 0 3004.DAT 
1 81 560 408 780 -1 0 0 0 -1 0 0 0 1 3005.dat 
1 81 580 408 750 0 0 1 0 -1 0 1 0 0 3004.DAT 
1 81 1000 408 770 0 0 1 0 -1 0 1 0 0 3004.DAT 
1 288 540 408 610 0 0 1 0 -1 0 1 0 0 3004.DAT 
1 288 560 408 490 0 0 1 0 -1 0 1 0 0 3004.DAT 
1 288 560 408 530 0 0 1 0 -1 0 1 0 0 3004.DAT 
1 288 560 408 570 0 0 1 0 -1 0 1 0 0 3004.DAT 
1 288 560 408 600 -1 0 0 0 -1 0 0 0 1 3005.dat 
1 288 580 408 470 0 0 1 0 -1 0 1 0 0 3004.DAT 
1 288 580 408 510 0 0 1 0 -1 0 1 0 0 3004.DAT 
1 288 580 408 680 -1 0 0 0 -1 0 0 0 1 3005.dat 
1 288 610 408 710 0 0 1 0 -1 0 1 0 0 3003.DAT 
1 288 640 408 710 0 0 1 0 -1 0 1 0 0 3004.DAT 
1 288 660 408 690 0 0 1 0 -1 0 1 0 0 3004.DAT 
1 288 680 408 660 -1 0 0 0 -1 0 0 0 1 3005.dat 
1 288 900 408 490 0 0 1 0 -1 0 1 0 0 3004.DAT 
1 288 900 408 530 0 0 1 0 -1 0 1 0 0 3004.DAT 
1 288 910 408 560 -1 0 0 0 -1 0 0 0 1 3004.DAT 
1 288 920 408 510 0 0 1 0 -1 0 1 0 0 3004.DAT 
1 288 920 408 540 -1 0 0 0 -1 0 0 0 1 3005.dat 
0 STEP
1 81 420 432 730 0 0 1 0 -1 0 1 0 0 3004.DAT 
1 81 450 432 760 -1 0 0 0 -1 0 0 0 1 3004.DAT 
1 81 490 432 800 -1 0 0 0 -1 0 0 0 1 3004.DAT 
1 0 530 432 800 -1 0 0 0 -1 0 0 0 1 3004.DAT 
1 0 550 432 780 -1 0 0 0 -1 0 0 0 1 3004.DAT 
1 0 560 432 760 -1 0 0 0 -1 0 0 0 1 3005.dat 
1 0 590 432 530 0 0 1 0 -1 0 1 0 0 3003.DAT 
1 0 600 432 490 0 0 1 0 -1 0 1 0 0 3004.DAT 
1 0 610 432 690 0 0 1 0 -1 0 1 0 0 3003.DAT 
1 0 600 432 720 -1 0 0 0 -1 0 0 0 1 3005.dat 
1 0 620 432 470 0 0 1 0 -1 0 1 0 0 3004.DAT 
1 0 620 432 500 -1 0 0 0 -1 0 0 0 1 3005.dat 
1 0 650 432 460 -1 0 0 0 -1 0 0 0 1 3004.DAT 
1 0 640 432 680 -1 0 0 0 -1 0 0 0 1 3005.dat 
1 0 660 432 650 0 0 1 0 -1 0 1 0 0 3004.DAT 
1 0 680 432 450 0 0 1 0 -1 0 1 0 0 3004.DAT 
1 0 680 432 630 0 0 1 0 -1 0 1 0 0 3004.DAT 
1 0 710 432 440 -1 0 0 0 -1 0 0 0 1 3004.DAT 
1 7 710 432 620 -1 0 0 0 -1 0 0 0 1 3004.DAT 
1 0 730 432 420 -1 0 0 0 -1 0 0 0 1 3004.DAT 
1 0 720 432 600 -1 0 0 0 -1 0 0 0 1 3005.dat 
1 0 750 432 440 -1 0 0 0 -1 0 0 0 1 3004.DAT 
1 0 750 432 620 -1 0 0 0 -1 0 0 0 1 3004.DAT 
1 0 770 432 420 -1 0 0 0 -1 0 0 0 1 3004.DAT 
1 0 780 432 450 0 0 1 0 -1 0 1 0 0 3004.DAT 
1 0 790 432 620 -1 0 0 0 -1 0 0 0 1 3004.DAT 
1 0 800 432 430 0 0 1 0 -1 0 1 0 0 3004.DAT 
1 0 820 432 440 -1 0 0 0 -1 0 0 0 1 3005.dat 
1 0 830 432 620 -1 0 0 0 -1 0 0 0 1 3004.DAT 
1 0 840 432 460 -1 0 0 0 -1 0 0 0 1 3005.dat 
1 0 850 432 600 -1 0 0 0 -1 0 0 0 1 3004.DAT 
1 0 870 432 480 -1 0 0 0 -1 0 0 0 1 3004.DAT 
1 0 870 432 580 -1 0 0 0 -1 0 0 0 1 3004.DAT 
1 0 880 432 510 0 0 1 0 -1 0 1 0 0 3004.DAT 
1 0 880 432 550 0 0 1 0 -1 0 1 0 0 3004.DAT 
1 0 880 432 790 0 0 1 0 -1 0 1 0 0 3004.DAT 
1 0 890 432 820 -1 0 0 0 -1 0 0 0 1 3004.DAT 
1 0 900 432 750 0 0 1 0 -1 0 1 0 0 3004.DAT 
1 0 900 432 780 -1 0 0 0 -1 0 0 0 1 3005.dat 
1 0 910 432 840 -1 0 0 0 -1 0 0 0 1 3004.DAT 
1 0 930 432 730 0 0 1 0 -1 0 1 0 0 3003.DAT 
1 0 930 432 820 -1 0 0 0 -1 0 0 0 1 3004.DAT 
1 0 950 432 800 -1 0 0 0 -1 0 0 0 1 3004.DAT 
1 0 960 432 750 0 0 1 0 -1 0 1 0 0 3004.DAT 
1 0 970 432 780 -1 0 0 0 -1 0 0 0 1 3004.DAT 
1 0 980 432 760 -1 0 0 0 -1 0 0 0 1 3005.dat 
1 2 730 432 400 -1 0 0 0 -1 0 0 0 1 3004.DAT 
1 2 770 432 400 -1 0 0 0 -1 0 0 0 1 3004.DAT 
1 2 810 432 400 -1 0 0 0 -1 0 0 0 1 3004.DAT 
1 2 840 432 410 0 0 1 0 -1 0 1 0 0 3004.DAT 
1 2 850 432 440 -1 0 0 0 -1 0 0 0 1 3004.DAT 
1 2 860 432 460 -1 0 0 0 -1 0 0 0 1 3005.dat 
1 7 750 432 640 -1 0 0 0 -1 0 0 0 1 3004.DAT 
1 7 790 432 640 -1 0 0 0 -1 0 0 0 1 3004.DAT 
1 81 440 432 690 0 0 1 0 -1 0 1 0 0 3004.DAT 
1 81 440 432 790 0 0 1 0 -1 0 1 0 0 3004.DAT 
1 81 470 432 670 0 0 1 0 -1 0 1 0 0 3003.DAT 
1 81 460 432 740 -1 0 0 0 -1 0 0 0 1 3005.dat 
1 81 460 432 800 -1 0 0 0 -1 0 0 0 1 3005.dat 
1 81 500 432 670 0 0 1 0 -1 0 1 0 0 3004.DAT 
1 81 510 432 820 -1 0 0 0 -1 0 0 0 1 3004.DAT 
1 81 520 432 660 -1 0 0 0 -1 0 0 0 1 3005.dat 
1 81 580 432 770 0 0 1 0 -1 0 1 0 0 3004.DAT 
1 288 540 432 570 0 0 1 0 -1 0 1 0 0 3004.DAT 
1 288 540 432 610 0 0 1 0 -1 0 1 0 0 3004.DAT 
1 288 540 432 640 -1 0 0 0 -1 0 0 0 1 3005.dat 
1 288 560 432 470 0 0 1 0 -1 0 1 0 0 3004.DAT 
1 288 560 432 510 0 0 1 0 -1 0 1 0 0 3004.DAT 
1 288 560 432 550 0 0 1 0 -1 0 1 0 0 3004.DAT 
1 288 560 432 580 -1 0 0 0 -1 0 0 0 1 3005.dat 
1 288 590 432 450 0 0 1 0 -1 0 1 0 0 3003.DAT 
1 288 610 432 740 -1 0 0 0 -1 0 0 0 1 3004.DAT 
1 288 630 432 720 -1 0 0 0 -1 0 0 0 1 3004.DAT 
1 288 650 432 700 -1 0 0 0 -1 0 0 0 1 3004.DAT 
1 288 680 432 670 0 0 1 0 -1 0 1 0 0 3004.DAT 
0 STEP
1 0 490 456 800 -1 0 0 0 -1 0 0 0 1 3004.DAT 
1 0 520 456 690 0 0 1 0 -1 0 1 0 0 3004.DAT 
1 0 520 456 810 0 0 1 0 -1 0 1 0 0 3004.DAT 
1 288 550 456 630 0 0 1 0 -1 0 1 0 0 3003.DAT 
1 0 540 456 670 0 0 1 0 -1 0 1 0 0 3004.DAT 
1 0 540 456 750 0 0 1 0 -1 0 1 0 0 3004.DAT 
1 0 540 456 790 0 0 1 0 -1 0 1 0 0 3004.DAT 
1 0 560 456 590 0 0 1 0 -1 0 1 0 0 3004.DAT 
1 0 560 456 770 0 0 1 0 -1 0 1 0 0 3004.DAT 
1 0 560 456 800 -1 0 0 0 -1 0 0 0 1 3005.dat 
1 0 580 456 510 0 0 1 0 -1 0 1 0 0 3004.DAT 
1 0 580 456 550 0 0 1 0 -1 0 1 0 0 3004.DAT 
1 0 580 456 750 0 0 1 0 -1 0 1 0 0 3004.DAT 
1 0 600 456 490 0 0 1 0 -1 0 1 0 0 3004.DAT 
1 0 600 456 520 -1 0 0 0 -1 0 0 0 1 3005.dat 
1 0 600 456 710 0 0 1 0 -1 0 1 0 0 3004.DAT 
1 0 600 456 740 -1 0 0 0 -1 0 0 0 1 3005.dat 
1 0 630 456 470 0 0 1 0 -1 0 1 0 0 3003.DAT 
1 0 620 456 500 -1 0 0 0 -1 0 0 0 1 3005.dat 
1 0 630 456 690 0 0 1 0 -1 0 1 0 0 3003.DAT 
1 0 620 456 720 -1 0 0 0 -1 0 0 0 1 3005.dat 
1 0 670 456 460 -1 0 0 0 -1 0 0 0 1 3004.DAT 
1 0 670 456 660 -1 0 0 0 -1 0 0 0 1 3004.DAT 
1 0 690 456 440 -1 0 0 0 -1 0 0 0 1 3004.DAT 
1 0 680 456 640 -1 0 0 0 -1 0 0 0 1 3005.dat 
1 0 710 456 620 -1 0 0 0 -1 0 0 0 1 3004.DAT 
1 0 730 456 430 0 0 1 0 -1 0 1 0 0 3003.DAT 
1 0 750 456 620 -1 0 0 0 -1 0 0 0 1 3004.DAT 
1 0 760 456 430 0 0 1 0 -1 0 1 0 0 3004.DAT 
1 0 770 456 640 -1 0 0 0 -1 0 0 0 1 3004.DAT 
1 0 810 456 450 1 0 0 0 -1 0 0 0 -1 3001.DAT 
1 0 810 456 630 0 0 1 0 -1 0 1 0 0 3003.DAT 
1 0 850 456 620 -1 0 0 0 -1 0 0 0 1 3004.DAT 
1 0 860 456 470 0 0 1 0 -1 0 1 0 0 3004.DAT 
1 0 860 456 600 -1 0 0 0 -1 0 0 0 1 3005.dat 
1 0 880 456 490 0 0 1 0 -1 0 1 0 0 3004.DAT 
1 0 880 456 530 0 0 1 0 -1 0 1 0 0 3004.DAT 
1 0 880 456 570 0 0 1 0 -1 0 1 0 0 3004.DAT 
1 0 880 456 790 0 0 1 0 -1 0 1 0 0 3004.DAT 
1 0 890 456 820 -1 0 0 0 -1 0 0 0 1 3004.DAT 
1 0 900 456 750 0 0 1 0 -1 0 1 0 0 3004.DAT 
1 0 920 456 710 0 0 1 0 -1 0 1 0 0 3004.DAT 
1 0 930 456 740 -1 0 0 0 -1 0 0 0 1 3004.DAT 
1 0 930 456 820 -1 0 0 0 -1 0 0 0 1 3004.DAT 
1 0 950 456 720 -1 0 0 0 -1 0 0 0 1 3004.DAT 
1 0 950 456 800 -1 0 0 0 -1 0 0 0 1 3004.DAT 
1 0 960 456 750 0 0 1 0 -1 0 1 0 0 3004.DAT 
1 0 960 456 780 -1 0 0 0 -1 0 0 0 1 3005.dat 
1 2 730 456 400 -1 0 0 0 -1 0 0 0 1 3004.DAT 
1 2 770 456 400 -1 0 0 0 -1 0 0 0 1 3004.DAT 
1 2 810 456 400 -1 0 0 0 -1 0 0 0 1 3004.DAT 
1 2 840 456 420 -1 0 0 0 -1 0 0 0 1 3005.dat 
1 2 860 456 440 -1 0 0 0 -1 0 0 0 1 3005.dat 
1 7 710 456 640 -1 0 0 0 -1 0 0 0 1 3004.DAT 
1 7 730 456 660 -1 0 0 0 -1 0 0 0 1 3004.DAT 
1 7 740 456 640 -1 0 0 0 -1 0 0 0 1 3005.dat 
1 7 770 456 660 -1 0 0 0 -1 0 0 0 1 3004.DAT 
1 7 810 456 660 -1 0 0 0 -1 0 0 0 1 3004.DAT 
1 81 440 456 710 0 0 1 0 -1 0 1 0 0 3004.DAT 
1 81 440 456 750 0 0 1 0 -1 0 1 0 0 3004.DAT 
1 81 440 456 780 -1 0 0 0 -1 0 0 0 1 3005.dat 
1 81 460 456 690 0 0 1 0 -1 0 1 0 0 3004.DAT 
1 81 460 456 800 -1 0 0 0 -1 0 0 0 1 3005.dat 
1 81 490 456 670 0 0 1 0 -1 0 1 0 0 3003.DAT 
1 81 480 456 700 -1 0 0 0 -1 0 0 0 1 3005.dat 
1 81 570 456 720 -1 0 0 0 -1 0 0 0 1 3004.DAT 
1 288 520 456 650 0 0 1 0 -1 0 1 0 0 3004.DAT 
1 288 540 456 550 0 0 1 0 -1 0 1 0 0 3004.DAT 
1 288 540 456 590 0 0 1 0 -1 0 1 0 0 3004.DAT 
1 288 560 456 470 0 0 1 0 -1 0 1 0 0 3004.DAT 
1 288 560 456 510 0 0 1 0 -1 0 1 0 0 3004.DAT 
1 288 560 456 540 -1 0 0 0 -1 0 0 0 1 3005.dat 
1 288 580 456 450 0 0 1 0 -1 0 1 0 0 3004.DAT 
1 288 580 456 480 -1 0 0 0 -1 0 0 0 1 3005.dat 
1 288 600 456 460 -1 0 0 0 -1 0 0 0 1 3005.dat 
1 288 640 456 720 -1 0 0 0 -1 0 0 0 1 3005.dat 
1 288 660 456 640 -1 0 0 0 -1 0 0 0 1 3005.dat 
1 288 660 456 690 0 0 1 0 -1 0 1 0 0 3004.DAT 
1 288 700 456 660 -1 0 0 0 -1 0 0 0 1 3005.dat 
1 496 10 456 1140 -1 0 0 0 -1 0 0 0 1 3004.DAT 
1 496 30 456 1120 -1 0 0 0 -1 0 0 0 1 3004.DAT 
1 496 20 456 1160 -1 0 0 0 -1 0 0 0 1 3005.dat 
1 496 50 456 1100 -1 0 0 0 -1 0 0 0 1 3004.DAT 
1 496 50 456 1140 -1 0 0 0 -1 0 0 0 1 3004.DAT 
1 496 70 456 1080 -1 0 0 0 -1 0 0 0 1 3004.DAT 
1 496 60 456 1120 -1 0 0 0 -1 0 0 0 1 3005.dat 
1 496 80 456 1060 -1 0 0 0 -1 0 0 0 1 3005.dat 
1 496 80 456 1100 -1 0 0 0 -1 0 0 0 1 3005.dat 
0 STEP
1 0 470 480 750 0 0 1 0 -1 0 1 0 0 3003.DAT 
1 0 490 480 790 0 0 1 0 -1 0 1 0 0 3003.DAT 
1 0 500 480 710 0 0 1 0 -1 0 1 0 0 3004.DAT 
1 0 500 480 750 0 0 1 0 -1 0 1 0 0 3004.DAT 
1 0 510 480 820 -1 0 0 0 -1 0 0 0 1 3004.DAT 
1 0 520 480 670 0 0 1 0 -1 0 1 0 0 3004.DAT 
1 0 530 480 800 -1 0 0 0 -1 0 0 0 1 3004.DAT 
1 0 540 480 610 0 0 1 0 -1 0 1 0 0 3004.DAT 
1 0 540 480 650 0 0 1 0 -1 0 1 0 0 3004.DAT 
1 0 540 480 820 -1 0 0 0 -1 0 0 0 1 3005.dat 
1 0 560 480 570 0 0 1 0 -1 0 1 0 0 3004.DAT 
1 0 560 480 770 0 0 1 0 -1 0 1 0 0 3004.DAT 
1 0 560 480 800 -1 0 0 0 -1 0 0 0 1 3005.dat 
1 0 580 480 530 0 0 1 0 -1 0 1 0 0 3004.DAT 
1 0 580 480 750 0 0 1 0 -1 0 1 0 0 3004.DAT 
1 0 600 480 510 0 0 1 0 -1 0 1 0 0 3004.DAT 
1 0 600 480 730 0 0 1 0 -1 0 1 0 0 3004.DAT 
1 0 620 480 490 0 0 1 0 -1 0 1 0 0 3004.DAT 
1 0 620 480 690 0 0 1 0 -1 0 1 0 0 3004.DAT 
1 0 620 480 720 -1 0 0 0 -1 0 0 0 1 3005.dat 
1 0 640 480 470 0 0 1 0 -1 0 1 0 0 3004.DAT 
1 0 650 480 680 -1 0 0 0 -1 0 0 0 1 3004.DAT 
1 0 670 480 450 0 0 1 0 -1 0 1 0 0 3003.DAT 
1 0 660 480 650 0 0 1 0 -1 0 1 0 0 3004.DAT 
1 0 680 480 630 0 0 1 0 -1 0 1 0 0 3004.DAT 
1 0 680 480 660 -1 0 0 0 -1 0 0 0 1 3005.dat 
1 0 710 480 440 -1 0 0 0 -1 0 0 0 1 3004.DAT 
1 0 730 480 420 -1 0 0 0 -1 0 0 0 1 3004.DAT 
1 0 730 480 620 -1 0 0 0 -1 0 0 0 1 3004.DAT 
1 0 750 480 440 -1 0 0 0 -1 0 0 0 1 3004.DAT 
1 0 750 480 640 -1 0 0 0 -1 0 0 0 1 3004.DAT 
1 0 790 480 440 -1 0 0 0 -1 0 0 0 1 3004.DAT 
1 0 790 480 640 -1 0 0 0 -1 0 0 0 1 3004.DAT 
1 0 830 480 450 0 0 1 0 -1 0 1 0 0 3003.DAT 
1 0 830 480 640 -1 0 0 0 -1 0 0 0 1 3004.DAT 
1 0 850 480 620 -1 0 0 0 -1 0 0 0 1 3004.DAT 
1 0 860 480 470 0 0 1 0 -1 0 1 0 0 3004.DAT 
1 0 870 480 500 -1 0 0 0 -1 0 0 0 1 3004.DAT 
1 0 870 480 600 -1 0 0 0 -1 0 0 0 1 3004.DAT 
1 0 890 480 520 -1 0 0 0 -1 0 0 0 1 3004.DAT 
1 0 880 480 570 0 0 1 0 -1 0 1 0 0 3004.DAT 
1 0 880 480 730 0 0 1 0 -1 0 1 0 0 3004.DAT 
1 0 880 480 770 0 0 1 0 -1 0 1 0 0 3004.DAT 
1 0 890 480 810 0 0 1 0 -1 0 1 0 0 3003.DAT 
1 0 900 480 550 0 0 1 0 -1 0 1 0 0 3004.DAT 
1 0 930 480 710 1 0 0 0 -1 0 0 0 -1 3001.DAT 
1 0 900 480 740 -1 0 0 0 -1 0 0 0 1 3005.dat 
1 0 930 480 820 -1 0 0 0 -1 0 0 0 1 3004.DAT 
1 0 950 480 740 -1 0 0 0 -1 0 0 0 1 3004.DAT 
1 0 950 480 800 -1 0 0 0 -1 0 0 0 1 3004.DAT 
1 0 960 480 770 0 0 1 0 -1 0 1 0 0 3004.DAT 
1 2 700 480 410 0 0 1 0 -1 0 1 0 0 3004.DAT 
1 2 730 480 400 -1 0 0 0 -1 0 0 0 1 3004.DAT 
1 2 770 480 400 -1 0 0 0 -1 0 0 0 1 3004.DAT 
1 2 810 480 400 -1 0 0 0 -1 0 0 0 1 3004.DAT 
1 2 830 480 420 -1 0 0 0 -1 0 0 0 1 3004.DAT 
1 2 860 480 440 -1 0 0 0 -1 0 0 0 1 3005.dat 
1 7 710 480 650 0 0 1 0 -1 0 1 0 0 3003.DAT 
1 7 750 480 670 0 0 1 0 -1 0 1 0 0 3003.DAT 
1 7 780 480 620 -1 0 0 0 -1 0 0 0 1 3005.dat 
1 7 790 480 660 -1 0 0 0 -1 0 0 0 1 3004.DAT 
1 7 820 480 660 -1 0 0 0 -1 0 0 0 1 3005.dat 
1 81 440 480 730 0 0 1 0 -1 0 1 0 0 3004.DAT 
1 81 460 480 690 0 0 1 0 -1 0 1 0 0 3004.DAT 
1 81 460 480 720 -1 0 0 0 -1 0 0 0 1 3005.dat 
1 81 490 480 680 -1 0 0 0 -1 0 0 0 1 3004.DAT 
1 81 560 480 740 -1 0 0 0 -1 0 0 0 1 3005.dat 
1 288 980 480 750 0 0 1 0 -1 0 1 0 0 3004.DAT 
1 288 980 480 780 -1 0 0 0 -1 0 0 0 1 3005.dat 
1 288 520 480 610 0 0 1 0 -1 0 1 0 0 3004.DAT 
1 288 520 480 640 -1 0 0 0 -1 0 0 0 1 3005.dat 
1 288 540 480 570 0 0 1 0 -1 0 1 0 0 3004.DAT 
1 288 560 480 470 0 0 1 0 -1 0 1 0 0 3004.DAT 
1 288 560 480 510 0 0 1 0 -1 0 1 0 0 3004.DAT 
1 288 560 480 540 -1 0 0 0 -1 0 0 0 1 3005.dat 
1 288 580 480 450 0 0 1 0 -1 0 1 0 0 3004.DAT 
1 288 610 480 440 -1 0 0 0 -1 0 0 0 1 3004.DAT 
1 288 620 480 460 -1 0 0 0 -1 0 0 0 1 3005.dat 
1 288 650 480 710 0 0 1 0 -1 0 1 0 0 3003.DAT 
1 496 0 480 1150 0 0 1 0 -1 0 1 0 0 3004.DAT 
1 496 30 480 1060 -1 0 0 0 -1 0 0 0 1 3004.DAT 
1 496 30 480 1130 0 0 1 0 -1 0 1 0 0 3003.DAT 
1 496 20 480 1160 -1 0 0 0 -1 0 0 0 1 3005.dat 
1 496 50 480 1040 -1 0 0 0 -1 0 0 0 1 3004.DAT 
1 496 40 480 1090 0 0 1 0 -1 0 1 0 0 3004.DAT 
1 496 70 480 1020 -1 0 0 0 -1 0 0 0 1 3004.DAT 
1 496 60 480 1070 0 0 1 0 -1 0 1 0 0 3004.DAT 
1 496 60 480 1110 0 0 1 0 -1 0 1 0 0 3004.DAT 
1 496 70 480 1140 -1 0 0 0 -1 0 0 0 1 3004.DAT 
1 496 90 480 1000 -1 0 0 0 -1 0 0 0 1 3004.DAT 
1 496 80 480 1050 0 0 1 0 -1 0 1 0 0 3004.DAT 
1 496 80 480 1090 0 0 1 0 -1 0 1 0 0 3004.DAT 
1 496 90 480 1120 -1 0 0 0 -1 0 0 0 1 3004.DAT 
1 496 100 480 1030 0 0 1 0 -1 0 1 0 0 3004.DAT 
1 496 100 480 1070 0 0 1 0 -1 0 1 0 0 3004.DAT 
1 496 110 480 1100 -1 0 0 0 -1 0 0 0 1 3004.DAT 
1 496 120 480 1050 0 0 1 0 -1 0 1 0 0 3004.DAT 
1 496 130 480 1080 -1 0 0 0 -1 0 0 0 1 3004.DAT 
1 496 120 480 1120 -1 0 0 0 -1 0 0 0 1 3005.dat 
1 496 140 480 1060 -1 0 0 0 -1 0 0 0 1 3005.dat 
0 STEP
1 0 480 504 750 0 0 1 0 -1 0 1 0 0 3004.DAT 
1 0 480 504 790 0 0 1 0 -1 0 1 0 0 3004.DAT 
1 0 500 504 710 0 0 1 0 -1 0 1 0 0 3004.DAT 
1 0 500 504 740 -1 0 0 0 -1 0 0 0 1 3005.dat 
1 0 510 504 810 0 0 1 0 -1 0 1 0 0 3003.DAT 
1 0 520 504 670 0 0 1 0 -1 0 1 0 0 3004.DAT 
1 0 520 504 700 -1 0 0 0 -1 0 0 0 1 3005.dat 
1 288 540 504 610 0 0 1 0 -1 0 1 0 0 3004.DAT 
1 0 540 504 650 0 0 1 0 -1 0 1 0 0 3004.DAT 
1 496 550 504 820 -1 0 0 0 -1 0 0 0 1 3004.DAT 
1 0 560 504 570 0 0 1 0 -1 0 1 0 0 3004.DAT 
1 0 560 504 790 0 0 1 0 -1 0 1 0 0 3004.DAT 
1 0 590 504 530 0 0 1 0 -1 0 1 0 0 3003.DAT 
1 0 580 504 770 0 0 1 0 -1 0 1 0 0 3004.DAT 
1 0 600 504 750 0 0 1 0 -1 0 1 0 0 3004.DAT 
1 0 620 504 710 0 0 1 0 -1 0 1 0 0 3004.DAT 
1 0 620 504 740 -1 0 0 0 -1 0 0 0 1 3005.dat 
1 0 650 504 470 0 0 1 0 -1 0 1 0 0 3003.DAT 
1 0 680 504 450 0 0 1 0 -1 0 1 0 0 3004.DAT 
1 0 710 504 440 -1 0 0 0 -1 0 0 0 1 3004.DAT 
1 0 720 504 420 -1 0 0 0 -1 0 0 0 1 3005.dat 
1 0 720 504 630 0 0 1 0 -1 0 1 0 0 3004.DAT 
1 0 750 504 440 -1 0 0 0 -1 0 0 0 1 3004.DAT 
1 0 750 504 640 -1 0 0 0 -1 0 0 0 1 3004.DAT 
1 0 790 504 440 -1 0 0 0 -1 0 0 0 1 3004.DAT 
1 0 790 504 650 0 0 1 0 -1 0 1 0 0 3003.DAT 
1 0 830 504 440 -1 0 0 0 -1 0 0 0 1 3004.DAT 
1 0 820 504 650 0 0 1 0 -1 0 1 0 0 3004.DAT 
1 0 850 504 460 -1 0 0 0 -1 0 0 0 1 3004.DAT 
1 0 850 504 630 0 0 1 0 -1 0 1 0 0 3003.DAT 
1 0 840 504 660 -1 0 0 0 -1 0 0 0 1 3005.dat 
1 0 860 504 480 -1 0 0 0 -1 0 0 0 1 3005.dat 
1 0 860 504 770 0 0 1 0 -1 0 1 0 0 3004.DAT 
1 0 890 504 510 0 0 1 0 -1 0 1 0 0 3003.DAT 
1 0 880 504 570 0 0 1 0 -1 0 1 0 0 3004.DAT 
1 0 880 504 600 -1 0 0 0 -1 0 0 0 1 3005.dat 
1 0 890 504 730 0 0 1 0 -1 0 1 0 0 3001.DAT 
1 0 880 504 790 0 0 1 0 -1 0 1 0 0 3004.DAT 
1 0 890 504 820 -1 0 0 0 -1 0 0 0 1 3004.DAT 
1 0 900 504 550 0 0 1 0 -1 0 1 0 0 3004.DAT 
1 0 900 504 840 -1 0 0 0 -1 0 0 0 1 3005.dat 
1 0 930 504 710 0 0 1 0 -1 0 1 0 0 3003.DAT 
1 0 930 504 820 -1 0 0 0 -1 0 0 0 1 3004.DAT 
1 0 950 504 740 -1 0 0 0 -1 0 0 0 1 3004.DAT 
1 0 940 504 790 0 0 1 0 -1 0 1 0 0 3004.DAT 
1 0 960 504 710 0 0 1 0 -1 0 1 0 0 3004.DAT 
1 0 960 504 770 0 0 1 0 -1 0 1 0 0 3004.DAT 
1 0 960 504 800 -1 0 0 0 -1 0 0 0 1 3005.dat 
1 0 980 504 720 -1 0 0 0 -1 0 0 0 1 3005.dat 
1 2 700 504 410 0 0 1 0 -1 0 1 0 0 3004.DAT 
1 2 730 504 400 -1 0 0 0 -1 0 0 0 1 3004.DAT 
1 2 770 504 400 -1 0 0 0 -1 0 0 0 1 3004.DAT 
1 2 810 504 420 -1 0 0 0 -1 0 0 0 1 3004.DAT 
1 2 840 504 480 -1 0 0 0 -1 0 0 0 1 3005.dat 
1 2 860 504 500 -1 0 0 0 -1 0 0 0 1 3005.dat 
1 7 700 504 650 0 0 1 0 -1 0 1 0 0 3004.DAT 
1 7 730 504 660 -1 0 0 0 -1 0 0 0 1 3004.DAT 
1 7 750 504 620 -1 0 0 0 -1 0 0 0 1 3004.DAT 
1 7 760 504 660 -1 0 0 0 -1 0 0 0 1 3005.dat 
1 8 860 504 670 0 0 1 0 -1 0 1 0 0 3004.DAT 
1 81 840 504 710 0 0 1 0 -1 0 1 0 0 3004.DAT 
1 81 860 504 700 -1 0 0 0 -1 0 0 0 1 3005.dat 
1 81 470 504 710 0 0 1 0 -1 0 1 0 0 3003.DAT 
1 81 460 504 740 -1 0 0 0 -1 0 0 0 1 3005.dat 
1 288 960 504 820 -1 0 0 0 -1 0 0 0 1 3005.dat 
1 288 980 504 750 0 0 1 0 -1 0 1 0 0 3004.DAT 
1 288 980 504 790 0 0 1 0 -1 0 1 0 0 3004.DAT 
1 288 520 504 630 0 0 1 0 -1 0 1 0 0 3004.DAT 
1 288 540 504 550 0 0 1 0 -1 0 1 0 0 3004.DAT 
1 288 540 504 580 -1 0 0 0 -1 0 0 0 1 3005.dat 
1 288 540 504 680 -1 0 0 0 -1 0 0 0 1 3005.dat 
1 288 560 504 470 0 0 1 0 -1 0 1 0 0 3004.DAT 
1 288 560 504 510 0 0 1 0 -1 0 1 0 0 3004.DAT 
1 288 560 504 540 -1 0 0 0 -1 0 0 0 1 3005.dat 
1 288 590 504 450 0 0 1 0 -1 0 1 0 0 3003.DAT 
1 288 580 504 490 0 0 1 0 -1 0 1 0 0 3004.DAT 
1 288 620 504 450 0 0 1 0 -1 0 1 0 0 3004.DAT 
1 288 640 504 710 0 0 1 0 -1 0 1 0 0 3004.DAT 
1 288 660 504 720 -1 0 0 0 -1 0 0 0 1 3005.dat 
1 288 680 504 680 -1 0 0 0 -1 0 0 0 1 3005.dat 
1 496 30 504 1060 -1 0 0 0 -1 0 0 0 1 3004.DAT 
1 496 50 504 1040 -1 0 0 0 -1 0 0 0 1 3004.DAT 
1 496 40 504 1090 0 0 1 0 -1 0 1 0 0 3004.DAT 
1 496 40 504 1130 0 0 1 0 -1 0 1 0 0 3004.DAT 
1 496 60 504 1010 0 0 1 0 -1 0 1 0 0 3004.DAT 
1 496 60 504 1070 0 0 1 0 -1 0 1 0 0 3004.DAT 
1 496 60 504 1110 0 0 1 0 -1 0 1 0 0 3004.DAT 
1 496 70 504 1140 -1 0 0 0 -1 0 0 0 1 3004.DAT 
1 496 80 504 990 0 0 1 0 -1 0 1 0 0 3004.DAT 
1 496 90 504 1020 -1 0 0 0 -1 0 0 0 1 3004.DAT 
1 496 80 504 1060 -1 0 0 0 -1 0 0 0 1 3005.dat 
1 496 90 504 1120 -1 0 0 0 -1 0 0 0 1 3004.DAT 
1 496 130 504 970 1 0 0 0 -1 0 0 0 -1 3001.DAT 
1 496 110 504 1000 -1 0 0 0 -1 0 0 0 1 3004.DAT 
1 496 110 504 1040 -1 0 0 0 -1 0 0 0 1 3004.DAT 
1 496 130 504 1020 -1 0 0 0 -1 0 0 0 1 3004.DAT 
1 496 130 504 1060 -1 0 0 0 -1 0 0 0 1 3004.DAT 
1 496 120 504 1110 0 0 1 0 -1 0 1 0 0 3004.DAT 
1 496 150 504 1000 -1 0 0 0 -1 0 0 0 1 3004.DAT 
1 496 150 504 1040 -1 0 0 0 -1 0 0 0 1 3004.DAT 
1 496 140 504 1090 0 0 1 0 -1 0 1 0 0 3004.DAT 
1 496 140 504 1120 -1 0 0 0 -1 0 0 0 1 3005.dat 
1 496 170 504 1020 -1 0 0 0 -1 0 0 0 1 3004.DAT 
1 496 160 504 1070 0 0 1 0 -1 0 1 0 0 3004.DAT 
1 496 160 504 1100 -1 0 0 0 -1 0 0 0 1 3005.dat 
1 496 180 504 960 -1 0 0 0 -1 0 0 0 1 3005.dat 
1 496 180 504 1000 -1 0 0 0 -1 0 0 0 1 3005.dat 
1 496 180 504 1050 0 0 1 0 -1 0 1 0 0 3004.DAT 
1 496 540 504 840 -1 0 0 0 -1 0 0 0 1 3005.dat 
1 496 580 504 820 -1 0 0 0 -1 0 0 0 1 3005.dat 
0 STEP
1 0 490 528 770 0 0 1 0 -1 0 1 0 0 3001.DAT 
1 0 500 528 710 0 0 1 0 -1 0 1 0 0 3004.DAT 
1 0 530 528 670 0 0 1 0 -1 0 1 0 0 3003.DAT 
1 0 520 528 700 -1 0 0 0 -1 0 0 0 1 3005.dat 
1 0 530 528 810 0 0 1 0 -1 0 1 0 0 3003.DAT 
1 288 540 528 630 0 0 1 0 -1 0 1 0 0 3004.DAT 
1 288 570 528 590 0 0 1 0 -1 0 1 0 0 3003.DAT 
1 0 560 528 790 0 0 1 0 -1 0 1 0 0 3004.DAT 
1 0 580 528 550 0 0 1 0 -1 0 1 0 0 3004.DAT 
1 0 580 528 770 0 0 1 0 -1 0 1 0 0 3004.DAT 
1 0 600 528 760 -1 0 0 0 -1 0 0 0 1 3005.dat 
1 0 620 528 740 -1 0 0 0 -1 0 0 0 1 3005.dat 
1 0 640 528 670 0 0 1 0 -1 0 1 0 0 3004.DAT 
1 0 660 528 640 -1 0 0 0 -1 0 0 0 1 3005.dat 
1 0 690 528 460 -1 0 0 0 -1 0 0 0 1 3004.DAT 
1 0 710 528 440 -1 0 0 0 -1 0 0 0 1 3004.DAT 
1 0 750 528 440 -1 0 0 0 -1 0 0 0 1 3004.DAT 
1 0 750 528 640 -1 0 0 0 -1 0 0 0 1 3004.DAT 
1 0 790 528 440 -1 0 0 0 -1 0 0 0 1 3004.DAT 
1 0 780 528 650 0 0 1 0 -1 0 1 0 0 3004.DAT 
1 0 810 528 460 -1 0 0 0 -1 0 0 0 1 3004.DAT 
1 0 810 528 670 0 0 1 0 -1 0 1 0 0 3003.DAT 
1 0 830 528 440 -1 0 0 0 -1 0 0 0 1 3004.DAT 
1 0 830 528 700 -1 0 0 0 -1 0 0 0 1 3004.DAT 
1 0 850 528 460 -1 0 0 0 -1 0 0 0 1 3004.DAT 
1 0 850 528 650 0 0 1 0 -1 0 1 0 0 3003.DAT 
1 0 850 528 680 -1 0 0 0 -1 0 0 0 1 3004.DAT 
1 0 860 528 490 0 0 1 0 -1 0 1 0 0 3004.DAT 
1 0 870 528 610 0 0 1 0 -1 0 1 0 0 3003.DAT 
1 0 870 528 750 0 0 1 0 -1 0 1 0 0 3003.DAT 
1 0 870 528 780 -1 0 0 0 -1 0 0 0 1 3004.DAT 
1 0 890 528 510 0 0 1 0 -1 0 1 0 0 3003.DAT 
1 0 880 528 570 0 0 1 0 -1 0 1 0 0 3004.DAT 
1 0 880 528 640 -1 0 0 0 -1 0 0 0 1 3005.dat 
1 0 890 528 710 0 0 1 0 -1 0 1 0 0 3003.DAT 
1 0 890 528 810 0 0 1 0 -1 0 1 0 0 3003.DAT 
1 0 900 528 540 -1 0 0 0 -1 0 0 0 1 3005.dat 
1 0 900 528 740 -1 0 0 0 -1 0 0 0 1 3005.dat 
1 0 910 528 840 -1 0 0 0 -1 0 0 0 1 3004.DAT 
1 0 930 528 690 0 0 1 0 -1 0 1 0 0 3003.DAT 
1 0 920 528 720 -1 0 0 0 -1 0 0 0 1 3005.dat 
1 0 920 528 810 0 0 1 0 -1 0 1 0 0 3004.DAT 
1 0 940 528 790 0 0 1 0 -1 0 1 0 0 3004.DAT 
1 0 940 528 820 -1 0 0 0 -1 0 0 0 1 3005.dat 
1 0 960 528 690 0 0 1 0 -1 0 1 0 0 3004.DAT 
1 0 960 528 730 0 0 1 0 -1 0 1 0 0 3004.DAT 
1 0 960 528 770 0 0 1 0 -1 0 1 0 0 3004.DAT 
1 0 960 528 800 -1 0 0 0 -1 0 0 0 1 3005.dat 
1 0 980 528 700 -1 0 0 0 -1 0 0 0 1 3005.dat 
1 288 980 528 750 0 0 1 0 -1 0 1 0 0 3004.DAT 
1 288 980 528 780 -1 0 0 0 -1 0 0 0 1 3005.dat 
1 2 710 528 420 -1 0 0 0 -1 0 0 0 1 3004.DAT 
1 2 730 528 400 -1 0 0 0 -1 0 0 0 1 3004.DAT 
1 2 750 528 420 -1 0 0 0 -1 0 0 0 1 3004.DAT 
1 2 770 528 400 -1 0 0 0 -1 0 0 0 1 3004.DAT 
1 2 790 528 420 -1 0 0 0 -1 0 0 0 1 3004.DAT 
1 2 800 528 400 -1 0 0 0 -1 0 0 0 1 3005.dat 
1 2 840 528 480 -1 0 0 0 -1 0 0 0 1 3005.dat 
1 2 860 528 520 -1 0 0 0 -1 0 0 0 1 3005.dat 
1 7 690 528 640 -1 0 0 0 -1 0 0 0 1 3004.DAT 
1 7 710 528 660 -1 0 0 0 -1 0 0 0 1 3004.DAT 
1 7 720 528 640 -1 0 0 0 -1 0 0 0 1 3005.dat 
1 8 860 528 700 -1 0 0 0 -1 0 0 0 1 3005.dat 
1 8 890 528 670 0 0 1 0 -1 0 1 0 0 3003.DAT 
1 8 940 528 760 -1 0 0 0 -1 0 0 0 1 3005.dat 
1 81 840 528 730 0 0 1 0 -1 0 1 0 0 3004.DAT 
1 81 860 528 720 -1 0 0 0 -1 0 0 0 1 3005.dat 
1 288 960 528 820 -1 0 0 0 -1 0 0 0 1 3005.dat 
1 288 980 528 720 -1 0 0 0 -1 0 0 0 1 3005.dat 
1 288 980 528 800 -1 0 0 0 -1 0 0 0 1 3005.dat 
1 288 520 528 640 -1 0 0 0 -1 0 0 0 1 3005.dat 
1 288 540 528 600 -1 0 0 0 -1 0 0 0 1 3005.dat 
1 288 560 528 530 0 0 1 0 -1 0 1 0 0 3004.DAT 
1 288 560 528 560 -1 0 0 0 -1 0 0 0 1 3005.dat 
1 288 560 528 660 -1 0 0 0 -1 0 0 0 1 3005.dat 
1 288 580 528 470 0 0 1 0 -1 0 1 0 0 3004.DAT 
1 288 580 528 510 0 0 1 0 -1 0 1 0 0 3004.DAT 
1 288 600 528 450 0 0 1 0 -1 0 1 0 0 3004.DAT 
1 288 600 528 490 0 0 1 0 -1 0 1 0 0 3004.DAT 
1 288 600 528 530 0 0 1 0 -1 0 1 0 0 3004.DAT 
1 288 620 528 470 0 0 1 0 -1 0 1 0 0 3004.DAT 
1 288 620 528 500 -1 0 0 0 -1 0 0 0 1 3005.dat 
1 288 640 528 450 0 0 1 0 -1 0 1 0 0 3004.DAT 
1 288 640 528 480 -1 0 0 0 -1 0 0 0 1 3005.dat 
1 288 660 528 460 -1 0 0 0 -1 0 0 0 1 3005.dat 
1 288 660 528 690 0 0 1 0 -1 0 1 0 0 3004.DAT 
1 288 660 528 720 -1 0 0 0 -1 0 0 0 1 3005.dat 
1 288 680 528 670 0 0 1 0 -1 0 1 0 0 3004.DAT 
1 496 60 528 1010 0 0 1 0 -1 0 1 0 0 3004.DAT 
1 496 60 528 1050 0 0 1 0 -1 0 1 0 0 3004.DAT 
1 496 60 528 1090 0 0 1 0 -1 0 1 0 0 3004.DAT 
1 496 80 528 990 0 0 1 0 -1 0 1 0 0 3004.DAT 
1 496 90 528 1050 0 0 1 0 -1 0 1 0 0 3001.DAT 
1 496 80 528 1110 0 0 1 0 -1 0 1 0 0 3004.DAT 
1 496 100 528 970 0 0 1 0 -1 0 1 0 0 3004.DAT 
1 496 110 528 1100 -1 0 0 0 -1 0 0 0 1 3004.DAT 
1 496 130 528 950 0 0 1 0 -1 0 1 0 0 3003.DAT 
1 496 120 528 1010 0 0 1 0 -1 0 1 0 0 3004.DAT 
1 496 120 528 1050 0 0 1 0 -1 0 1 0 0 3004.DAT 
1 496 130 528 1080 -1 0 0 0 -1 0 0 0 1 3004.DAT 
1 496 130 528 1120 -1 0 0 0 -1 0 0 0 1 3004.DAT 
1 496 150 528 1030 0 0 1 0 -1 0 1 0 0 3003.DAT 
1 496 150 528 1060 -1 0 0 0 -1 0 0 0 1 3004.DAT 
1 496 150 528 1100 -1 0 0 0 -1 0 0 0 1 3004.DAT 
1 496 160 528 950 0 0 1 0 -1 0 1 0 0 3004.DAT 
1 496 160 528 990 0 0 1 0 -1 0 1 0 0 3004.DAT 
1 496 170 528 1080 -1 0 0 0 -1 0 0 0 1 3004.DAT 
1 496 190 528 950 0 0 1 0 -1 0 1 0 0 3001.DAT 
1 496 190 528 1030 0 0 1 0 -1 0 1 0 0 3001.DAT 
1 496 200 528 1080 -1 0 0 0 -1 0 0 0 1 3005.dat 
1 496 220 528 950 0 0 1 0 -1 0 1 0 0 3004.DAT 
1 496 220 528 990 0 0 1 0 -1 0 1 0 0 3004.DAT 
1 496 220 528 1030 0 0 1 0 -1 0 1 0 0 3004.DAT 
1 496 220 528 1060 -1 0 0 0 -1 0 0 0 1 3005.dat 
1 496 240 528 940 -1 0 0 0 -1 0 0 0 1 3005.dat 
1 496 240 528 1010 0 0 1 0 -1 0 1 0 0 3004.DAT 
1 496 240 528 1040 -1 0 0 0 -1 0 0 0 1 3005.dat 
1 496 500 528 820 -1 0 0 0 -1 0 0 0 1 3005.dat 
1 496 570 528 820 -1 0 0 0 -1 0 0 0 1 3004.DAT 
1 496 580 528 800 -1 0 0 0 -1 0 0 0 1 3005.dat 
1 496 530 528 840 -1 0 0 0 -1 0 0 0 1 3004.DAT 
0 STEP
1 0 490 552 760 -1 0 0 0 -1 0 0 0 1 3004.DAT 
1 0 500 552 730 0 0 1 0 -1 0 1 0 0 3004.DAT 
1 0 510 552 790 0 0 1 0 -1 0 1 0 0 3003.DAT 
1 0 520 552 710 0 0 1 0 -1 0 1 0 0 3004.DAT 
1 0 520 552 750 0 0 1 0 -1 0 1 0 0 3004.DAT 
1 288 570 552 650 1 0 0 0 -1 0 0 0 -1 3001.DAT 
1 0 540 552 690 0 0 1 0 -1 0 1 0 0 3004.DAT 
1 0 540 552 720 -1 0 0 0 -1 0 0 0 1 3005.dat 
1 0 550 552 810 0 0 1 0 -1 0 1 0 0 3003.DAT 
1 288 570 552 610 0 0 1 0 -1 0 1 0 0 3003.DAT 
1 0 570 552 680 -1 0 0 0 -1 0 0 0 1 3004.DAT 
1 0 560 552 770 0 0 1 0 -1 0 1 0 0 3004.DAT 
1 0 590 552 750 0 0 1 0 -1 0 1 0 0 3003.DAT 
1 0 610 552 710 0 0 1 0 -1 0 1 0 0 3003.DAT 
1 0 620 552 670 0 0 1 0 -1 0 1 0 0 3004.DAT 
1 0 620 552 740 -1 0 0 0 -1 0 0 0 1 3005.dat 
1 0 640 552 650 0 0 1 0 -1 0 1 0 0 3004.DAT 
1 0 640 552 690 0 0 1 0 -1 0 1 0 0 3004.DAT 
1 0 660 552 490 0 0 1 0 -1 0 1 0 0 3004.DAT 
1 0 680 552 470 0 0 1 0 -1 0 1 0 0 3004.DAT 
1 0 690 552 620 -1 0 0 0 -1 0 0 0 1 3004.DAT 
1 0 700 552 460 -1 0 0 0 -1 0 0 0 1 3005.dat 
1 0 710 552 640 -1 0 0 0 -1 0 0 0 1 3004.DAT 
1 0 730 552 440 -1 0 0 0 -1 0 0 0 1 3004.DAT 
1 0 750 552 650 0 0 1 0 -1 0 1 0 0 3003.DAT 
1 2 770 552 440 -1 0 0 0 -1 0 0 0 1 3004.DAT 
1 0 790 552 670 0 0 1 0 -1 0 1 0 0 3003.DAT 
1 0 790 552 700 -1 0 0 0 -1 0 0 0 1 3004.DAT 
1 0 810 552 460 -1 0 0 0 -1 0 0 0 1 3004.DAT 
1 0 810 552 720 -1 0 0 0 -1 0 0 0 1 3004.DAT 
1 0 820 552 690 0 0 1 0 -1 0 1 0 0 3004.DAT 
1 0 830 552 740 -1 0 0 0 -1 0 0 0 1 3004.DAT 
1 0 840 552 460 -1 0 0 0 -1 0 0 0 1 3005.dat 
1 0 850 552 710 0 0 1 0 -1 0 1 0 0 3003.DAT 
1 0 850 552 760 -1 0 0 0 -1 0 0 0 1 3004.DAT 
1 0 860 552 490 0 0 1 0 -1 0 1 0 0 3004.DAT 
1 0 860 552 630 0 0 1 0 -1 0 1 0 0 3004.DAT 
1 0 860 552 670 0 0 1 0 -1 0 1 0 0 3004.DAT 
1 0 870 552 740 -1 0 0 0 -1 0 0 0 1 3004.DAT 
1 0 870 552 780 -1 0 0 0 -1 0 0 0 1 3004.DAT 
1 0 880 552 510 0 0 1 0 -1 0 1 0 0 3004.DAT 
1 0 880 552 550 0 0 1 0 -1 0 1 0 0 3004.DAT 
1 0 880 552 590 0 0 1 0 -1 0 1 0 0 3004.DAT 
1 0 880 552 620 -1 0 0 0 -1 0 0 0 1 3005.dat 
1 0 890 552 720 -1 0 0 0 -1 0 0 0 1 3004.DAT 
1 0 890 552 760 -1 0 0 0 -1 0 0 0 1 3004.DAT 
1 0 880 552 810 0 0 1 0 -1 0 1 0 0 3004.DAT 
1 0 900 552 530 0 0 1 0 -1 0 1 0 0 3004.DAT 
1 0 900 552 570 0 0 1 0 -1 0 1 0 0 3004.DAT 
1 0 900 552 690 0 0 1 0 -1 0 1 0 0 3004.DAT 
1 0 900 552 740 -1 0 0 0 -1 0 0 0 1 3005.dat 
1 0 900 552 790 0 0 1 0 -1 0 1 0 0 3004.DAT 
1 0 900 552 830 0 0 1 0 -1 0 1 0 0 3004.DAT 
1 0 930 552 670 0 0 1 0 -1 0 1 0 0 3003.DAT 
1 0 930 552 700 -1 0 0 0 -1 0 0 0 1 3004.DAT 
1 0 930 552 800 -1 0 0 0 -1 0 0 0 1 3004.DAT 
1 0 920 552 840 -1 0 0 0 -1 0 0 0 1 3005.dat 
1 0 940 552 720 -1 0 0 0 -1 0 0 0 1 3005.dat 
1 0 950 552 780 -1 0 0 0 -1 0 0 0 1 3004.DAT 
1 0 960 552 690 0 0 1 0 -1 0 1 0 0 3004.DAT 
1 0 970 552 750 0 0 1 0 -1 0 1 0 0 3003.DAT 
1 288 970 552 800 -1 0 0 0 -1 0 0 0 1 3004.DAT 
1 0 980 552 710 0 0 1 0 -1 0 1 0 0 3004.DAT 
1 288 980 552 780 -1 0 0 0 -1 0 0 0 1 3005.dat 
1 2 730 552 420 -1 0 0 0 -1 0 0 0 1 3004.DAT 
1 2 800 552 440 -1 0 0 0 -1 0 0 0 1 3005.dat 
1 7 680 552 640 -1 0 0 0 -1 0 0 0 1 3005.dat 
1 7 720 552 620 -1 0 0 0 -1 0 0 0 1 3005.dat 
1 8 860 552 600 -1 0 0 0 -1 0 0 0 1 3005.dat 
1 8 890 552 640 -1 0 0 0 -1 0 0 0 1 3004.DAT 
1 8 880 552 690 0 0 1 0 -1 0 1 0 0 3004.DAT 
1 8 900 552 620 -1 0 0 0 -1 0 0 0 1 3005.dat 
1 8 900 552 660 -1 0 0 0 -1 0 0 0 1 3005.dat 
1 8 920 552 640 -1 0 0 0 -1 0 0 0 1 3005.dat 
1 8 940 552 740 -1 0 0 0 -1 0 0 0 1 3005.dat 
1 81 810 552 780 -1 0 0 0 -1 0 0 0 1 3004.DAT 
1 81 820 552 760 -1 0 0 0 -1 0 0 0 1 3005.dat 
1 81 840 552 780 -1 0 0 0 -1 0 0 0 1 3005.dat 
1 148 750 552 690 0 0 1 0 -1 0 1 0 0 3003.DAT 
1 148 770 552 720 -1 0 0 0 -1 0 0 0 1 3004.DAT 
1 148 840 552 680 -1 0 0 0 -1 0 0 0 1 3005.dat 
1 288 930 552 820 -1 0 0 0 -1 0 0 0 1 3004.DAT 
1 288 960 552 720 -1 0 0 0 -1 0 0 0 1 3005.dat 
1 288 970 552 820 -1 0 0 0 -1 0 0 0 1 3004.DAT 
1 288 1000 552 750 0 0 1 0 -1 0 1 0 0 3004.DAT 
1 288 540 552 620 -1 0 0 0 -1 0 0 0 1 3005.dat 
1 288 570 552 540 -1 0 0 0 -1 0 0 0 1 3004.DAT 
1 288 570 552 580 -1 0 0 0 -1 0 0 0 1 3004.DAT 
1 288 590 552 520 -1 0 0 0 -1 0 0 0 1 3004.DAT 
1 288 590 552 560 -1 0 0 0 -1 0 0 0 1 3004.DAT 
1 288 610 552 500 -1 0 0 0 -1 0 0 0 1 3004.DAT 
1 288 640 552 490 0 0 1 0 -1 0 1 0 0 3004.DAT 
1 288 640 552 720 -1 0 0 0 -1 0 0 0 1 3005.dat 
1 288 660 552 460 -1 0 0 0 -1 0 0 0 1 3005.dat 
1 288 660 552 690 0 0 1 0 -1 0 1 0 0 3004.DAT 
1 288 680 552 660 -1 0 0 0 -1 0 0 0 1 3005.dat 
1 288 700 552 600 -1 0 0 0 -1 0 0 0 1 3005.dat 
1 496 80 552 1010 0 0 1 0 -1 0 1 0 0 3004.DAT 
1 496 100 552 990 0 0 1 0 -1 0 1 0 0 3004.DAT 
1 496 110 552 1020 -1 0 0 0 -1 0 0 0 1 3004.DAT 
1 496 100 552 1070 0 0 1 0 -1 0 1 0 0 3004.DAT 
1 496 120 552 970 0 0 1 0 -1 0 1 0 0 3004.DAT 
1 496 130 552 1000 -1 0 0 0 -1 0 0 0 1 3004.DAT 
1 496 120 552 1050 0 0 1 0 -1 0 1 0 0 3004.DAT 
1 496 130 552 1080 -1 0 0 0 -1 0 0 0 1 3004.DAT 
1 496 140 552 950 0 0 1 0 -1 0 1 0 0 3004.DAT 
1 496 150 552 980 -1 0 0 0 -1 0 0 0 1 3004.DAT 
1 496 140 552 1030 0 0 1 0 -1 0 1 0 0 3004.DAT 
1 496 150 552 1060 -1 0 0 0 -1 0 0 0 1 3004.DAT 
1 496 160 552 930 0 0 1 0 -1 0 1 0 0 3004.DAT 
1 496 160 552 1010 0 0 1 0 -1 0 1 0 0 3004.DAT 
1 496 170 552 1040 -1 0 0 0 -1 0 0 0 1 3004.DAT 
1 496 170 552 1080 -1 0 0 0 -1 0 0 0 1 3004.DAT 
1 496 190 552 920 -1 0 0 0 -1 0 0 0 1 3004.DAT 
1 496 180 552 990 0 0 1 0 -1 0 1 0 0 3004.DAT 
1 496 190 552 1020 -1 0 0 0 -1 0 0 0 1 3004.DAT 
1 496 190 552 1060 -1 0 0 0 -1 0 0 0 1 3004.DAT 
1 496 210 552 900 -1 0 0 0 -1 0 0 0 1 3004.DAT 
1 496 210 552 970 0 0 1 0 -1 0 1 0 0 3003.DAT 
1 496 210 552 1000 -1 0 0 0 -1 0 0 0 1 3004.DAT 
1 496 210 552 1040 -1 0 0 0 -1 0 0 0 1 3004.DAT 
1 496 200 552 1080 -1 0 0 0 -1 0 0 0 1 3005.dat 
1 496 230 552 930 0 0 1 0 -1 0 1 0 0 3003.DAT 
1 496 230 552 1020 -1 0 0 0 -1 0 0 0 1 3004.DAT 
1 496 220 552 1060 -1 0 0 0 -1 0 0 0 1 3005.dat 
1 496 240 552 890 0 0 1 0 -1 0 1 0 0 3004.DAT 
1 496 240 552 970 0 0 1 0 -1 0 1 0 0 3004.DAT 
1 496 250 552 1000 -1 0 0 0 -1 0 0 0 1 3004.DAT 
1 496 240 552 1040 -1 0 0 0 -1 0 0 0 1 3005.dat 
1 496 260 552 910 0 0 1 0 -1 0 1 0 0 3004.DAT 
1 496 260 552 950 0 0 1 0 -1 0 1 0 0 3004.DAT 
1 496 270 552 980 -1 0 0 0 -1 0 0 0 1 3004.DAT 
1 496 270 552 1020 -1 0 0 0 -1 0 0 0 1 3004.DAT 
1 496 280 552 930 0 0 1 0 -1 0 1 0 0 3004.DAT 
1 496 280 552 960 -1 0 0 0 -1 0 0 0 1 3005.dat 
1 496 290 552 1000 -1 0 0 0 -1 0 0 0 1 3004.DAT 
1 496 480 552 790 0 0 1 0 -1 0 1 0 0 3004.DAT 
1 496 510 552 820 -1 0 0 0 -1 0 0 0 1 3004.DAT 
1 496 520 552 840 -1 0 0 0 -1 0 0 0 1 3005.dat 
1 496 580 552 810 0 0 1 0 -1 0 1 0 0 3004.DAT 
1 496 550 552 840 -1 0 0 0 -1 0 0 0 1 3004.DAT 
1 288 610 552 540 -1 0 0 0 -1 0 0 0 1 3004.DAT 
0 STEP
1 496 510 576 790 0 0 1 0 -1 0 1 0 0 3003.DAT 
1 0 530 576 750 0 0 1 0 -1 0 1 0 0 3003.DAT 
1 0 540 576 710 0 0 1 0 -1 0 1 0 0 3004.DAT 
1 0 540 576 790 0 0 1 0 -1 0 1 0 0 3004.DAT 
1 288 560 576 650 0 0 1 0 -1 0 1 0 0 3004.DAT 
1 0 560 576 690 0 0 1 0 -1 0 1 0 0 3004.DAT 
1 0 560 576 730 0 0 1 0 -1 0 1 0 0 3004.DAT 
1 0 560 576 770 0 0 1 0 -1 0 1 0 0 3004.DAT 
1 0 560 576 800 -1 0 0 0 -1 0 0 0 1 3005.dat 
1 0 580 576 670 0 0 1 0 -1 0 1 0 0 3004.DAT 
1 0 580 576 710 0 0 1 0 -1 0 1 0 0 3004.DAT 
1 0 580 576 750 0 0 1 0 -1 0 1 0 0 3004.DAT 
1 0 600 576 650 0 0 1 0 -1 0 1 0 0 3004.DAT 
1 0 600 576 690 0 0 1 0 -1 0 1 0 0 3004.DAT 
1 0 600 576 720 -1 0 0 0 -1 0 0 0 1 3005.dat 
1 0 620 576 670 0 0 1 0 -1 0 1 0 0 3004.DAT 
1 0 670 576 510 0 0 1 0 -1 0 1 0 0 3003.DAT 
1 0 670 576 620 -1 0 0 0 -1 0 0 0 1 3004.DAT 
1 0 690 576 470 0 0 1 0 -1 0 1 0 0 3003.DAT 
1 0 690 576 640 -1 0 0 0 -1 0 0 0 1 3004.DAT 
1 0 700 576 620 -1 0 0 0 -1 0 0 0 1 3005.dat 
1 0 750 576 450 1 0 0 0 -1 0 0 0 -1 3001.DAT 
1 0 730 576 650 0 0 1 0 -1 0 1 0 0 3003.DAT 
1 0 730 576 680 -1 0 0 0 -1 0 0 0 1 3004.DAT 
1 0 750 576 700 -1 0 0 0 -1 0 0 0 1 3004.DAT 
1 0 760 576 670 0 0 1 0 -1 0 1 0 0 3004.DAT 
1 0 770 576 720 -1 0 0 0 -1 0 0 0 1 3004.DAT 
1 0 780 576 690 0 0 1 0 -1 0 1 0 0 3004.DAT 
1 0 790 576 740 -1 0 0 0 -1 0 0 0 1 3004.DAT 
1 0 810 576 470 0 0 1 0 -1 0 1 0 0 3003.DAT 
1 0 810 576 720 -1 0 0 0 -1 0 0 0 1 3004.DAT 
1 0 810 576 760 -1 0 0 0 -1 0 0 0 1 3004.DAT 
1 0 830 576 740 -1 0 0 0 -1 0 0 0 1 3004.DAT 
1 0 850 576 490 0 0 1 0 -1 0 1 0 0 3003.DAT 
1 0 850 576 760 -1 0 0 0 -1 0 0 0 1 3004.DAT 
1 0 870 576 610 0 0 1 0 -1 0 1 0 0 3001.DAT 
1 0 870 576 670 0 0 1 0 -1 0 1 0 0 3003.DAT 
1 0 870 576 700 -1 0 0 0 -1 0 0 0 1 3004.DAT 
1 0 870 576 740 -1 0 0 0 -1 0 0 0 1 3004.DAT 
1 0 890 576 500 -1 0 0 0 -1 0 0 0 1 3004.DAT 
1 0 880 576 550 0 0 1 0 -1 0 1 0 0 3004.DAT 
1 0 890 576 720 -1 0 0 0 -1 0 0 0 1 3004.DAT 
1 0 880 576 770 0 0 1 0 -1 0 1 0 0 3004.DAT 
1 0 880 576 810 0 0 1 0 -1 0 1 0 0 3004.DAT 
1 0 900 576 530 0 0 1 0 -1 0 1 0 0 3004.DAT 
1 0 900 576 570 0 0 1 0 -1 0 1 0 0 3004.DAT 
1 0 900 576 620 -1 0 0 0 -1 0 0 0 1 3005.dat 
1 0 900 576 670 0 0 1 0 -1 0 1 0 0 3004.DAT 
1 0 900 576 700 -1 0 0 0 -1 0 0 0 1 3005.dat 
1 0 900 576 750 0 0 1 0 -1 0 1 0 0 3004.DAT 
1 0 910 576 790 0 0 1 0 -1 0 1 0 0 3003.DAT 
1 0 900 576 830 0 0 1 0 -1 0 1 0 0 3004.DAT 
1 0 930 576 680 -1 0 0 0 -1 0 0 0 1 3004.DAT 
1 0 920 576 840 -1 0 0 0 -1 0 0 0 1 3005.dat 
1 0 950 576 660 -1 0 0 0 -1 0 0 0 1 3004.DAT 
1 0 940 576 750 0 0 1 0 -1 0 1 0 0 3004.DAT 
1 0 940 576 790 0 0 1 0 -1 0 1 0 0 3004.DAT 
1 0 970 576 680 -1 0 0 0 -1 0 0 0 1 3004.DAT 
1 0 960 576 740 -1 0 0 0 -1 0 0 0 1 3005.dat 
1 288 970 576 800 -1 0 0 0 -1 0 0 0 1 3004.DAT 
1 0 980 576 710 0 0 1 0 -1 0 1 0 0 3004.DAT 
1 288 980 576 770 0 0 1 0 -1 0 1 0 0 3004.DAT 
1 288 1000 576 730 0 0 1 0 -1 0 1 0 0 3004.DAT 
1 288 1000 576 760 -1 0 0 0 -1 0 0 0 1 3005.dat 
1 2 720 576 480 -1 0 0 0 -1 0 0 0 1 3005.dat 
1 2 770 576 480 -1 0 0 0 -1 0 0 0 1 3004.DAT 
1 2 820 576 500 -1 0 0 0 -1 0 0 0 1 3005.dat 
1 8 850 576 720 -1 0 0 0 -1 0 0 0 1 3004.DAT 
1 8 900 576 600 -1 0 0 0 -1 0 0 0 1 3005.dat 
1 8 920 576 630 0 0 1 0 -1 0 1 0 0 3004.DAT 
1 8 920 576 660 -1 0 0 0 -1 0 0 0 1 3005.dat 
1 81 760 576 810 0 0 1 0 -1 0 1 0 0 3004.DAT 
1 81 790 576 790 0 0 1 0 -1 0 1 0 0 3003.DAT 
1 81 790 576 820 -1 0 0 0 -1 0 0 0 1 3004.DAT 
1 81 820 576 810 0 0 1 0 -1 0 1 0 0 3004.DAT 
1 81 840 576 790 0 0 1 0 -1 0 1 0 0 3004.DAT 
1 81 840 576 820 -1 0 0 0 -1 0 0 0 1 3005.dat 
1 81 860 576 780 -1 0 0 0 -1 0 0 0 1 3005.dat 
1 148 720 576 700 -1 0 0 0 -1 0 0 0 1 3005.dat 
1 148 740 576 720 -1 0 0 0 -1 0 0 0 1 3005.dat 
1 148 810 576 680 -1 0 0 0 -1 0 0 0 1 3004.DAT 
1 148 820 576 700 -1 0 0 0 -1 0 0 0 1 3005.dat 
1 288 930 576 820 -1 0 0 0 -1 0 0 0 1 3004.DAT 
1 288 960 576 710 0 0 1 0 -1 0 1 0 0 3004.DAT 
1 288 960 576 770 0 0 1 0 -1 0 1 0 0 3004.DAT 
1 288 970 576 820 -1 0 0 0 -1 0 0 0 1 3004.DAT 
1 288 980 576 740 -1 0 0 0 -1 0 0 0 1 3005.dat 
1 288 540 576 660 -1 0 0 0 -1 0 0 0 1 3005.dat 
1 288 580 576 610 0 0 1 0 -1 0 1 0 0 3004.DAT 
1 288 580 576 640 -1 0 0 0 -1 0 0 0 1 3005.dat 
1 288 610 576 590 0 0 1 0 -1 0 1 0 0 3003.DAT 
1 288 610 576 620 -1 0 0 0 -1 0 0 0 1 3004.DAT 
1 288 620 576 550 0 0 1 0 -1 0 1 0 0 3004.DAT 
1 288 630 576 640 -1 0 0 0 -1 0 0 0 1 3004.DAT 
1 288 630 576 700 -1 0 0 0 -1 0 0 0 1 3004.DAT 
1 288 640 576 530 0 0 1 0 -1 0 1 0 0 3004.DAT 
1 288 640 576 570 0 0 1 0 -1 0 1 0 0 3004.DAT 
1 288 640 576 610 0 0 1 0 -1 0 1 0 0 3004.DAT 
1 288 640 576 670 0 0 1 0 -1 0 1 0 0 3004.DAT 
1 288 660 576 650 0 0 1 0 -1 0 1 0 0 3004.DAT 
1 288 660 576 680 -1 0 0 0 -1 0 0 0 1 3005.dat 
1 496 140 576 950 0 0 1 0 -1 0 1 0 0 3004.DAT 
1 496 140 576 980 -1 0 0 0 -1 0 0 0 1 3005.dat 
1 496 170 576 930 0 0 1 0 -1 0 1 0 0 3003.DAT 
1 496 170 576 960 -1 0 0 0 -1 0 0 0 1 3004.DAT 
1 496 170 576 1000 -1 0 0 0 -1 0 0 0 1 3004.DAT 
1 496 190 576 980 -1 0 0 0 -1 0 0 0 1 3004.DAT 
1 496 180 576 1030 0 0 1 0 -1 0 1 0 0 3004.DAT 
1 496 200 576 910 0 0 1 0 -1 0 1 0 0 3004.DAT 
1 496 200 576 950 0 0 1 0 -1 0 1 0 0 3004.DAT 
1 496 210 576 1010 0 0 1 0 -1 0 1 0 0 3003.DAT 
1 496 210 576 1040 -1 0 0 0 -1 0 0 0 1 3004.DAT 
1 496 230 576 900 -1 0 0 0 -1 0 0 0 1 3004.DAT 
1 496 220 576 970 0 0 1 0 -1 0 1 0 0 3004.DAT 
1 496 250 576 880 -1 0 0 0 -1 0 0 0 1 3004.DAT 
1 496 250 576 950 0 0 1 0 -1 0 1 0 0 3003.DAT 
1 496 240 576 990 0 0 1 0 -1 0 1 0 0 3004.DAT 
1 496 250 576 1030 0 0 1 0 -1 0 1 0 0 3003.DAT 
1 496 270 576 860 -1 0 0 0 -1 0 0 0 1 3004.DAT 
1 496 260 576 910 0 0 1 0 -1 0 1 0 0 3004.DAT 
1 496 270 576 980 -1 0 0 0 -1 0 0 0 1 3004.DAT 
1 496 280 576 890 0 0 1 0 -1 0 1 0 0 3004.DAT 
1 496 280 576 930 0 0 1 0 -1 0 1 0 0 3004.DAT 
1 496 290 576 960 -1 0 0 0 -1 0 0 0 1 3004.DAT 
1 496 280 576 1010 0 0 1 0 -1 0 1 0 0 3004.DAT 
1 496 300 576 870 0 0 1 0 -1 0 1 0 0 3004.DAT 
1 496 300 576 910 0 0 1 0 -1 0 1 0 0 3004.DAT 
1 496 310 576 940 -1 0 0 0 -1 0 0 0 1 3004.DAT 
1 496 300 576 990 0 0 1 0 -1 0 1 0 0 3004.DAT 
1 496 320 576 890 0 0 1 0 -1 0 1 0 0 3004.DAT 
1 496 320 576 920 -1 0 0 0 -1 0 0 0 1 3005.dat 
1 496 320 576 970 0 0 1 0 -1 0 1 0 0 3004.DAT 
1 496 340 576 950 0 0 1 0 -1 0 1 0 0 3004.DAT 
1 496 480 576 770 0 0 1 0 -1 0 1 0 0 3004.DAT 
1 496 500 576 760 -1 0 0 0 -1 0 0 0 1 3005.dat 
1 496 550 576 820 -1 0 0 0 -1 0 0 0 1 3004.DAT 
1 496 580 576 800 -1 0 0 0 -1 0 0 0 1 3005.dat 
0 STEP
1 0 330 600 750 0 0 1 0 -1 0 1 0 0 3003.DAT 
1 0 330 600 800 -1 0 0 0 -1 0 0 0 1 3004.DAT 
1 0 350 600 780 -1 0 0 0 -1 0 0 0 1 3004.DAT 
1 0 360 600 750 0 0 1 0 -1 0 1 0 0 3004.DAT 
1 0 360 600 800 -1 0 0 0 -1 0 0 0 1 3005.dat 
1 0 660 600 550 0 0 1 0 -1 0 1 0 0 3004.DAT 
1 0 660 600 590 0 0 1 0 -1 0 1 0 0 3004.DAT 
1 0 670 600 620 -1 0 0 0 -1 0 0 0 1 3004.DAT 
1 0 680 600 490 0 0 1 0 -1 0 1 0 0 3004.DAT 
1 0 680 600 520 -1 0 0 0 -1 0 0 0 1 3005.dat 
1 0 680 600 570 0 0 1 0 -1 0 1 0 0 3004.DAT 
1 0 680 600 600 -1 0 0 0 -1 0 0 0 1 3005.dat 
1 0 680 600 650 0 0 1 0 -1 0 1 0 0 3004.DAT 
1 0 710 600 470 0 0 1 0 -1 0 1 0 0 3003.DAT 
1 0 710 600 670 0 0 1 0 -1 0 1 0 0 3003.DAT 
1 0 710 600 700 -1 0 0 0 -1 0 0 0 1 3004.DAT 
1 0 740 600 470 0 0 1 0 -1 0 1 0 0 3004.DAT 
1 0 740 600 710 0 0 1 0 -1 0 1 0 0 3004.DAT 
1 0 770 600 460 -1 0 0 0 -1 0 0 0 1 3004.DAT 
1 0 770 600 730 0 0 1 0 -1 0 1 0 0 3003.DAT 
1 0 770 600 760 -1 0 0 0 -1 0 0 0 1 3004.DAT 
1 0 790 600 480 -1 0 0 0 -1 0 0 0 1 3004.DAT 
1 0 800 600 460 -1 0 0 0 -1 0 0 0 1 3005.dat 
1 0 810 600 770 0 0 1 0 -1 0 1 0 0 3003.DAT 
1 0 830 600 480 -1 0 0 0 -1 0 0 0 1 3004.DAT 
1 0 850 600 500 -1 0 0 0 -1 0 0 0 1 3004.DAT 
1 0 840 600 770 0 0 1 0 -1 0 1 0 0 3004.DAT 
1 0 870 600 520 -1 0 0 0 -1 0 0 0 1 3004.DAT 
1 0 870 600 580 -1 0 0 0 -1 0 0 0 1 3004.DAT 
1 0 870 600 780 -1 0 0 0 -1 0 0 0 1 3004.DAT 
1 0 880 600 500 -1 0 0 0 -1 0 0 0 1 3005.dat 
1 0 880 600 550 0 0 1 0 -1 0 1 0 0 3004.DAT 
1 0 890 600 600 -1 0 0 0 -1 0 0 0 1 3004.DAT 
1 0 880 600 650 0 0 1 0 -1 0 1 0 0 3004.DAT 
1 0 880 600 690 0 0 1 0 -1 0 1 0 0 3004.DAT 
1 0 890 600 720 -1 0 0 0 -1 0 0 0 1 3004.DAT 
1 0 880 600 760 -1 0 0 0 -1 0 0 0 1 3005.dat 
1 0 880 600 810 0 0 1 0 -1 0 1 0 0 3004.DAT 
1 0 900 600 630 0 0 1 0 -1 0 1 0 0 3004.DAT 
1 0 900 600 670 0 0 1 0 -1 0 1 0 0 3004.DAT 
1 0 910 600 700 -1 0 0 0 -1 0 0 0 1 3004.DAT 
1 0 900 600 740 -1 0 0 0 -1 0 0 0 1 3005.dat 
1 0 910 600 790 0 0 1 0 -1 0 1 0 0 3003.DAT 
1 0 900 600 830 0 0 1 0 -1 0 1 0 0 3004.DAT 
1 0 920 600 610 0 0 1 0 -1 0 1 0 0 3004.DAT 
1 0 930 600 650 0 0 1 0 -1 0 1 0 0 3003.DAT 
1 0 930 600 680 -1 0 0 0 -1 0 0 0 1 3004.DAT 
1 0 950 600 800 -1 0 0 0 -1 0 0 0 1 3004.DAT 
1 0 960 600 670 0 0 1 0 -1 0 1 0 0 3004.DAT 
1 0 980 600 690 0 0 1 0 -1 0 1 0 0 3004.DAT 
1 288 980 600 790 0 0 1 0 -1 0 1 0 0 3004.DAT 
1 288 1000 600 710 0 0 1 0 -1 0 1 0 0 3004.DAT 
1 288 1000 600 750 0 0 1 0 -1 0 1 0 0 3004.DAT 
1 2 760 600 480 -1 0 0 0 -1 0 0 0 1 3005.dat 
1 8 730 600 820 -1 0 0 0 -1 0 0 0 1 3004.DAT 
1 8 740 600 740 -1 0 0 0 -1 0 0 0 1 3005.dat 
1 8 770 600 700 -1 0 0 0 -1 0 0 0 1 3004.DAT 
1 8 760 600 830 0 0 1 0 -1 0 1 0 0 3004.DAT 
1 8 810 600 710 0 0 1 0 -1 0 1 0 0 3003.DAT 
1 8 810 600 740 -1 0 0 0 -1 0 0 0 1 3004.DAT 
1 8 840 600 740 -1 0 0 0 -1 0 0 0 1 3005.dat 
1 8 940 600 780 -1 0 0 0 -1 0 0 0 1 3005.dat 
1 81 760 600 800 -1 0 0 0 -1 0 0 0 1 3005.dat 
1 81 780 600 830 0 0 1 0 -1 0 1 0 0 3004.DAT 
1 81 810 600 840 -1 0 0 0 -1 0 0 0 1 3004.DAT 
1 81 840 600 830 0 0 1 0 -1 0 1 0 0 3004.DAT 
1 81 860 600 760 -1 0 0 0 -1 0 0 0 1 3005.dat 
1 81 860 600 810 0 0 1 0 -1 0 1 0 0 3004.DAT 
1 148 720 600 720 -1 0 0 0 -1 0 0 0 1 3005.dat 
1 288 320 600 780 -1 0 0 0 -1 0 0 0 1 3005.dat 
1 288 330 600 820 -1 0 0 0 -1 0 0 0 1 3004.DAT 
1 288 380 600 760 -1 0 0 0 -1 0 0 0 1 3005.dat 
1 288 930 600 830 0 0 1 0 -1 0 1 0 0 3003.DAT 
1 288 960 600 700 -1 0 0 0 -1 0 0 0 1 3005.dat 
1 288 960 600 770 0 0 1 0 -1 0 1 0 0 3004.DAT 
1 288 970 600 820 -1 0 0 0 -1 0 0 0 1 3004.DAT 
1 288 980 600 730 0 0 1 0 -1 0 1 0 0 3004.DAT 
1 288 980 600 760 -1 0 0 0 -1 0 0 0 1 3005.dat 
1 288 590 600 680 -1 0 0 0 -1 0 0 0 1 3004.DAT 
1 288 610 600 650 0 0 1 0 -1 0 1 0 0 3003.DAT 
1 288 620 600 610 0 0 1 0 -1 0 1 0 0 3004.DAT 
1 288 620 600 680 -1 0 0 0 -1 0 0 0 1 3005.dat 
1 288 640 600 590 0 0 1 0 -1 0 1 0 0 3004.DAT 
1 288 640 600 630 0 0 1 0 -1 0 1 0 0 3004.DAT 
1 288 660 600 640 -1 0 0 0 -1 0 0 0 1 3005.dat 
1 496 190 600 940 -1 0 0 0 -1 0 0 0 1 3004.DAT 
1 496 210 600 920 -1 0 0 0 -1 0 0 0 1 3004.DAT 
1 496 230 600 900 -1 0 0 0 -1 0 0 0 1 3004.DAT 
1 496 220 600 950 0 0 1 0 -1 0 1 0 0 3004.DAT 
1 496 240 600 880 -1 0 0 0 -1 0 0 0 1 3005.dat 
1 496 240 600 930 0 0 1 0 -1 0 1 0 0 3004.DAT 
1 496 240 600 970 0 0 1 0 -1 0 1 0 0 3004.DAT 
1 496 250 600 1000 -1 0 0 0 -1 0 0 0 1 3004.DAT 
1 496 240 600 1040 -1 0 0 0 -1 0 0 0 1 3005.dat 
1 496 270 600 860 -1 0 0 0 -1 0 0 0 1 3004.DAT 
1 496 260 600 910 0 0 1 0 -1 0 1 0 0 3004.DAT 
1 496 260 600 950 0 0 1 0 -1 0 1 0 0 3004.DAT 
1 496 270 600 980 -1 0 0 0 -1 0 0 0 1 3004.DAT 
1 496 260 600 1020 -1 0 0 0 -1 0 0 0 1 3005.dat 
1 496 290 600 840 -1 0 0 0 -1 0 0 0 1 3004.DAT 
1 496 280 600 890 0 0 1 0 -1 0 1 0 0 3004.DAT 
1 496 280 600 930 0 0 1 0 -1 0 1 0 0 3004.DAT 
1 496 290 600 960 -1 0 0 0 -1 0 0 0 1 3004.DAT 
1 496 290 600 1000 -1 0 0 0 -1 0 0 0 1 3004.DAT 
1 496 310 600 890 0 0 1 0 -1 0 1 0 0 3001.DAT 
1 496 310 600 940 -1 0 0 0 -1 0 0 0 1 3004.DAT 
1 496 310 600 980 -1 0 0 0 -1 0 0 0 1 3004.DAT 
1 496 330 600 960 -1 0 0 0 -1 0 0 0 1 3004.DAT 
1 496 320 600 1000 -1 0 0 0 -1 0 0 0 1 3005.dat 
1 496 350 600 870 0 0 1 0 -1 0 1 0 0 3001.DAT 
1 496 340 600 930 0 0 1 0 -1 0 1 0 0 3004.DAT 
1 496 340 600 980 -1 0 0 0 -1 0 0 0 1 3005.dat 
1 496 360 600 920 -1 0 0 0 -1 0 0 0 1 3005.dat 
1 496 380 600 830 0 0 1 0 -1 0 1 0 0 3004.DAT 
1 496 380 600 870 0 0 1 0 -1 0 1 0 0 3004.DAT 
1 496 510 600 780 -1 0 0 0 -1 0 0 0 1 3004.DAT 
1 496 530 600 800 -1 0 0 0 -1 0 0 0 1 3004.DAT 
1 496 560 600 800 -1 0 0 0 -1 0 0 0 1 3005.dat 
0 STEP
1 0 310 624 830 0 0 1 0 -1 0 1 0 0 3003.DAT 
1 0 320 624 750 0 0 1 0 -1 0 1 0 0 3004.DAT 
1 0 320 624 790 0 0 1 0 -1 0 1 0 0 3004.DAT 
1 0 350 624 750 0 0 1 0 -1 0 1 0 0 3001.DAT 
1 0 370 624 810 1 0 0 0 -1 0 0 0 -1 3001.DAT 
1 0 390 624 750 0 0 1 0 -1 0 1 0 0 3001.DAT 
1 0 420 624 790 0 0 1 0 -1 0 1 0 0 3004.DAT 
1 0 660 624 610 0 0 1 0 -1 0 1 0 0 3004.DAT 
1 0 660 624 650 0 0 1 0 -1 0 1 0 0 3004.DAT 
1 0 670 624 680 -1 0 0 0 -1 0 0 0 1 3004.DAT 
1 0 680 624 510 0 0 1 0 -1 0 1 0 0 3004.DAT 
1 0 680 624 550 0 0 1 0 -1 0 1 0 0 3004.DAT 
1 0 680 624 580 -1 0 0 0 -1 0 0 0 1 3005.dat 
1 0 680 624 660 -1 0 0 0 -1 0 0 0 1 3005.dat 
1 0 690 624 700 -1 0 0 0 -1 0 0 0 1 3004.DAT 
1 0 730 624 470 1 0 0 0 -1 0 0 0 -1 3001.DAT 
1 0 700 624 500 -1 0 0 0 -1 0 0 0 1 3005.dat 
1 0 700 624 680 -1 0 0 0 -1 0 0 0 1 3005.dat 
1 0 710 624 720 -1 0 0 0 -1 0 0 0 1 3004.DAT 
1 0 720 624 700 -1 0 0 0 -1 0 0 0 1 3005.dat 
1 0 730 624 740 -1 0 0 0 -1 0 0 0 1 3004.DAT 
1 0 740 624 720 -1 0 0 0 -1 0 0 0 1 3005.dat 
1 0 750 624 760 -1 0 0 0 -1 0 0 0 1 3004.DAT 
1 0 760 624 740 -1 0 0 0 -1 0 0 0 1 3005.dat 
1 0 770 624 780 -1 0 0 0 -1 0 0 0 1 3004.DAT 
1 0 780 624 470 0 0 1 0 -1 0 1 0 0 3004.DAT 
1 0 790 624 800 -1 0 0 0 -1 0 0 0 1 3004.DAT 
1 0 810 624 490 0 0 1 0 -1 0 1 0 0 3003.DAT 
1 0 810 624 780 -1 0 0 0 -1 0 0 0 1 3004.DAT 
1 0 820 624 800 -1 0 0 0 -1 0 0 0 1 3005.dat 
1 0 840 624 510 0 0 1 0 -1 0 1 0 0 3004.DAT 
1 0 850 624 780 -1 0 0 0 -1 0 0 0 1 3004.DAT 
1 0 860 624 530 0 0 1 0 -1 0 1 0 0 3004.DAT 
1 0 860 624 570 0 0 1 0 -1 0 1 0 0 3004.DAT 
1 0 880 624 550 0 0 1 0 -1 0 1 0 0 3004.DAT 
1 0 890 624 590 0 0 1 0 -1 0 1 0 0 3003.DAT 
1 0 890 624 780 -1 0 0 0 -1 0 0 0 1 3004.DAT 
1 0 900 624 670 0 0 1 0 -1 0 1 0 0 3004.DAT 
1 0 910 624 700 -1 0 0 0 -1 0 0 0 1 3004.DAT 
1 0 910 624 800 -1 0 0 0 -1 0 0 0 1 3004.DAT 
1 0 920 624 610 0 0 1 0 -1 0 1 0 0 3004.DAT 
1 0 920 624 650 0 0 1 0 -1 0 1 0 0 3004.DAT 
1 0 920 624 680 -1 0 0 0 -1 0 0 0 1 3005.dat 
1 0 930 624 780 -1 0 0 0 -1 0 0 0 1 3004.DAT 
1 0 940 624 630 0 0 1 0 -1 0 1 0 0 3004.DAT 
1 0 950 624 660 -1 0 0 0 -1 0 0 0 1 3004.DAT 
1 0 950 624 800 -1 0 0 0 -1 0 0 0 1 3004.DAT 
1 0 960 624 640 -1 0 0 0 -1 0 0 0 1 3005.dat 
1 0 970 624 680 -1 0 0 0 -1 0 0 0 1 3004.DAT 
1 288 970 624 780 -1 0 0 0 -1 0 0 0 1 3004.DAT 
1 288 990 624 760 -1 0 0 0 -1 0 0 0 1 3004.DAT 
1 288 1000 624 690 0 0 1 0 -1 0 1 0 0 3004.DAT 
1 288 1000 624 730 0 0 1 0 -1 0 1 0 0 3004.DAT 
1 8 700 624 810 0 0 1 0 -1 0 1 0 0 3004.DAT 
1 8 720 624 760 -1 0 0 0 -1 0 0 0 1 3005.dat 
1 8 730 624 820 -1 0 0 0 -1 0 0 0 1 3004.DAT 
1 8 740 624 780 -1 0 0 0 -1 0 0 0 1 3005.dat 
1 8 750 624 840 -1 0 0 0 -1 0 0 0 1 3004.DAT 
1 8 760 624 820 -1 0 0 0 -1 0 0 0 1 3005.dat 
1 8 790 624 760 -1 0 0 0 -1 0 0 0 1 3004.DAT 
1 8 800 624 740 -1 0 0 0 -1 0 0 0 1 3005.dat 
1 81 680 624 790 0 0 1 0 -1 0 1 0 0 3004.DAT 
1 81 810 624 850 1 0 0 0 -1 0 0 0 -1 3001.DAT 
1 81 870 624 820 -1 0 0 0 -1 0 0 0 1 3004.DAT 
1 81 860 624 860 -1 0 0 0 -1 0 0 0 1 3005.dat 
1 81 880 624 800 -1 0 0 0 -1 0 0 0 1 3005.dat 
1 81 410 624 700 -1 0 0 0 -1 0 0 0 1 3004.DAT 
1 81 420 624 720 -1 0 0 0 -1 0 0 0 1 3005.dat 
1 81 440 624 690 0 0 1 0 -1 0 1 0 0 3004.DAT 
1 288 300 624 770 0 0 1 0 -1 0 1 0 0 3004.DAT 
1 288 300 624 800 -1 0 0 0 -1 0 0 0 1 3005.dat 
1 288 910 624 840 -1 0 0 0 -1 0 0 0 1 3004.DAT 
1 288 930 624 820 -1 0 0 0 -1 0 0 0 1 3004.DAT 
1 288 950 624 840 -1 0 0 0 -1 0 0 0 1 3004.DAT 
1 288 960 624 750 0 0 1 0 -1 0 1 0 0 3004.DAT 
1 288 960 624 820 -1 0 0 0 -1 0 0 0 1 3005.dat 
1 288 980 624 660 -1 0 0 0 -1 0 0 0 1 3005.dat 
1 288 980 624 710 0 0 1 0 -1 0 1 0 0 3004.DAT 
1 288 980 624 740 -1 0 0 0 -1 0 0 0 1 3005.dat 
1 288 980 624 800 -1 0 0 0 -1 0 0 0 1 3005.dat 
1 496 250 624 900 -1 0 0 0 -1 0 0 0 1 3004.DAT 
1 496 270 624 860 -1 0 0 0 -1 0 0 0 1 3004.DAT 
1 496 270 624 920 -1 0 0 0 -1 0 0 0 1 3004.DAT 
1 496 280 624 840 -1 0 0 0 -1 0 0 0 1 3005.dat 
1 496 280 624 890 0 0 1 0 -1 0 1 0 0 3004.DAT 
1 496 290 624 950 0 0 1 0 -1 0 1 0 0 3003.DAT 
1 496 280 624 980 -1 0 0 0 -1 0 0 0 1 3005.dat 
1 496 310 624 890 0 0 1 0 -1 0 1 0 0 3001.DAT 
1 496 320 624 950 0 0 1 0 -1 0 1 0 0 3004.DAT 
1 496 330 624 980 -1 0 0 0 -1 0 0 0 1 3004.DAT 
1 496 350 624 870 0 0 1 0 -1 0 1 0 0 3001.DAT 
1 496 350 624 920 -1 0 0 0 -1 0 0 0 1 3004.DAT 
1 496 340 624 960 -1 0 0 0 -1 0 0 0 1 3005.dat 
1 496 390 624 850 0 0 1 0 -1 0 1 0 0 3003.DAT 
1 496 380 624 890 0 0 1 0 -1 0 1 0 0 3004.DAT 
1 496 400 624 880 -1 0 0 0 -1 0 0 0 1 3005.dat 
1 496 420 624 830 0 0 1 0 -1 0 1 0 0 3004.DAT 
1 496 420 624 860 -1 0 0 0 -1 0 0 0 1 3005.dat 
1 496 440 624 810 0 0 1 0 -1 0 1 0 0 3004.DAT 
1 496 440 624 840 -1 0 0 0 -1 0 0 0 1 3005.dat 
0 STEP
1 0 310 648 830 0 0 1 0 -1 0 1 0 0 3003.DAT 
1 0 320 648 750 0 0 1 0 -1 0 1 0 0 3004.DAT 
1 0 320 648 790 0 0 1 0 -1 0 1 0 0 3004.DAT 
1 0 340 648 730 0 0 1 0 -1 0 1 0 0 3004.DAT 
1 0 340 648 770 0 0 1 0 -1 0 1 0 0 3004.DAT 
1 0 340 648 810 0 0 1 0 -1 0 1 0 0 3004.DAT 
1 0 340 648 840 -1 0 0 0 -1 0 0 0 1 3005.dat 
1 0 370 648 720 -1 0 0 0 -1 0 0 0 1 3004.DAT 
1 0 360 648 790 0 0 1 0 -1 0 1 0 0 3004.DAT 
1 0 370 648 820 -1 0 0 0 -1 0 0 0 1 3004.DAT 
1 81 390 648 700 -1 0 0 0 -1 0 0 0 1 3004.DAT 
1 0 390 648 770 0 0 1 0 -1 0 1 0 0 3003.DAT 
1 0 390 648 800 -1 0 0 0 -1 0 0 0 1 3004.DAT 
1 0 400 648 730 0 0 1 0 -1 0 1 0 0 3004.DAT 
1 0 400 648 820 -1 0 0 0 -1 0 0 0 1 3005.dat 
1 0 430 648 710 0 0 1 0 -1 0 1 0 0 3003.DAT 
1 0 420 648 750 0 0 1 0 -1 0 1 0 0 3004.DAT 
1 0 420 648 790 0 0 1 0 -1 0 1 0 0 3004.DAT 
1 0 440 648 740 -1 0 0 0 -1 0 0 0 1 3005.dat 
1 0 650 648 650 0 0 1 0 -1 0 1 0 0 3003.DAT 
1 0 660 648 610 0 0 1 0 -1 0 1 0 0 3004.DAT 
1 0 670 648 690 0 0 1 0 -1 0 1 0 0 3003.DAT 
1 0 680 648 550 0 0 1 0 -1 0 1 0 0 3004.DAT 
1 0 680 648 590 0 0 1 0 -1 0 1 0 0 3004.DAT 
1 0 680 648 620 -1 0 0 0 -1 0 0 0 1 3005.dat 
1 0 690 648 720 -1 0 0 0 -1 0 0 0 1 3004.DAT 
1 0 700 648 490 0 0 1 0 -1 0 1 0 0 3004.DAT 
1 0 700 648 520 -1 0 0 0 -1 0 0 0 1 3005.dat 
1 0 700 648 700 -1 0 0 0 -1 0 0 0 1 3005.dat 
1 0 710 648 740 -1 0 0 0 -1 0 0 0 1 3004.DAT 
1 0 730 648 470 0 0 1 0 -1 0 1 0 0 3003.DAT 
1 0 730 648 760 -1 0 0 0 -1 0 0 0 1 3004.DAT 
1 0 750 648 780 -1 0 0 0 -1 0 0 0 1 3004.DAT 
1 0 770 648 490 0 0 1 0 -1 0 1 0 0 3003.DAT 
1 0 760 648 760 -1 0 0 0 -1 0 0 0 1 3005.dat 
1 0 780 648 790 0 0 1 0 -1 0 1 0 0 3004.DAT 
1 0 810 648 500 -1 0 0 0 -1 0 0 0 1 3004.DAT 
1 0 810 648 800 -1 0 0 0 -1 0 0 0 1 3004.DAT 
1 0 830 648 520 -1 0 0 0 -1 0 0 0 1 3004.DAT 
1 0 850 648 540 -1 0 0 0 -1 0 0 0 1 3004.DAT 
1 0 850 648 800 -1 0 0 0 -1 0 0 0 1 3004.DAT 
1 0 860 648 520 -1 0 0 0 -1 0 0 0 1 3005.dat 
1 0 870 648 780 -1 0 0 0 -1 0 0 0 1 3004.DAT 
1 0 880 648 550 0 0 1 0 -1 0 1 0 0 3004.DAT 
1 0 890 648 580 -1 0 0 0 -1 0 0 0 1 3004.DAT 
1 0 890 648 800 -1 0 0 0 -1 0 0 0 1 3004.DAT 
1 0 910 648 610 0 0 1 0 -1 0 1 0 0 3003.DAT 
1 0 910 648 680 -1 0 0 0 -1 0 0 0 1 3004.DAT 
1 0 910 648 780 -1 0 0 0 -1 0 0 0 1 3004.DAT 
1 0 920 648 650 0 0 1 0 -1 0 1 0 0 3004.DAT 
1 0 940 648 630 0 0 1 0 -1 0 1 0 0 3004.DAT 
1 0 950 648 660 -1 0 0 0 -1 0 0 0 1 3004.DAT 
1 0 950 648 780 -1 0 0 0 -1 0 0 0 1 3004.DAT 
1 0 960 648 640 -1 0 0 0 -1 0 0 0 1 3005.dat 
1 0 970 648 680 -1 0 0 0 -1 0 0 0 1 3004.DAT 
1 0 970 648 760 -1 0 0 0 -1 0 0 0 1 3004.DAT 
1 0 980 648 660 -1 0 0 0 -1 0 0 0 1 3005.dat 
1 288 990 648 700 -1 0 0 0 -1 0 0 0 1 3004.DAT 
1 288 990 648 740 -1 0 0 0 -1 0 0 0 1 3004.DAT 
1 0 980 648 780 -1 0 0 0 -1 0 0 0 1 3005.dat 
1 288 1000 648 680 -1 0 0 0 -1 0 0 0 1 3005.dat 
1 288 1000 648 720 -1 0 0 0 -1 0 0 0 1 3005.dat 
1 8 700 648 810 0 0 1 0 -1 0 1 0 0 3004.DAT 
1 8 720 648 720 -1 0 0 0 -1 0 0 0 1 3005.dat 
1 8 720 648 780 -1 0 0 0 -1 0 0 0 1 3005.dat 
1 8 720 648 830 0 0 1 0 -1 0 1 0 0 3004.DAT 
1 8 750 648 840 -1 0 0 0 -1 0 0 0 1 3004.DAT 
1 8 920 648 580 -1 0 0 0 -1 0 0 0 1 3005.dat 
1 81 620 648 680 -1 0 0 0 -1 0 0 0 1 3005.dat 
1 81 670 648 770 0 0 1 0 -1 0 1 0 0 3003.DAT 
1 81 680 648 810 0 0 1 0 -1 0 1 0 0 3004.DAT 
1 81 700 648 780 -1 0 0 0 -1 0 0 0 1 3005.dat 
1 81 700 648 840 -1 0 0 0 -1 0 0 0 1 3005.dat 
1 81 750 648 860 -1 0 0 0 -1 0 0 0 1 3004.DAT 
1 81 780 648 850 0 0 1 0 -1 0 1 0 0 3004.DAT 
1 81 810 648 860 -1 0 0 0 -1 0 0 0 1 3004.DAT 
1 81 850 648 860 -1 0 0 0 -1 0 0 0 1 3004.DAT 
1 81 870 648 840 -1 0 0 0 -1 0 0 0 1 3004.DAT 
1 81 890 648 820 -1 0 0 0 -1 0 0 0 1 3004.DAT 
1 81 880 648 860 -1 0 0 0 -1 0 0 0 1 3005.dat 
1 81 410 648 680 -1 0 0 0 -1 0 0 0 1 3004.DAT 
1 81 420 648 660 -1 0 0 0 -1 0 0 0 1 3005.dat 
1 81 450 648 680 -1 0 0 0 -1 0 0 0 1 3004.DAT 
1 81 440 648 760 -1 0 0 0 -1 0 0 0 1 3005.dat 
1 81 470 648 660 -1 0 0 0 -1 0 0 0 1 3004.DAT 
1 81 460 648 710 0 0 1 0 -1 0 1 0 0 3004.DAT 
1 81 480 648 700 -1 0 0 0 -1 0 0 0 1 3005.dat 
1 148 640 648 680 -1 0 0 0 -1 0 0 0 1 3005.dat 
1 288 300 648 790 0 0 1 0 -1 0 1 0 0 3004.DAT 
1 288 930 648 840 -1 0 0 0 -1 0 0 0 1 3004.DAT 
1 288 950 648 820 -1 0 0 0 -1 0 0 0 1 3004.DAT 
1 288 960 648 740 -1 0 0 0 -1 0 0 0 1 3005.dat 
1 288 970 648 800 -1 0 0 0 -1 0 0 0 1 3004.DAT 
1 288 980 648 720 -1 0 0 0 -1 0 0 0 1 3005.dat 
1 288 1000 648 770 0 0 1 0 -1 0 1 0 0 3004.DAT 
1 496 310 648 860 -1 0 0 0 -1 0 0 0 1 3004.DAT 
1 496 330 648 880 -1 0 0 0 -1 0 0 0 1 3004.DAT 
1 496 350 648 860 -1 0 0 0 -1 0 0 0 1 3004.DAT 
1 496 350 648 900 -1 0 0 0 -1 0 0 0 1 3004.DAT 
1 496 360 648 750 0 0 1 0 -1 0 1 0 0 3004.DAT 
1 496 370 648 840 -1 0 0 0 -1 0 0 0 1 3004.DAT 
1 496 370 648 880 -1 0 0 0 -1 0 0 0 1 3004.DAT 
1 496 380 648 740 -1 0 0 0 -1 0 0 0 1 3005.dat 
1 496 390 648 860 -1 0 0 0 -1 0 0 0 1 3004.DAT 
1 496 380 648 900 -1 0 0 0 -1 0 0 0 1 3005.dat 
1 496 410 648 840 -1 0 0 0 -1 0 0 0 1 3004.DAT 
1 496 410 648 880 -1 0 0 0 -1 0 0 0 1 3004.DAT 
1 496 430 648 820 -1 0 0 0 -1 0 0 0 1 3004.DAT 
1 496 430 648 860 -1 0 0 0 -1 0 0 0 1 3004.DAT 
1 496 440 648 790 0 0 1 0 -1 0 1 0 0 3004.DAT 
1 496 450 648 840 -1 0 0 0 -1 0 0 0 1 3004.DAT 
1 496 470 648 790 0 0 1 0 -1 0 1 0 0 3001.DAT 
1 496 460 648 860 -1 0 0 0 -1 0 0 0 1 3005.dat 
1 496 480 648 840 -1 0 0 0 -1 0 0 0 1 3005.dat 
1 496 500 648 740 -1 0 0 0 -1 0 0 0 1 3005.dat 
0 STEP
1 0 330 672 790 0 0 1 0 -1 0 1 0 0 3001.DAT 
1 0 320 672 840 -1 0 0 0 -1 0 0 0 1 3005.dat 
1 0 350 672 730 0 0 1 0 -1 0 1 0 0 3003.DAT 
1 0 360 672 770 0 0 1 0 -1 0 1 0 0 3004.DAT 
1 0 370 672 810 0 0 1 0 -1 0 1 0 0 3003.DAT 
1 81 380 672 710 0 0 1 0 -1 0 1 0 0 3004.DAT 
1 0 400 672 690 0 0 1 0 -1 0 1 0 0 3004.DAT 
1 0 410 672 800 -1 0 0 0 -1 0 0 0 1 3004.DAT 
1 81 430 672 690 0 0 1 0 -1 0 1 0 0 3001.DAT 
1 0 430 672 750 0 0 1 0 -1 0 1 0 0 3003.DAT 
1 0 420 672 780 -1 0 0 0 -1 0 0 0 1 3005.dat 
1 0 470 672 670 0 0 1 0 -1 0 1 0 0 3001.DAT 
1 0 460 672 720 -1 0 0 0 -1 0 0 0 1 3005.dat 
1 0 500 672 640 -1 0 0 0 -1 0 0 0 1 3005.dat 
1 0 670 672 590 0 0 1 0 -1 0 1 0 0 3001.DAT 
1 0 660 672 650 0 0 1 0 -1 0 1 0 0 3004.DAT 
1 0 660 672 690 0 0 1 0 -1 0 1 0 0 3004.DAT 
1 0 660 672 730 0 0 1 0 -1 0 1 0 0 3004.DAT 
1 0 690 672 530 0 0 1 0 -1 0 1 0 0 3003.DAT 
1 0 680 672 710 0 0 1 0 -1 0 1 0 0 3004.DAT 
1 0 690 672 750 0 0 1 0 -1 0 1 0 0 3003.DAT 
1 0 710 672 490 0 0 1 0 -1 0 1 0 0 3003.DAT 
1 0 700 672 560 -1 0 0 0 -1 0 0 0 1 3005.dat 
1 0 710 672 780 -1 0 0 0 -1 0 0 0 1 3004.DAT 
1 0 730 672 760 -1 0 0 0 -1 0 0 0 1 3004.DAT 
1 0 740 672 490 0 0 1 0 -1 0 1 0 0 3004.DAT 
1 0 750 672 520 -1 0 0 0 -1 0 0 0 1 3004.DAT 
1 0 750 672 780 -1 0 0 0 -1 0 0 0 1 3004.DAT 
1 0 760 672 500 -1 0 0 0 -1 0 0 0 1 3005.dat 
1 0 760 672 760 -1 0 0 0 -1 0 0 0 1 3005.dat 
1 0 790 672 520 -1 0 0 0 -1 0 0 0 1 3004.DAT 
1 0 790 672 780 -1 0 0 0 -1 0 0 0 1 3004.DAT 
1 0 810 672 800 -1 0 0 0 -1 0 0 0 1 3004.DAT 
1 0 820 672 530 0 0 1 0 -1 0 1 0 0 3004.DAT 
1 0 820 672 780 -1 0 0 0 -1 0 0 0 1 3005.dat 
1 0 850 672 540 -1 0 0 0 -1 0 0 0 1 3004.DAT 
1 0 850 672 800 -1 0 0 0 -1 0 0 0 1 3004.DAT 
1 0 870 672 560 -1 0 0 0 -1 0 0 0 1 3004.DAT 
1 0 870 672 780 -1 0 0 0 -1 0 0 0 1 3004.DAT 
1 0 880 672 540 -1 0 0 0 -1 0 0 0 1 3005.dat 
1 0 890 672 800 -1 0 0 0 -1 0 0 0 1 3004.DAT 
1 0 900 672 570 0 0 1 0 -1 0 1 0 0 3004.DAT 
1 0 910 672 780 -1 0 0 0 -1 0 0 0 1 3004.DAT 
1 0 920 672 590 0 0 1 0 -1 0 1 0 0 3004.DAT 
1 0 920 672 630 0 0 1 0 -1 0 1 0 0 3004.DAT 
1 0 950 672 640 -1 0 0 0 -1 0 0 0 1 3004.DAT 
1 0 940 672 770 0 0 1 0 -1 0 1 0 0 3004.DAT 
1 0 970 672 660 -1 0 0 0 -1 0 0 0 1 3004.DAT 
1 0 970 672 760 -1 0 0 0 -1 0 0 0 1 3004.DAT 
1 0 980 672 690 0 0 1 0 -1 0 1 0 0 3004.DAT 
1 0 980 672 730 0 0 1 0 -1 0 1 0 0 3004.DAT 
1 288 1000 672 680 -1 0 0 0 -1 0 0 0 1 3005.dat 
1 8 620 672 630 0 0 1 0 -1 0 1 0 0 3004.DAT 
1 8 630 672 660 -1 0 0 0 -1 0 0 0 1 3004.DAT 
1 8 640 672 610 0 0 1 0 -1 0 1 0 0 3004.DAT 
1 8 640 672 640 -1 0 0 0 -1 0 0 0 1 3005.dat 
1 8 640 672 680 -1 0 0 0 -1 0 0 0 1 3005.dat 
1 8 730 672 840 -1 0 0 0 -1 0 0 0 1 3004.DAT 
1 8 940 672 610 0 0 1 0 -1 0 1 0 0 3004.DAT 
1 81 640 672 730 0 0 1 0 -1 0 1 0 0 3004.DAT 
1 81 660 672 770 0 0 1 0 -1 0 1 0 0 3004.DAT 
1 81 660 672 800 -1 0 0 0 -1 0 0 0 1 3005.dat 
1 81 690 672 830 0 0 1 0 -1 0 1 0 0 3003.DAT 
1 81 720 672 820 -1 0 0 0 -1 0 0 0 1 3005.dat 
1 81 750 672 860 -1 0 0 0 -1 0 0 0 1 3004.DAT 
1 81 770 672 840 -1 0 0 0 -1 0 0 0 1 3004.DAT 
1 81 790 672 860 -1 0 0 0 -1 0 0 0 1 3004.DAT 
1 81 830 672 860 -1 0 0 0 -1 0 0 0 1 3004.DAT 
1 81 870 672 860 -1 0 0 0 -1 0 0 0 1 3004.DAT 
1 81 890 672 840 -1 0 0 0 -1 0 0 0 1 3004.DAT 
1 81 910 672 820 -1 0 0 0 -1 0 0 0 1 3004.DAT 
1 81 920 672 800 -1 0 0 0 -1 0 0 0 1 3005.dat 
1 81 380 672 680 -1 0 0 0 -1 0 0 0 1 3005.dat 
1 81 400 672 660 -1 0 0 0 -1 0 0 0 1 3005.dat 
1 81 400 672 720 -1 0 0 0 -1 0 0 0 1 3005.dat 
1 81 440 672 640 -1 0 0 0 -1 0 0 0 1 3005.dat 
1 81 470 672 620 -1 0 0 0 -1 0 0 0 1 3004.DAT 
1 81 460 672 740 -1 0 0 0 -1 0 0 0 1 3005.dat 
1 81 480 672 720 -1 0 0 0 -1 0 0 0 1 3005.dat 
1 81 510 672 620 -1 0 0 0 -1 0 0 0 1 3004.DAT 
1 81 500 672 670 0 0 1 0 -1 0 1 0 0 3004.DAT 
1 81 500 672 700 -1 0 0 0 -1 0 0 0 1 3005.dat 
1 81 520 672 650 0 0 1 0 -1 0 1 0 0 3004.DAT 
1 81 520 672 680 -1 0 0 0 -1 0 0 0 1 3005.dat 
1 148 620 672 690 0 0 1 0 -1 0 1 0 0 3004.DAT 
1 148 640 672 700 -1 0 0 0 -1 0 0 0 1 3005.dat 
1 288 320 672 740 -1 0 0 0 -1 0 0 0 1 3005.dat 
1 288 380 672 780 -1 0 0 0 -1 0 0 0 1 3005.dat 
1 288 930 672 840 -1 0 0 0 -1 0 0 0 1 3004.DAT 
1 288 950 672 820 -1 0 0 0 -1 0 0 0 1 3004.DAT 
1 288 970 672 790 0 0 1 0 -1 0 1 0 0 3003.DAT 
1 288 980 672 820 -1 0 0 0 -1 0 0 0 1 3005.dat 
1 288 1000 672 710 0 0 1 0 -1 0 1 0 0 3004.DAT 
1 288 1000 672 750 0 0 1 0 -1 0 1 0 0 3004.DAT 
1 288 1000 672 780 -1 0 0 0 -1 0 0 0 1 3005.dat 
1 496 360 672 850 0 0 1 0 -1 0 1 0 0 3004.DAT 
1 496 390 672 750 0 0 1 0 -1 0 1 0 0 3003.DAT 
1 496 390 672 840 -1 0 0 0 -1 0 0 0 1 3004.DAT 
1 496 400 672 780 -1 0 0 0 -1 0 0 0 1 3005.dat 
1 496 410 672 820 -1 0 0 0 -1 0 0 0 1 3004.DAT 
1 496 400 672 870 0 0 1 0 -1 0 1 0 0 3004.DAT 
1 496 430 672 850 0 0 1 0 -1 0 1 0 0 3003.DAT 
1 496 420 672 880 -1 0 0 0 -1 0 0 0 1 3005.dat 
1 496 450 672 810 0 0 1 0 -1 0 1 0 0 3003.DAT 
1 496 470 672 760 -1 0 0 0 -1 0 0 0 1 3004.DAT 
1 496 460 672 850 0 0 1 0 -1 0 1 0 0 3004.DAT 
1 496 490 672 740 -1 0 0 0 -1 0 0 0 1 3004.DAT 
1 496 480 672 790 0 0 1 0 -1 0 1 0 0 3004.DAT 
1 496 480 672 830 0 0 1 0 -1 0 1 0 0 3004.DAT 
1 496 510 672 720 -1 0 0 0 -1 0 0 0 1 3004.DAT 
1 496 500 672 770 0 0 1 0 -1 0 1 0 0 3004.DAT 
1 496 500 672 810 0 0 1 0 -1 0 1 0 0 3004.DAT 
1 496 520 672 750 0 0 1 0 -1 0 1 0 0 3004.DAT 
1 496 520 672 790 0 0 1 0 -1 0 1 0 0 3004.DAT 
1 496 520 672 820 -1 0 0 0 -1 0 0 0 1 3005.dat 
0 STEP
1 288 340 696 750 0 0 1 0 -1 0 1 0 0 3004.DAT 
1 0 360 696 730 0 0 1 0 -1 0 1 0 0 3004.DAT 
1 288 360 696 770 0 0 1 0 -1 0 1 0 0 3004.DAT 
1 0 370 696 800 -1 0 0 0 -1 0 0 0 1 3004.DAT 
1 81 380 696 710 0 0 1 0 -1 0 1 0 0 3004.DAT 
1 0 380 696 750 0 0 1 0 -1 0 1 0 0 3004.DAT 
1 0 390 696 780 -1 0 0 0 -1 0 0 0 1 3004.DAT 
1 81 400 696 690 0 0 1 0 -1 0 1 0 0 3004.DAT 
1 0 400 696 730 0 0 1 0 -1 0 1 0 0 3004.DAT 
1 0 410 696 760 -1 0 0 0 -1 0 0 0 1 3004.DAT 
1 0 410 696 800 -1 0 0 0 -1 0 0 0 1 3004.DAT 
1 0 420 696 670 0 0 1 0 -1 0 1 0 0 3004.DAT 
1 0 430 696 740 -1 0 0 0 -1 0 0 0 1 3004.DAT 
1 0 420 696 780 -1 0 0 0 -1 0 0 0 1 3005.dat 
1 0 440 696 650 0 0 1 0 -1 0 1 0 0 3004.DAT 
1 0 440 696 760 -1 0 0 0 -1 0 0 0 1 3005.dat 
1 0 460 696 630 0 0 1 0 -1 0 1 0 0 3004.DAT 
1 0 470 696 720 -1 0 0 0 -1 0 0 0 1 3004.DAT 
1 81 490 696 630 0 0 1 0 -1 0 1 0 0 3001.DAT 
1 0 480 696 690 0 0 1 0 -1 0 1 0 0 3004.DAT 
1 0 500 696 680 -1 0 0 0 -1 0 0 0 1 3005.dat 
1 0 520 696 610 0 0 1 0 -1 0 1 0 0 3004.DAT 
1 0 520 696 650 0 0 1 0 -1 0 1 0 0 3004.DAT 
1 0 640 696 610 0 0 1 0 -1 0 1 0 0 3004.DAT 
1 0 640 696 650 0 0 1 0 -1 0 1 0 0 3004.DAT 
1 0 660 696 590 0 0 1 0 -1 0 1 0 0 3004.DAT 
1 0 660 696 630 0 0 1 0 -1 0 1 0 0 3004.DAT 
1 0 660 696 670 0 0 1 0 -1 0 1 0 0 3004.DAT 
1 0 660 696 710 0 0 1 0 -1 0 1 0 0 3004.DAT 
1 0 660 696 740 -1 0 0 0 -1 0 0 0 1 3005.dat 
1 0 680 696 570 0 0 1 0 -1 0 1 0 0 3004.DAT 
1 0 680 696 600 -1 0 0 0 -1 0 0 0 1 3005.dat 
1 0 690 696 770 0 0 1 0 -1 0 1 0 0 3003.DAT 
1 0 710 696 510 0 0 1 0 -1 0 1 0 0 3003.DAT 
1 0 700 696 550 0 0 1 0 -1 0 1 0 0 3004.DAT 
1 0 720 696 540 -1 0 0 0 -1 0 0 0 1 3005.dat 
1 0 720 696 770 0 0 1 0 -1 0 1 0 0 3004.DAT 
1 0 750 696 520 -1 0 0 0 -1 0 0 0 1 3004.DAT 
1 0 750 696 790 0 0 1 0 -1 0 1 0 0 3003.DAT 
1 0 770 696 540 -1 0 0 0 -1 0 0 0 1 3004.DAT 
1 0 790 696 520 -1 0 0 0 -1 0 0 0 1 3004.DAT 
1 0 790 696 780 -1 0 0 0 -1 0 0 0 1 3004.DAT 
1 0 810 696 800 -1 0 0 0 -1 0 0 0 1 3004.DAT 
1 0 820 696 530 0 0 1 0 -1 0 1 0 0 3004.DAT 
1 0 820 696 780 -1 0 0 0 -1 0 0 0 1 3005.dat 
1 0 850 696 540 -1 0 0 0 -1 0 0 0 1 3004.DAT 
1 0 840 696 810 0 0 1 0 -1 0 1 0 0 3004.DAT 
1 0 870 696 560 -1 0 0 0 -1 0 0 0 1 3004.DAT 
1 0 870 696 800 -1 0 0 0 -1 0 0 0 1 3004.DAT 
1 0 890 696 580 -1 0 0 0 -1 0 0 0 1 3004.DAT 
1 0 900 696 560 -1 0 0 0 -1 0 0 0 1 3005.dat 
1 0 910 696 640 -1 0 0 0 -1 0 0 0 1 3004.DAT 
1 0 910 696 780 -1 0 0 0 -1 0 0 0 1 3004.DAT 
1 0 920 696 590 0 0 1 0 -1 0 1 0 0 3004.DAT 
1 0 920 696 620 -1 0 0 0 -1 0 0 0 1 3005.dat 
1 0 940 696 650 0 0 1 0 -1 0 1 0 0 3004.DAT 
1 0 940 696 770 0 0 1 0 -1 0 1 0 0 3004.DAT 
1 0 970 696 660 -1 0 0 0 -1 0 0 0 1 3004.DAT 
1 0 960 696 750 0 0 1 0 -1 0 1 0 0 3004.DAT 
1 0 980 696 690 0 0 1 0 -1 0 1 0 0 3004.DAT 
1 0 980 696 730 0 0 1 0 -1 0 1 0 0 3004.DAT 
1 288 1000 696 680 -1 0 0 0 -1 0 0 0 1 3005.dat 
1 8 510 696 580 -1 0 0 0 -1 0 0 0 1 3004.DAT 
1 8 620 696 630 0 0 1 0 -1 0 1 0 0 3004.DAT 
1 8 620 696 660 -1 0 0 0 -1 0 0 0 1 3005.dat 
1 8 640 696 580 -1 0 0 0 -1 0 0 0 1 3005.dat 
1 8 640 696 680 -1 0 0 0 -1 0 0 0 1 3005.dat 
1 8 920 696 810 0 0 1 0 -1 0 1 0 0 3004.DAT 
1 8 940 696 610 0 0 1 0 -1 0 1 0 0 3004.DAT 
1 8 940 696 800 -1 0 0 0 -1 0 0 0 1 3005.dat 
1 8 960 696 640 -1 0 0 0 -1 0 0 0 1 3005.dat 
1 81 620 696 690 0 0 1 0 -1 0 1 0 0 3004.DAT 
1 81 640 696 710 0 0 1 0 -1 0 1 0 0 3004.DAT 
1 81 640 696 750 0 0 1 0 -1 0 1 0 0 3004.DAT 
1 81 650 696 780 -1 0 0 0 -1 0 0 0 1 3004.DAT 
1 81 660 696 810 0 0 1 0 -1 0 1 0 0 3004.DAT 
1 81 680 696 830 0 0 1 0 -1 0 1 0 0 3004.DAT 
1 81 710 696 840 -1 0 0 0 -1 0 0 0 1 3004.DAT 
1 81 750 696 840 -1 0 0 0 -1 0 0 0 1 3004.DAT 
1 81 770 696 860 -1 0 0 0 -1 0 0 0 1 3004.DAT 
1 81 790 696 840 -1 0 0 0 -1 0 0 0 1 3004.DAT 
1 81 810 696 860 -1 0 0 0 -1 0 0 0 1 3004.DAT 
1 81 820 696 840 -1 0 0 0 -1 0 0 0 1 3005.dat 
1 81 850 696 860 -1 0 0 0 -1 0 0 0 1 3004.DAT 
1 81 870 696 840 -1 0 0 0 -1 0 0 0 1 3004.DAT 
1 81 880 696 860 -1 0 0 0 -1 0 0 0 1 3005.dat 
1 81 900 696 800 -1 0 0 0 -1 0 0 0 1 3005.dat 
1 81 900 696 840 -1 0 0 0 -1 0 0 0 1 3005.dat 
1 81 400 696 660 -1 0 0 0 -1 0 0 0 1 3005.dat 
1 81 420 696 640 -1 0 0 0 -1 0 0 0 1 3005.dat 
1 81 440 696 610 0 0 1 0 -1 0 1 0 0 3004.DAT 
1 81 460 696 600 -1 0 0 0 -1 0 0 0 1 3005.dat 
1 81 460 696 740 -1 0 0 0 -1 0 0 0 1 3005.dat 
1 81 500 696 700 -1 0 0 0 -1 0 0 0 1 3005.dat 
1 81 530 696 680 -1 0 0 0 -1 0 0 0 1 3004.DAT 
1 81 540 696 610 0 0 1 0 -1 0 1 0 0 3004.DAT 
1 81 540 696 650 0 0 1 0 -1 0 1 0 0 3004.DAT 
1 81 560 696 630 0 0 1 0 -1 0 1 0 0 3004.DAT 
1 288 320 696 770 0 0 1 0 -1 0 1 0 0 3004.DAT 
1 288 330 696 800 -1 0 0 0 -1 0 0 0 1 3004.DAT 
1 288 340 696 780 -1 0 0 0 -1 0 0 0 1 3005.dat 
1 288 930 696 840 -1 0 0 0 -1 0 0 0 1 3004.DAT 
1 288 950 696 820 -1 0 0 0 -1 0 0 0 1 3004.DAT 
1 288 960 696 790 0 0 1 0 -1 0 1 0 0 3004.DAT 
1 288 980 696 770 0 0 1 0 -1 0 1 0 0 3004.DAT 
1 288 980 696 810 0 0 1 0 -1 0 1 0 0 3004.DAT 
1 288 1000 696 710 0 0 1 0 -1 0 1 0 0 3004.DAT 
1 288 1000 696 750 0 0 1 0 -1 0 1 0 0 3004.DAT 
1 288 1000 696 780 -1 0 0 0 -1 0 0 0 1 3005.dat 
1 496 410 696 820 -1 0 0 0 -1 0 0 0 1 3004.DAT 
1 496 430 696 720 -1 0 0 0 -1 0 0 0 1 3004.DAT 
1 496 440 696 790 0 0 1 0 -1 0 1 0 0 3004.DAT 
1 496 440 696 830 0 0 1 0 -1 0 1 0 0 3004.DAT 
1 496 460 696 700 -1 0 0 0 -1 0 0 0 1 3005.dat 
1 496 460 696 770 0 0 1 0 -1 0 1 0 0 3004.DAT 
1 496 460 696 810 0 0 1 0 -1 0 1 0 0 3004.DAT 
1 496 470 696 840 -1 0 0 0 -1 0 0 0 1 3004.DAT 
1 496 480 696 750 0 0 1 0 -1 0 1 0 0 3004.DAT 
1 496 490 696 790 0 0 1 0 -1 0 1 0 0 3003.DAT 
1 496 490 696 820 -1 0 0 0 -1 0 0 0 1 3004.DAT 
1 496 510 696 720 -1 0 0 0 -1 0 0 0 1 3004.DAT 
1 496 530 696 750 0 0 1 0 -1 0 1 0 0 3003.DAT 
1 496 520 696 790 0 0 1 0 -1 0 1 0 0 3004.DAT 
1 496 520 696 820 -1 0 0 0 -1 0 0 0 1 3005.dat 
1 496 540 696 780 -1 0 0 0 -1 0 0 0 1 3005.dat 
0 STEP
1 81 400 720 690 0 0 1 0 -1 0 1 0 0 3004.DAT 
1 0 400 720 730 0 0 1 0 -1 0 1 0 0 3004.DAT 
1 81 420 720 670 0 0 1 0 -1 0 1 0 0 3004.DAT 
1 0 450 720 710 1 0 0 0 -1 0 0 0 -1 3001.DAT 
1 0 430 720 740 -1 0 0 0 -1 0 0 0 1 3004.DAT 
1 81 440 720 630 0 0 1 0 -1 0 1 0 0 3004.DAT 
1 0 470 720 620 -1 0 0 0 -1 0 0 0 1 3004.DAT 
1 0 490 720 600 -1 0 0 0 -1 0 0 0 1 3004.DAT 
1 0 510 720 580 -1 0 0 0 -1 0 0 0 1 3004.DAT 
1 0 500 720 690 0 0 1 0 -1 0 1 0 0 3004.DAT 
1 0 530 720 560 -1 0 0 0 -1 0 0 0 1 3004.DAT 
1 0 530 720 600 -1 0 0 0 -1 0 0 0 1 3004.DAT 
1 0 520 720 650 0 0 1 0 -1 0 1 0 0 3004.DAT 
1 0 520 720 680 -1 0 0 0 -1 0 0 0 1 3005.dat 
1 0 550 720 580 -1 0 0 0 -1 0 0 0 1 3004.DAT 
1 0 540 720 630 0 0 1 0 -1 0 1 0 0 3004.DAT 
1 0 550 720 660 -1 0 0 0 -1 0 0 0 1 3004.DAT 
1 0 560 720 560 -1 0 0 0 -1 0 0 0 1 3005.dat 
1 0 570 720 610 0 0 1 0 -1 0 1 0 0 3003.DAT 
1 0 570 720 640 -1 0 0 0 -1 0 0 0 1 3004.DAT 
1 0 560 720 690 0 0 1 0 -1 0 1 0 0 3004.DAT 
1 0 580 720 670 0 0 1 0 -1 0 1 0 0 3004.DAT 
1 0 580 720 710 0 0 1 0 -1 0 1 0 0 3004.DAT 
1 0 610 720 670 0 0 1 0 -1 0 1 0 0 3001.DAT 
1 0 610 720 730 0 0 1 0 -1 0 1 0 0 3003.DAT 
1 0 640 720 630 0 0 1 0 -1 0 1 0 0 3004.DAT 
1 0 650 720 750 0 0 1 0 -1 0 1 0 0 3003.DAT 
1 0 680 720 580 -1 0 0 0 -1 0 0 0 1 3005.dat 
1 0 680 720 750 0 0 1 0 -1 0 1 0 0 3004.DAT 
1 0 690 720 780 -1 0 0 0 -1 0 0 0 1 3004.DAT 
1 0 700 720 550 0 0 1 0 -1 0 1 0 0 3004.DAT 
1 0 730 720 530 0 0 1 0 -1 0 1 0 0 3003.DAT 
1 0 720 720 770 0 0 1 0 -1 0 1 0 0 3004.DAT 
1 0 750 720 790 0 0 1 0 -1 0 1 0 0 3003.DAT 
1 0 760 720 530 0 0 1 0 -1 0 1 0 0 3004.DAT 
1 0 780 720 550 0 0 1 0 -1 0 1 0 0 3004.DAT 
1 0 810 720 540 -1 0 0 0 -1 0 0 0 1 3004.DAT 
1 0 810 720 800 -1 0 0 0 -1 0 0 0 1 3004.DAT 
1 0 830 720 560 -1 0 0 0 -1 0 0 0 1 3004.DAT 
1 0 830 720 780 -1 0 0 0 -1 0 0 0 1 3004.DAT 
1 0 840 720 760 -1 0 0 0 -1 0 0 0 1 3005.dat 
1 0 850 720 800 -1 0 0 0 -1 0 0 0 1 3004.DAT 
1 0 870 720 560 -1 0 0 0 -1 0 0 0 1 3004.DAT 
1 0 890 720 580 -1 0 0 0 -1 0 0 0 1 3004.DAT 
1 0 880 720 800 -1 0 0 0 -1 0 0 0 1 3005.dat 
1 0 900 720 610 0 0 1 0 -1 0 1 0 0 3004.DAT 
1 0 910 720 640 -1 0 0 0 -1 0 0 0 1 3004.DAT 
1 0 910 720 780 -1 0 0 0 -1 0 0 0 1 3004.DAT 
1 0 920 720 620 -1 0 0 0 -1 0 0 0 1 3005.dat 
1 0 930 720 660 -1 0 0 0 -1 0 0 0 1 3004.DAT 
1 0 940 720 640 -1 0 0 0 -1 0 0 0 1 3005.dat 
1 0 940 720 770 0 0 1 0 -1 0 1 0 0 3004.DAT 
1 0 970 720 660 -1 0 0 0 -1 0 0 0 1 3004.DAT 
1 0 970 720 730 0 0 1 0 -1 0 1 0 0 3003.DAT 
1 0 960 720 760 -1 0 0 0 -1 0 0 0 1 3005.dat 
1 0 980 720 690 0 0 1 0 -1 0 1 0 0 3004.DAT 
1 2 930 720 560 -1 0 0 0 -1 0 0 0 1 3004.DAT 
1 2 940 720 540 -1 0 0 0 -1 0 0 0 1 3005.dat 
1 2 940 720 590 0 0 1 0 -1 0 1 0 0 3004.DAT 
1 2 960 720 570 0 0 1 0 -1 0 1 0 0 3004.DAT 
1 2 960 720 610 0 0 1 0 -1 0 1 0 0 3004.DAT 
1 8 480 720 580 -1 0 0 0 -1 0 0 0 1 3005.dat 
1 8 500 720 560 -1 0 0 0 -1 0 0 0 1 3005.dat 
1 8 620 720 620 -1 0 0 0 -1 0 0 0 1 3005.dat 
1 8 640 720 590 0 0 1 0 -1 0 1 0 0 3004.DAT 
1 8 660 720 570 0 0 1 0 -1 0 1 0 0 3004.DAT 
1 8 680 720 560 -1 0 0 0 -1 0 0 0 1 3005.dat 
1 8 870 720 600 -1 0 0 0 -1 0 0 0 1 3004.DAT 
1 8 880 720 620 -1 0 0 0 -1 0 0 0 1 3005.dat 
1 8 900 720 810 0 0 1 0 -1 0 1 0 0 3004.DAT 
1 8 920 720 600 -1 0 0 0 -1 0 0 0 1 3005.dat 
1 8 930 720 820 -1 0 0 0 -1 0 0 0 1 3004.DAT 
1 8 940 720 620 -1 0 0 0 -1 0 0 0 1 3005.dat 
1 81 650 720 780 -1 0 0 0 -1 0 0 0 1 3004.DAT 
1 81 660 720 810 0 0 1 0 -1 0 1 0 0 3004.DAT 
1 81 680 720 830 0 0 1 0 -1 0 1 0 0 3004.DAT 
1 81 710 720 840 -1 0 0 0 -1 0 0 0 1 3004.DAT 
1 81 750 720 840 -1 0 0 0 -1 0 0 0 1 3004.DAT 
1 81 770 720 860 -1 0 0 0 -1 0 0 0 1 3004.DAT 
1 81 780 720 800 -1 0 0 0 -1 0 0 0 1 3005.dat 
1 81 790 720 840 -1 0 0 0 -1 0 0 0 1 3004.DAT 
1 81 800 720 820 -1 0 0 0 -1 0 0 0 1 3005.dat 
1 81 810 720 860 -1 0 0 0 -1 0 0 0 1 3004.DAT 
1 81 830 720 840 -1 0 0 0 -1 0 0 0 1 3004.DAT 
1 81 840 720 820 -1 0 0 0 -1 0 0 0 1 3005.dat 
1 81 840 720 860 -1 0 0 0 -1 0 0 0 1 3005.dat 
1 81 870 720 840 -1 0 0 0 -1 0 0 0 1 3004.DAT 
1 81 880 720 780 -1 0 0 0 -1 0 0 0 1 3005.dat 
1 81 910 720 840 -1 0 0 0 -1 0 0 0 1 3004.DAT 
1 81 920 720 760 -1 0 0 0 -1 0 0 0 1 3005.dat 
1 81 930 720 800 -1 0 0 0 -1 0 0 0 1 3004.DAT 
1 81 960 720 640 -1 0 0 0 -1 0 0 0 1 3005.dat 
1 81 960 720 780 -1 0 0 0 -1 0 0 0 1 3005.dat 
1 81 380 720 700 -1 0 0 0 -1 0 0 0 1 3005.dat 
1 81 420 720 640 -1 0 0 0 -1 0 0 0 1 3005.dat 
1 81 450 720 600 -1 0 0 0 -1 0 0 0 1 3004.DAT 
1 81 460 720 740 -1 0 0 0 -1 0 0 0 1 3005.dat 
1 81 510 720 620 -1 0 0 0 -1 0 0 0 1 3004.DAT 
1 81 520 720 700 -1 0 0 0 -1 0 0 0 1 3005.dat 
1 288 370 720 740 -1 0 0 0 -1 0 0 0 1 3004.DAT 
1 288 380 720 720 -1 0 0 0 -1 0 0 0 1 3005.dat 
1 288 390 720 770 0 0 1 0 -1 0 1 0 0 3003.DAT 
1 288 960 720 810 0 0 1 0 -1 0 1 0 0 3004.DAT 
1 288 980 720 800 -1 0 0 0 -1 0 0 0 1 3005.dat 
1 496 450 720 780 -1 0 0 0 -1 0 0 0 1 3004.DAT 
1 496 470 720 760 -1 0 0 0 -1 0 0 0 1 3004.DAT 
1 496 490 720 740 -1 0 0 0 -1 0 0 0 1 3004.DAT 
1 496 490 720 780 -1 0 0 0 -1 0 0 0 1 3004.DAT 
1 496 510 720 720 -1 0 0 0 -1 0 0 0 1 3004.DAT 
1 496 510 720 760 -1 0 0 0 -1 0 0 0 1 3004.DAT 
1 496 510 720 800 -1 0 0 0 -1 0 0 0 1 3004.DAT 
1 496 530 720 740 -1 0 0 0 -1 0 0 0 1 3004.DAT 
1 496 530 720 780 -1 0 0 0 -1 0 0 0 1 3004.DAT 
1 496 540 720 760 -1 0 0 0 -1 0 0 0 1 3005.dat 
0 STEP
1 81 430 744 670 0 0 1 0 -1 0 1 0 0 3003.DAT 
1 81 440 744 630 0 0 1 0 -1 0 1 0 0 3004.DAT 
1 0 450 744 700 -1 0 0 0 -1 0 0 0 1 3004.DAT 
1 81 460 744 610 0 0 1 0 -1 0 1 0 0 3004.DAT 
1 0 470 744 680 -1 0 0 0 -1 0 0 0 1 3004.DAT 
1 0 480 744 590 0 0 1 0 -1 0 1 0 0 3004.DAT 
1 81 490 744 700 -1 0 0 0 -1 0 0 0 1 3004.DAT 
1 0 510 744 570 0 0 1 0 -1 0 1 0 0 3003.DAT 
1 0 510 744 680 -1 0 0 0 -1 0 0 0 1 3004.DAT 
1 0 530 744 660 -1 0 0 0 -1 0 0 0 1 3004.DAT 
1 0 540 744 570 0 0 1 0 -1 0 1 0 0 3004.DAT 
1 0 550 744 680 -1 0 0 0 -1 0 0 0 1 3004.DAT 
1 0 570 744 560 -1 0 0 0 -1 0 0 0 1 3004.DAT 
1 0 560 744 710 0 0 1 0 -1 0 1 0 0 3004.DAT 
1 0 590 744 590 0 0 1 0 -1 0 1 0 0 3003.DAT 
1 0 590 744 620 -1 0 0 0 -1 0 0 0 1 3004.DAT 
1 0 590 744 710 0 0 1 0 -1 0 1 0 0 3001.DAT 
1 0 610 744 640 -1 0 0 0 -1 0 0 0 1 3004.DAT 
1 0 610 744 760 -1 0 0 0 -1 0 0 0 1 3004.DAT 
1 0 620 744 610 0 0 1 0 -1 0 1 0 0 3004.DAT 
1 0 630 744 690 0 0 1 0 -1 0 1 0 0 3001.DAT 
1 0 630 744 740 -1 0 0 0 -1 0 0 0 1 3004.DAT 
1 0 640 744 630 0 0 1 0 -1 0 1 0 0 3004.DAT 
1 0 650 744 760 -1 0 0 0 -1 0 0 0 1 3004.DAT 
1 0 660 744 610 0 0 1 0 -1 0 1 0 0 3004.DAT 
1 0 660 744 690 0 0 1 0 -1 0 1 0 0 3004.DAT 
1 0 660 744 730 0 0 1 0 -1 0 1 0 0 3004.DAT 
1 0 670 744 780 -1 0 0 0 -1 0 0 0 1 3004.DAT 
1 0 680 744 590 0 0 1 0 -1 0 1 0 0 3004.DAT 
1 0 700 744 560 -1 0 0 0 -1 0 0 0 1 3005.dat 
1 0 710 744 780 -1 0 0 0 -1 0 0 0 1 3004.DAT 
1 0 730 744 540 -1 0 0 0 -1 0 0 0 1 3004.DAT 
1 0 750 744 780 -1 0 0 0 -1 0 0 0 1 3004.DAT 
1 0 770 744 540 -1 0 0 0 -1 0 0 0 1 3004.DAT 
1 0 790 744 560 -1 0 0 0 -1 0 0 0 1 3004.DAT 
1 0 790 744 780 -1 0 0 0 -1 0 0 0 1 3004.DAT 
1 0 800 744 540 -1 0 0 0 -1 0 0 0 1 3005.dat 
1 0 830 744 560 -1 0 0 0 -1 0 0 0 1 3004.DAT 
1 0 830 744 780 -1 0 0 0 -1 0 0 0 1 3004.DAT 
1 0 850 744 580 -1 0 0 0 -1 0 0 0 1 3004.DAT 
1 0 850 744 760 -1 0 0 0 -1 0 0 0 1 3004.DAT 
1 0 870 744 600 -1 0 0 0 -1 0 0 0 1 3004.DAT 
1 0 870 744 780 -1 0 0 0 -1 0 0 0 1 3004.DAT 
1 0 880 744 580 -1 0 0 0 -1 0 0 0 1 3005.dat 
1 0 890 744 620 -1 0 0 0 -1 0 0 0 1 3004.DAT 
1 0 900 744 600 -1 0 0 0 -1 0 0 0 1 3005.dat 
1 0 910 744 640 -1 0 0 0 -1 0 0 0 1 3004.DAT 
1 0 910 744 780 -1 0 0 0 -1 0 0 0 1 3004.DAT 
1 0 940 744 770 0 0 1 0 -1 0 1 0 0 3004.DAT 
1 0 970 744 710 0 0 1 0 -1 0 1 0 0 3001.DAT 
1 0 960 744 760 -1 0 0 0 -1 0 0 0 1 3005.dat 
1 2 890 744 560 -1 0 0 0 -1 0 0 0 1 3004.DAT 
1 2 910 744 540 -1 0 0 0 -1 0 0 0 1 3004.DAT 
1 2 920 744 570 0 0 1 0 -1 0 1 0 0 3004.DAT 
1 2 920 744 610 0 0 1 0 -1 0 1 0 0 3004.DAT 
1 2 940 744 550 0 0 1 0 -1 0 1 0 0 3004.DAT 
1 2 940 744 590 0 0 1 0 -1 0 1 0 0 3004.DAT 
1 2 940 744 620 -1 0 0 0 -1 0 0 0 1 3005.dat 
1 2 960 744 570 0 0 1 0 -1 0 1 0 0 3004.DAT 
1 2 970 744 640 -1 0 0 0 -1 0 0 0 1 3004.DAT 
1 2 980 744 590 0 0 1 0 -1 0 1 0 0 3004.DAT 
1 2 980 744 620 -1 0 0 0 -1 0 0 0 1 3005.dat 
1 2 980 744 660 -1 0 0 0 -1 0 0 0 1 3005.dat 
1 8 480 744 560 -1 0 0 0 -1 0 0 0 1 3005.dat 
1 8 510 744 540 -1 0 0 0 -1 0 0 0 1 3004.DAT 
1 8 540 744 540 -1 0 0 0 -1 0 0 0 1 3005.dat 
1 8 640 744 590 0 0 1 0 -1 0 1 0 0 3004.DAT 
1 8 660 744 570 0 0 1 0 -1 0 1 0 0 3004.DAT 
1 8 680 744 560 -1 0 0 0 -1 0 0 0 1 3005.dat 
1 8 730 744 560 -1 0 0 0 -1 0 0 0 1 3004.DAT 
1 8 760 744 560 -1 0 0 0 -1 0 0 0 1 3005.dat 
1 8 880 744 810 0 0 1 0 -1 0 1 0 0 3004.DAT 
1 8 910 744 820 -1 0 0 0 -1 0 0 0 1 3004.DAT 
1 8 920 744 800 -1 0 0 0 -1 0 0 0 1 3005.dat 
1 81 640 744 780 -1 0 0 0 -1 0 0 0 1 3005.dat 
1 81 660 744 810 0 0 1 0 -1 0 1 0 0 3004.DAT 
1 81 680 744 760 -1 0 0 0 -1 0 0 0 1 3005.dat 
1 81 680 744 830 0 0 1 0 -1 0 1 0 0 3004.DAT 
1 81 710 744 840 -1 0 0 0 -1 0 0 0 1 3004.DAT 
1 81 740 744 830 0 0 1 0 -1 0 1 0 0 3004.DAT 
1 81 750 744 860 -1 0 0 0 -1 0 0 0 1 3004.DAT 
1 81 790 744 810 1 0 0 0 -1 0 0 0 -1 3001.DAT 
1 81 770 744 840 -1 0 0 0 -1 0 0 0 1 3004.DAT 
1 81 790 744 860 -1 0 0 0 -1 0 0 0 1 3004.DAT 
1 81 810 744 840 -1 0 0 0 -1 0 0 0 1 3004.DAT 
1 81 850 744 810 0 0 1 0 -1 0 1 0 0 3003.DAT 
1 81 870 744 840 -1 0 0 0 -1 0 0 0 1 3004.DAT 
1 81 900 744 800 -1 0 0 0 -1 0 0 0 1 3005.dat 
1 81 910 744 840 -1 0 0 0 -1 0 0 0 1 3004.DAT 
1 81 930 744 660 -1 0 0 0 -1 0 0 0 1 3004.DAT 
1 81 920 744 760 -1 0 0 0 -1 0 0 0 1 3005.dat 
1 81 940 744 640 -1 0 0 0 -1 0 0 0 1 3005.dat 
1 81 940 744 690 0 0 1 0 -1 0 1 0 0 3004.DAT 
1 81 940 744 740 -1 0 0 0 -1 0 0 0 1 3005.dat 
1 81 940 744 810 0 0 1 0 -1 0 1 0 0 3004.DAT 
1 81 960 744 660 -1 0 0 0 -1 0 0 0 1 3005.dat 
1 81 960 744 790 0 0 1 0 -1 0 1 0 0 3004.DAT 
1 81 960 744 820 -1 0 0 0 -1 0 0 0 1 3005.dat 
1 81 980 744 770 0 0 1 0 -1 0 1 0 0 3004.DAT 
1 81 420 744 640 -1 0 0 0 -1 0 0 0 1 3005.dat 
1 81 420 744 710 0 0 1 0 -1 0 1 0 0 3004.DAT 
1 81 450 744 720 -1 0 0 0 -1 0 0 0 1 3004.DAT 
1 81 460 744 580 -1 0 0 0 -1 0 0 0 1 3005.dat 
1 81 480 744 620 -1 0 0 0 -1 0 0 0 1 3005.dat 
1 81 480 744 720 -1 0 0 0 -1 0 0 0 1 3005.dat 
1 81 520 744 700 -1 0 0 0 -1 0 0 0 1 3005.dat 
0 STEP
1 81 440 768 650 0 0 1 0 -1 0 1 0 0 3004.DAT 
1 0 460 768 630 0 0 1 0 -1 0 1 0 0 3004.DAT 
1 0 470 768 670 0 0 1 0 -1 0 1 0 0 3003.DAT 
1 0 480 768 590 0 0 1 0 -1 0 1 0 0 3004.DAT 
1 0 480 768 620 -1 0 0 0 -1 0 0 0 1 3005.dat 
1 0 510 768 570 0 0 1 0 -1 0 1 0 0 3003.DAT 
1 0 500 768 680 -1 0 0 0 -1 0 0 0 1 3005.dat 
1 0 530 768 660 -1 0 0 0 -1 0 0 0 1 3004.DAT 
1 0 550 768 560 -1 0 0 0 -1 0 0 0 1 3004.DAT 
1 0 540 768 640 -1 0 0 0 -1 0 0 0 1 3005.dat 
1 0 550 768 680 -1 0 0 0 -1 0 0 0 1 3004.DAT 
1 0 570 768 700 -1 0 0 0 -1 0 0 0 1 3004.DAT 
1 0 560 768 740 -1 0 0 0 -1 0 0 0 1 3005.dat 
1 0 590 768 560 -1 0 0 0 -1 0 0 0 1 3004.DAT 
1 0 590 768 720 -1 0 0 0 -1 0 0 0 1 3004.DAT 
1 0 600 768 590 0 0 1 0 -1 0 1 0 0 3004.DAT 
1 0 610 768 620 -1 0 0 0 -1 0 0 0 1 3004.DAT 
1 0 610 768 750 0 0 1 0 -1 0 1 0 0 3003.DAT 
1 0 630 768 600 -1 0 0 0 -1 0 0 0 1 3004.DAT 
1 0 620 768 650 0 0 1 0 -1 0 1 0 0 3004.DAT 
1 0 620 768 690 0 0 1 0 -1 0 1 0 0 3004.DAT 
1 0 640 768 630 0 0 1 0 -1 0 1 0 0 3004.DAT 
1 0 640 768 670 0 0 1 0 -1 0 1 0 0 3004.DAT 
1 0 640 768 770 0 0 1 0 -1 0 1 0 0 3004.DAT 
1 0 660 768 610 0 0 1 0 -1 0 1 0 0 3004.DAT 
1 0 660 768 650 0 0 1 0 -1 0 1 0 0 3004.DAT 
1 0 670 768 790 0 0 1 0 -1 0 1 0 0 3003.DAT 
1 0 680 768 580 -1 0 0 0 -1 0 0 0 1 3005.dat 
1 0 710 768 560 -1 0 0 0 -1 0 0 0 1 3004.DAT 
1 0 710 768 800 -1 0 0 0 -1 0 0 0 1 3004.DAT 
1 0 730 768 780 -1 0 0 0 -1 0 0 0 1 3004.DAT 
1 0 750 768 550 0 0 1 0 -1 0 1 0 0 3003.DAT 
1 0 740 768 800 -1 0 0 0 -1 0 0 0 1 3005.dat 
1 0 770 768 780 -1 0 0 0 -1 0 0 0 1 3004.DAT 
1 0 790 768 560 -1 0 0 0 -1 0 0 0 1 3004.DAT 
1 0 810 768 580 -1 0 0 0 -1 0 0 0 1 3004.DAT 
1 0 810 768 770 0 0 1 0 -1 0 1 0 0 3003.DAT 
1 0 820 768 560 -1 0 0 0 -1 0 0 0 1 3005.dat 
1 0 840 768 590 0 0 1 0 -1 0 1 0 0 3004.DAT 
1 0 850 768 780 -1 0 0 0 -1 0 0 0 1 3004.DAT 
1 0 860 768 600 -1 0 0 0 -1 0 0 0 1 3005.dat 
1 0 870 768 760 -1 0 0 0 -1 0 0 0 1 3004.DAT 
1 0 890 768 780 -1 0 0 0 -1 0 0 0 1 3004.DAT 
1 0 910 768 760 -1 0 0 0 -1 0 0 0 1 3004.DAT 
1 0 920 768 780 -1 0 0 0 -1 0 0 0 1 3005.dat 
1 0 950 768 670 0 0 1 0 -1 0 1 0 0 3003.DAT 
1 0 940 768 760 -1 0 0 0 -1 0 0 0 1 3005.dat 
1 0 960 768 710 0 0 1 0 -1 0 1 0 0 3004.DAT 
1 0 960 768 740 -1 0 0 0 -1 0 0 0 1 3005.dat 
1 2 880 768 570 0 0 1 0 -1 0 1 0 0 3004.DAT 
1 2 910 768 550 0 0 1 0 -1 0 1 0 0 3003.DAT 
1 2 900 768 590 0 0 1 0 -1 0 1 0 0 3004.DAT 
1 2 920 768 610 0 0 1 0 -1 0 1 0 0 3004.DAT 
1 2 950 768 580 -1 0 0 0 -1 0 0 0 1 3004.DAT 
1 2 940 768 630 0 0 1 0 -1 0 1 0 0 3004.DAT 
1 2 970 768 600 -1 0 0 0 -1 0 0 0 1 3004.DAT 
1 2 980 768 580 -1 0 0 0 -1 0 0 0 1 3005.dat 
1 2 980 768 660 -1 0 0 0 -1 0 0 0 1 3005.dat 
1 2 1000 768 610 0 0 1 0 -1 0 1 0 0 3004.DAT 
1 2 1000 768 640 -1 0 0 0 -1 0 0 0 1 3005.dat 
1 2 1020 768 620 -1 0 0 0 -1 0 0 0 1 3005.dat 
1 8 480 768 560 -1 0 0 0 -1 0 0 0 1 3005.dat 
1 8 520 768 540 -1 0 0 0 -1 0 0 0 1 3005.dat 
1 8 660 768 580 -1 0 0 0 -1 0 0 0 1 3005.dat 
1 8 680 768 560 -1 0 0 0 -1 0 0 0 1 3005.dat 
1 8 880 768 800 -1 0 0 0 -1 0 0 0 1 3005.dat 
1 8 900 768 820 -1 0 0 0 -1 0 0 0 1 3005.dat 
1 8 1000 768 660 -1 0 0 0 -1 0 0 0 1 3005.dat 
1 8 1020 768 640 -1 0 0 0 -1 0 0 0 1 3005.dat 
1 81 670 768 760 -1 0 0 0 -1 0 0 0 1 3004.DAT 
1 81 670 768 820 -1 0 0 0 -1 0 0 0 1 3004.DAT 
1 81 690 768 840 -1 0 0 0 -1 0 0 0 1 3004.DAT 
1 81 700 768 770 0 0 1 0 -1 0 1 0 0 3004.DAT 
1 81 700 768 820 -1 0 0 0 -1 0 0 0 1 3005.dat 
1 81 730 768 840 -1 0 0 0 -1 0 0 0 1 3004.DAT 
1 81 750 768 820 -1 0 0 0 -1 0 0 0 1 3004.DAT 
1 81 770 768 800 -1 0 0 0 -1 0 0 0 1 3004.DAT 
1 81 760 768 850 0 0 1 0 -1 0 1 0 0 3004.DAT 
1 81 780 768 820 -1 0 0 0 -1 0 0 0 1 3005.dat 
1 81 860 768 800 -1 0 0 0 -1 0 0 0 1 3005.dat 
1 81 880 768 820 -1 0 0 0 -1 0 0 0 1 3005.dat 
1 81 910 768 800 -1 0 0 0 -1 0 0 0 1 3004.DAT 
1 81 920 768 740 -1 0 0 0 -1 0 0 0 1 3005.dat 
1 81 930 768 820 -1 0 0 0 -1 0 0 0 1 3004.DAT 
1 81 940 768 710 0 0 1 0 -1 0 1 0 0 3004.DAT 
1 81 950 768 800 -1 0 0 0 -1 0 0 0 1 3004.DAT 
1 81 980 768 690 0 0 1 0 -1 0 1 0 0 3004.DAT 
1 81 980 768 730 0 0 1 0 -1 0 1 0 0 3004.DAT 
1 81 980 768 770 0 0 1 0 -1 0 1 0 0 3004.DAT 
1 81 980 768 800 -1 0 0 0 -1 0 0 0 1 3005.dat 
1 81 420 768 660 -1 0 0 0 -1 0 0 0 1 3005.dat 
1 81 440 768 620 -1 0 0 0 -1 0 0 0 1 3005.dat 
1 81 440 768 690 0 0 1 0 -1 0 1 0 0 3004.DAT 
1 81 460 768 590 0 0 1 0 -1 0 1 0 0 3004.DAT 
1 81 470 768 700 -1 0 0 0 -1 0 0 0 1 3004.DAT 
1 81 490 768 640 -1 0 0 0 -1 0 0 0 1 3004.DAT 
1 81 500 768 610 0 0 1 0 -1 0 1 0 0 3004.DAT 
1 81 500 768 660 -1 0 0 0 -1 0 0 0 1 3005.dat 
1 81 500 768 700 -1 0 0 0 -1 0 0 0 1 3005.dat 
1 81 520 768 680 -1 0 0 0 -1 0 0 0 1 3005.dat 
1 288 540 768 700 -1 0 0 0 -1 0 0 0 1 3005.dat 
1 288 560 768 720 -1 0 0 0 -1 0 0 0 1 3005.dat 
1 288 580 768 750 0 0 1 0 -1 0 1 0 0 3004.DAT 
1 288 600 768 780 -1 0 0 0 -1 0 0 0 1 3005.dat 
0 STEP
1 0 490 792 630 0 0 1 0 -1 0 1 0 0 3003.DAT 
1 81 490 792 660 -1 0 0 0 -1 0 0 0 1 3004.DAT 
1 0 500 792 590 0 0 1 0 -1 0 1 0 0 3004.DAT 
1 0 550 792 570 1 0 0 0 -1 0 0 0 -1 3001.DAT 
1 0 520 792 610 0 0 1 0 -1 0 1 0 0 3004.DAT 
1 0 520 792 650 0 0 1 0 -1 0 1 0 0 3004.DAT 
1 0 540 792 630 0 0 1 0 -1 0 1 0 0 3004.DAT 
1 0 550 792 660 -1 0 0 0 -1 0 0 0 1 3004.DAT 
1 0 560 792 610 0 0 1 0 -1 0 1 0 0 3004.DAT 
1 0 560 792 640 -1 0 0 0 -1 0 0 0 1 3005.dat 
1 0 570 792 690 0 0 1 0 -1 0 1 0 0 3003.DAT 
1 0 590 792 600 -1 0 0 0 -1 0 0 0 1 3004.DAT 
1 0 590 792 720 -1 0 0 0 -1 0 0 0 1 3004.DAT 
1 0 600 792 580 -1 0 0 0 -1 0 0 0 1 3005.dat 
1 0 610 792 620 -1 0 0 0 -1 0 0 0 1 3004.DAT 
1 0 610 792 740 -1 0 0 0 -1 0 0 0 1 3004.DAT 
1 0 630 792 600 -1 0 0 0 -1 0 0 0 1 3004.DAT 
1 0 620 792 650 0 0 1 0 -1 0 1 0 0 3004.DAT 
1 0 630 792 760 -1 0 0 0 -1 0 0 0 1 3004.DAT 
1 0 650 792 780 -1 0 0 0 -1 0 0 0 1 3004.DAT 
1 0 660 792 610 0 0 1 0 -1 0 1 0 0 3004.DAT 
1 0 670 792 800 -1 0 0 0 -1 0 0 0 1 3004.DAT 
1 0 680 792 590 0 0 1 0 -1 0 1 0 0 3004.DAT 
1 0 730 792 570 1 0 0 0 -1 0 0 0 -1 3001.DAT 
1 0 710 792 800 -1 0 0 0 -1 0 0 0 1 3004.DAT 
1 0 730 792 780 -1 0 0 0 -1 0 0 0 1 3004.DAT 
1 0 740 792 800 -1 0 0 0 -1 0 0 0 1 3005.dat 
1 0 770 792 780 -1 0 0 0 -1 0 0 0 1 3004.DAT 
1 0 790 792 580 -1 0 0 0 -1 0 0 0 1 3004.DAT 
1 0 810 792 780 -1 0 0 0 -1 0 0 0 1 3004.DAT 
1 0 820 792 590 0 0 1 0 -1 0 1 0 0 3004.DAT 
1 0 830 792 800 -1 0 0 0 -1 0 0 0 1 3004.DAT 
1 0 840 792 610 0 0 1 0 -1 0 1 0 0 3004.DAT 
1 0 850 792 780 -1 0 0 0 -1 0 0 0 1 3004.DAT 
1 0 860 792 630 0 0 1 0 -1 0 1 0 0 3004.DAT 
1 0 890 792 640 -1 0 0 0 -1 0 0 0 1 3004.DAT 
1 0 890 792 770 0 0 1 0 -1 0 1 0 0 3003.DAT 
1 0 920 792 650 0 0 1 0 -1 0 1 0 0 3004.DAT 
1 0 930 792 680 -1 0 0 0 -1 0 0 0 1 3004.DAT 
1 0 930 792 750 0 0 1 0 -1 0 1 0 0 3003.DAT 
1 0 940 792 660 -1 0 0 0 -1 0 0 0 1 3005.dat 
1 0 950 792 710 0 0 1 0 -1 0 1 0 0 3003.DAT 
1 0 960 792 740 -1 0 0 0 -1 0 0 0 1 3005.dat 
1 2 890 792 570 0 0 1 0 -1 0 1 0 0 3003.DAT 
1 2 910 792 610 0 0 1 0 -1 0 1 0 0 3003.DAT 
1 2 920 792 570 0 0 1 0 -1 0 1 0 0 3004.DAT 
1 2 940 792 580 -1 0 0 0 -1 0 0 0 1 3005.dat 
1 2 970 792 600 -1 0 0 0 -1 0 0 0 1 3004.DAT 
1 2 970 792 680 -1 0 0 0 -1 0 0 0 1 3004.DAT 
1 2 980 792 580 -1 0 0 0 -1 0 0 0 1 3005.dat 
1 2 1000 792 610 0 0 1 0 -1 0 1 0 0 3004.DAT 
1 2 1010 792 660 -1 0 0 0 -1 0 0 0 1 3004.DAT 
1 2 1000 792 700 -1 0 0 0 -1 0 0 0 1 3005.dat 
1 2 1020 792 630 0 0 1 0 -1 0 1 0 0 3004.DAT 
1 2 1020 792 680 -1 0 0 0 -1 0 0 0 1 3005.dat 
1 8 660 792 580 -1 0 0 0 -1 0 0 0 1 3005.dat 
1 8 1000 792 640 -1 0 0 0 -1 0 0 0 1 3005.dat 
1 8 1000 792 680 -1 0 0 0 -1 0 0 0 1 3005.dat 
1 8 1020 792 700 -1 0 0 0 -1 0 0 0 1 3005.dat 
1 81 690 792 820 -1 0 0 0 -1 0 0 0 1 3004.DAT 
1 81 710 792 840 -1 0 0 0 -1 0 0 0 1 3004.DAT 
1 81 730 792 820 -1 0 0 0 -1 0 0 0 1 3004.DAT 
1 81 760 792 800 -1 0 0 0 -1 0 0 0 1 3005.dat 
1 81 910 792 800 -1 0 0 0 -1 0 0 0 1 3004.DAT 
1 81 920 792 710 0 0 1 0 -1 0 1 0 0 3004.DAT 
1 81 920 792 820 -1 0 0 0 -1 0 0 0 1 3005.dat 
1 81 950 792 800 -1 0 0 0 -1 0 0 0 1 3004.DAT 
1 81 980 792 710 0 0 1 0 -1 0 1 0 0 3004.DAT 
1 81 980 792 790 0 0 1 0 -1 0 1 0 0 3004.DAT 
1 81 1000 792 730 0 0 1 0 -1 0 1 0 0 3004.DAT 
1 81 1000 792 760 -1 0 0 0 -1 0 0 0 1 3005.dat 
1 81 450 792 620 -1 0 0 0 -1 0 0 0 1 3004.DAT 
1 81 450 792 660 -1 0 0 0 -1 0 0 0 1 3004.DAT 
1 81 470 792 590 0 0 1 0 -1 0 1 0 0 3003.DAT 
1 81 460 792 640 -1 0 0 0 -1 0 0 0 1 3005.dat 
1 81 470 792 680 -1 0 0 0 -1 0 0 0 1 3004.DAT 
1 81 500 792 680 -1 0 0 0 -1 0 0 0 1 3005.dat 
1 288 540 792 690 0 0 1 0 -1 0 1 0 0 3004.DAT 
1 288 560 792 720 -1 0 0 0 -1 0 0 0 1 3005.dat 
1 288 580 792 750 0 0 1 0 -1 0 1 0 0 3004.DAT 
1 288 600 792 770 0 0 1 0 -1 0 1 0 0 3004.DAT 
1 288 610 792 800 -1 0 0 0 -1 0 0 0 1 3004.DAT 
1 288 620 792 780 -1 0 0 0 -1 0 0 0 1 3005.dat 
0 STEP
1 0 530 816 600 -1 0 0 0 -1 0 0 0 1 3004.DAT 
1 0 520 816 640 -1 0 0 0 -1 0 0 0 1 3005.dat 
1 0 550 816 580 -1 0 0 0 -1 0 0 0 1 3004.DAT 
1 0 550 816 620 -1 0 0 0 -1 0 0 0 1 3004.DAT 
1 0 570 816 600 -1 0 0 0 -1 0 0 0 1 3004.DAT 
1 0 560 816 650 0 0 1 0 -1 0 1 0 0 3004.DAT 
1 0 590 816 650 0 0 1 0 -1 0 1 0 0 3001.DAT 
1 0 590 816 700 -1 0 0 0 -1 0 0 0 1 3004.DAT 
1 0 600 816 730 0 0 1 0 -1 0 1 0 0 3004.DAT 
1 0 620 816 630 0 0 1 0 -1 0 1 0 0 3004.DAT 
1 0 620 816 670 0 0 1 0 -1 0 1 0 0 3004.DAT 
1 0 620 816 710 0 0 1 0 -1 0 1 0 0 3004.DAT 
1 0 620 816 750 0 0 1 0 -1 0 1 0 0 3004.DAT 
1 0 650 816 630 0 0 1 0 -1 0 1 0 0 3001.DAT 
1 0 640 816 770 0 0 1 0 -1 0 1 0 0 3004.DAT 
1 0 680 816 610 0 0 1 0 -1 0 1 0 0 3004.DAT 
1 0 730 816 590 1 0 0 0 -1 0 0 0 -1 3001.DAT 
1 0 700 816 630 0 0 1 0 -1 0 1 0 0 3004.DAT 
1 0 710 816 780 -1 0 0 0 -1 0 0 0 1 3004.DAT 
1 0 730 816 620 -1 0 0 0 -1 0 0 0 1 3004.DAT 
1 0 750 816 770 0 0 1 0 -1 0 1 0 0 3003.DAT 
1 0 770 816 620 -1 0 0 0 -1 0 0 0 1 3004.DAT 
1 0 780 816 600 -1 0 0 0 -1 0 0 0 1 3005.dat 
1 0 790 816 780 -1 0 0 0 -1 0 0 0 1 3004.DAT 
1 0 810 816 620 -1 0 0 0 -1 0 0 0 1 3004.DAT 
1 0 820 816 790 0 0 1 0 -1 0 1 0 0 3004.DAT 
1 0 830 816 820 -1 0 0 0 -1 0 0 0 1 3004.DAT 
1 0 850 816 620 -1 0 0 0 -1 0 0 0 1 3004.DAT 
1 0 850 816 800 -1 0 0 0 -1 0 0 0 1 3004.DAT 
1 0 870 816 650 0 0 1 0 -1 0 1 0 0 3003.DAT 
1 0 870 816 780 -1 0 0 0 -1 0 0 0 1 3004.DAT 
1 0 860 816 820 -1 0 0 0 -1 0 0 0 1 3005.dat 
1 0 890 816 760 -1 0 0 0 -1 0 0 0 1 3004.DAT 
1 0 880 816 800 -1 0 0 0 -1 0 0 0 1 3005.dat 
1 0 900 816 650 0 0 1 0 -1 0 1 0 0 3004.DAT 
1 0 910 816 680 -1 0 0 0 -1 0 0 0 1 3004.DAT 
1 0 910 816 740 -1 0 0 0 -1 0 0 0 1 3004.DAT 
1 0 920 816 660 -1 0 0 0 -1 0 0 0 1 3005.dat 
1 0 930 816 710 0 0 1 0 -1 0 1 0 0 3003.DAT 
1 0 940 816 740 -1 0 0 0 -1 0 0 0 1 3005.dat 
1 2 790 816 540 -1 0 0 0 -1 0 0 0 1 3004.DAT 
1 2 800 816 560 -1 0 0 0 -1 0 0 0 1 3005.dat 
1 2 820 816 540 -1 0 0 0 -1 0 0 0 1 3005.dat 
1 2 910 816 590 0 0 1 0 -1 0 1 0 0 3003.DAT 
1 2 910 816 620 -1 0 0 0 -1 0 0 0 1 3004.DAT 
1 2 920 816 640 -1 0 0 0 -1 0 0 0 1 3005.dat 
1 2 940 816 590 0 0 1 0 -1 0 1 0 0 3004.DAT 
1 2 940 816 670 0 0 1 0 -1 0 1 0 0 3004.DAT 
1 2 970 816 600 -1 0 0 0 -1 0 0 0 1 3004.DAT 
1 2 960 816 690 0 0 1 0 -1 0 1 0 0 3004.DAT 
1 2 990 816 720 -1 0 0 0 -1 0 0 0 1 3004.DAT 
1 2 1000 816 610 0 0 1 0 -1 0 1 0 0 3004.DAT 
1 2 1010 816 740 -1 0 0 0 -1 0 0 0 1 3004.DAT 
1 2 1020 816 640 -1 0 0 0 -1 0 0 0 1 3005.dat 
1 2 1020 816 690 0 0 1 0 -1 0 1 0 0 3004.DAT 
1 2 1020 816 720 -1 0 0 0 -1 0 0 0 1 3005.dat 
1 2 1040 816 660 -1 0 0 0 -1 0 0 0 1 3005.dat 
1 8 710 816 560 -1 0 0 0 -1 0 0 0 1 3004.DAT 
1 8 750 816 560 -1 0 0 0 -1 0 0 0 1 3004.DAT 
1 8 780 816 580 -1 0 0 0 -1 0 0 0 1 3005.dat 
1 8 1020 816 660 -1 0 0 0 -1 0 0 0 1 3005.dat 
1 8 1040 816 690 0 0 1 0 -1 0 1 0 0 3004.DAT 
1 81 690 816 760 -1 0 0 0 -1 0 0 0 1 3004.DAT 
1 81 710 816 820 -1 0 0 0 -1 0 0 0 1 3004.DAT 
1 81 720 816 760 -1 0 0 0 -1 0 0 0 1 3005.dat 
1 81 740 816 810 0 0 1 0 -1 0 1 0 0 3004.DAT 
1 81 760 816 800 -1 0 0 0 -1 0 0 0 1 3005.dat 
1 81 920 816 770 0 0 1 0 -1 0 1 0 0 3004.DAT 
1 81 930 816 800 -1 0 0 0 -1 0 0 0 1 3004.DAT 
1 81 950 816 780 -1 0 0 0 -1 0 0 0 1 3004.DAT 
1 81 960 816 800 -1 0 0 0 -1 0 0 0 1 3005.dat 
1 81 980 816 700 -1 0 0 0 -1 0 0 0 1 3005.dat 
1 81 980 816 780 -1 0 0 0 -1 0 0 0 1 3005.dat 
1 81 1000 816 760 -1 0 0 0 -1 0 0 0 1 3005.dat 
1 81 460 816 610 0 0 1 0 -1 0 1 0 0 3004.DAT 
1 81 470 816 640 -1 0 0 0 -1 0 0 0 1 3004.DAT 
1 81 490 816 590 0 0 1 0 -1 0 1 0 0 3003.DAT 
1 81 490 816 620 -1 0 0 0 -1 0 0 0 1 3004.DAT 
1 81 500 816 650 0 0 1 0 -1 0 1 0 0 3004.DAT 
1 288 850 816 900 -1 0 0 0 -1 0 0 0 1 3004.DAT 
1 288 870 816 880 -1 0 0 0 -1 0 0 0 1 3004.DAT 
1 288 880 816 900 -1 0 0 0 -1 0 0 0 1 3005.dat 
1 288 900 816 880 -1 0 0 0 -1 0 0 0 1 3005.dat 
1 288 530 816 660 -1 0 0 0 -1 0 0 0 1 3004.DAT 
1 288 540 816 640 -1 0 0 0 -1 0 0 0 1 3005.dat 
1 288 550 816 690 0 0 1 0 -1 0 1 0 0 3003.DAT 
1 288 570 816 730 0 0 1 0 -1 0 1 0 0 3003.DAT 
1 288 590 816 760 -1 0 0 0 -1 0 0 0 1 3004.DAT 
1 288 610 816 790 0 0 1 0 -1 0 1 0 0 3003.DAT 
1 0 660 816 790 0 0 1 0 -1 0 1 0 0 3004.DAT 
1 81 690 816 800 -1 0 0 0 -1 0 0 0 1 3004.DAT 
0 STEP
1 0 610 840 640 -1 0 0 0 -1 0 0 0 1 3004.DAT 
1 0 600 840 690 0 0 1 0 -1 0 1 0 0 3004.DAT 
1 0 610 840 720 -1 0 0 0 -1 0 0 0 1 3004.DAT 
1 0 620 840 670 0 0 1 0 -1 0 1 0 0 3004.DAT 
1 0 620 840 700 -1 0 0 0 -1 0 0 0 1 3005.dat 
1 0 620 840 750 0 0 1 0 -1 0 1 0 0 3004.DAT 
1 0 640 840 650 0 0 1 0 -1 0 1 0 0 3004.DAT 
1 0 650 840 680 -1 0 0 0 -1 0 0 0 1 3004.DAT 
1 0 640 840 770 0 0 1 0 -1 0 1 0 0 3004.DAT 
1 0 660 840 630 0 0 1 0 -1 0 1 0 0 3004.DAT 
1 0 670 840 660 -1 0 0 0 -1 0 0 0 1 3004.DAT 
1 0 670 840 780 -1 0 0 0 -1 0 0 0 1 3004.DAT 
1 0 690 840 610 0 0 1 0 -1 0 1 0 0 3003.DAT 
1 0 690 840 640 -1 0 0 0 -1 0 0 0 1 3004.DAT 
1 0 680 840 680 -1 0 0 0 -1 0 0 0 1 3005.dat 
1 0 710 840 780 -1 0 0 0 -1 0 0 0 1 3004.DAT 
1 0 730 840 620 -1 0 0 0 -1 0 0 0 1 3004.DAT 
1 0 730 840 760 -1 0 0 0 -1 0 0 0 1 3004.DAT 
1 0 740 840 780 -1 0 0 0 -1 0 0 0 1 3005.dat 
1 0 760 840 630 0 0 1 0 -1 0 1 0 0 3004.DAT 
1 0 790 840 620 -1 0 0 0 -1 0 0 0 1 3004.DAT 
1 0 810 840 640 -1 0 0 0 -1 0 0 0 1 3004.DAT 
1 0 800 840 790 0 0 1 0 -1 0 1 0 0 3004.DAT 
1 0 810 840 820 -1 0 0 0 -1 0 0 0 1 3004.DAT 
1 0 830 840 620 -1 0 0 0 -1 0 0 0 1 3004.DAT 
1 0 820 840 800 -1 0 0 0 -1 0 0 0 1 3005.dat 
1 0 830 840 840 -1 0 0 0 -1 0 0 0 1 3004.DAT 
1 0 850 840 650 0 0 1 0 -1 0 1 0 0 3003.DAT 
1 0 850 840 820 -1 0 0 0 -1 0 0 0 1 3004.DAT 
1 0 870 840 800 -1 0 0 0 -1 0 0 0 1 3004.DAT 
1 0 860 840 840 -1 0 0 0 -1 0 0 0 1 3005.dat 
1 0 880 840 650 0 0 1 0 -1 0 1 0 0 3004.DAT 
1 0 890 840 680 -1 0 0 0 -1 0 0 0 1 3004.DAT 
1 0 890 840 780 -1 0 0 0 -1 0 0 0 1 3004.DAT 
1 0 900 840 710 0 0 1 0 -1 0 1 0 0 3004.DAT 
1 0 900 840 750 0 0 1 0 -1 0 1 0 0 3004.DAT 
1 0 920 840 690 0 0 1 0 -1 0 1 0 0 3004.DAT 
1 0 920 840 730 0 0 1 0 -1 0 1 0 0 3004.DAT 
1 2 770 840 530 0 0 1 0 -1 0 1 0 0 3003.DAT 
1 2 790 840 560 -1 0 0 0 -1 0 0 0 1 3004.DAT 
1 2 800 840 530 0 0 1 0 -1 0 1 0 0 3004.DAT 
1 2 810 840 580 -1 0 0 0 -1 0 0 0 1 3004.DAT 
1 2 820 840 550 0 0 1 0 -1 0 1 0 0 3004.DAT 
1 2 840 840 580 -1 0 0 0 -1 0 0 0 1 3005.dat 
1 2 900 840 580 -1 0 0 0 -1 0 0 0 1 3005.dat 
1 2 900 840 630 0 0 1 0 -1 0 1 0 0 3004.DAT 
1 2 930 840 610 0 0 1 0 -1 0 1 0 0 3003.DAT 
1 2 920 840 650 0 0 1 0 -1 0 1 0 0 3004.DAT 
1 2 940 840 670 0 0 1 0 -1 0 1 0 0 3004.DAT 
1 2 940 840 700 -1 0 0 0 -1 0 0 0 1 3005.dat 
1 2 970 840 600 -1 0 0 0 -1 0 0 0 1 3004.DAT 
1 2 970 840 720 -1 0 0 0 -1 0 0 0 1 3004.DAT 
1 2 990 840 740 -1 0 0 0 -1 0 0 0 1 3004.DAT 
1 2 1000 840 610 0 0 1 0 -1 0 1 0 0 3004.DAT 
1 2 1010 840 720 -1 0 0 0 -1 0 0 0 1 3004.DAT 
1 2 1020 840 630 0 0 1 0 -1 0 1 0 0 3004.DAT 
1 2 1030 840 660 -1 0 0 0 -1 0 0 0 1 3004.DAT 
1 2 1030 840 740 -1 0 0 0 -1 0 0 0 1 3004.DAT 
1 2 1040 840 690 0 0 1 0 -1 0 1 0 0 3004.DAT 
1 2 1040 840 720 -1 0 0 0 -1 0 0 0 1 3005.dat 
1 8 580 840 660 -1 0 0 0 -1 0 0 0 1 3005.dat 
1 8 710 840 580 -1 0 0 0 -1 0 0 0 1 3004.DAT 
1 8 700 840 760 -1 0 0 0 -1 0 0 0 1 3005.dat 
1 8 720 840 600 -1 0 0 0 -1 0 0 0 1 3005.dat 
1 8 720 840 740 -1 0 0 0 -1 0 0 0 1 3005.dat 
1 8 750 840 580 -1 0 0 0 -1 0 0 0 1 3004.DAT 
1 8 750 840 800 -1 0 0 0 -1 0 0 0 1 3004.DAT 
1 8 770 840 600 -1 0 0 0 -1 0 0 0 1 3004.DAT 
1 8 760 840 780 -1 0 0 0 -1 0 0 0 1 3005.dat 
1 8 780 840 580 -1 0 0 0 -1 0 0 0 1 3005.dat 
1 8 870 840 620 -1 0 0 0 -1 0 0 0 1 3004.DAT 
1 8 900 840 660 -1 0 0 0 -1 0 0 0 1 3005.dat 
1 8 1020 840 700 -1 0 0 0 -1 0 0 0 1 3005.dat 
1 81 680 840 760 -1 0 0 0 -1 0 0 0 1 3005.dat 
1 81 690 840 800 -1 0 0 0 -1 0 0 0 1 3004.DAT 
1 81 720 840 810 0 0 1 0 -1 0 1 0 0 3004.DAT 
1 81 740 840 820 -1 0 0 0 -1 0 0 0 1 3005.dat 
1 81 940 840 730 0 0 1 0 -1 0 1 0 0 3004.DAT 
1 81 940 840 770 0 0 1 0 -1 0 1 0 0 3004.DAT 
1 81 960 840 750 0 0 1 0 -1 0 1 0 0 3004.DAT 
1 81 960 840 780 -1 0 0 0 -1 0 0 0 1 3005.dat 
1 81 980 840 760 -1 0 0 0 -1 0 0 0 1 3005.dat 
1 288 780 840 830 0 0 1 0 -1 0 1 0 0 3004.DAT 
1 288 800 840 850 0 0 1 0 -1 0 1 0 0 3004.DAT 
1 288 810 840 880 -1 0 0 0 -1 0 0 0 1 3004.DAT 
1 288 830 840 860 -1 0 0 0 -1 0 0 0 1 3004.DAT 
1 288 830 840 900 -1 0 0 0 -1 0 0 0 1 3004.DAT 
1 288 850 840 880 -1 0 0 0 -1 0 0 0 1 3004.DAT 
1 288 850 840 920 -1 0 0 0 -1 0 0 0 1 3004.DAT 
1 288 870 840 860 -1 0 0 0 -1 0 0 0 1 3004.DAT 
1 288 870 840 900 -1 0 0 0 -1 0 0 0 1 3004.DAT 
1 288 880 840 830 0 0 1 0 -1 0 1 0 0 3004.DAT 
1 288 890 840 880 -1 0 0 0 -1 0 0 0 1 3004.DAT 
1 288 880 840 920 -1 0 0 0 -1 0 0 0 1 3005.dat 
1 288 910 840 830 0 0 1 0 -1 0 1 0 0 3001.DAT 
1 288 900 840 900 -1 0 0 0 -1 0 0 0 1 3005.dat 
1 288 920 840 880 -1 0 0 0 -1 0 0 0 1 3005.dat 
1 288 540 840 630 0 0 1 0 -1 0 1 0 0 3004.DAT 
1 288 540 840 670 0 0 1 0 -1 0 1 0 0 3004.DAT 
1 288 590 840 610 1 0 0 0 -1 0 0 0 -1 3001.DAT 
1 288 560 840 650 0 0 1 0 -1 0 1 0 0 3004.DAT 
1 288 570 840 690 0 0 1 0 -1 0 1 0 0 3003.DAT 
1 288 570 840 720 -1 0 0 0 -1 0 0 0 1 3004.DAT 
1 288 580 840 640 -1 0 0 0 -1 0 0 0 1 3005.dat 
1 288 590 840 750 0 0 1 0 -1 0 1 0 0 3003.DAT 
1 288 600 840 660 -1 0 0 0 -1 0 0 0 1 3005.dat 
1 288 610 840 780 -1 0 0 0 -1 0 0 0 1 3004.DAT 
1 288 640 840 610 0 0 1 0 -1 0 1 0 0 3004.DAT 
0 STEP
1 0 630 864 710 0 0 1 0 -1 0 1 0 0 3001.DAT 
1 288 650 864 760 -1 0 0 0 -1 0 0 0 1 3004.DAT 
1 0 660 864 670 0 0 1 0 -1 0 1 0 0 3004.DAT 
1 0 670 864 700 -1 0 0 0 -1 0 0 0 1 3004.DAT 
1 0 660 864 740 -1 0 0 0 -1 0 0 0 1 3005.dat 
1 0 670 864 780 -1 0 0 0 -1 0 0 0 1 3004.DAT 
1 0 680 864 650 0 0 1 0 -1 0 1 0 0 3004.DAT 
1 0 680 864 680 -1 0 0 0 -1 0 0 0 1 3005.dat 
1 0 680 864 720 -1 0 0 0 -1 0 0 0 1 3005.dat 
1 0 690 864 760 -1 0 0 0 -1 0 0 0 1 3004.DAT 
1 0 710 864 640 -1 0 0 0 -1 0 0 0 1 3004.DAT 
1 0 700 864 780 -1 0 0 0 -1 0 0 0 1 3005.dat 
1 0 730 864 620 -1 0 0 0 -1 0 0 0 1 3004.DAT 
1 0 730 864 760 -1 0 0 0 -1 0 0 0 1 3004.DAT 
1 0 770 864 620 -1 0 0 0 -1 0 0 0 1 3004.DAT 
1 0 830 864 640 -1 0 0 0 -1 0 0 0 1 3004.DAT 
1 0 880 864 660 -1 0 0 0 -1 0 0 0 1 3005.dat 
1 0 890 864 730 0 0 1 0 -1 0 1 0 0 3001.DAT 
1 2 740 864 550 0 0 1 0 -1 0 1 0 0 3004.DAT 
1 2 770 864 530 0 0 1 0 -1 0 1 0 0 3003.DAT 
1 2 760 864 570 0 0 1 0 -1 0 1 0 0 3004.DAT 
1 2 790 864 580 -1 0 0 0 -1 0 0 0 1 3004.DAT 
1 2 810 864 560 -1 0 0 0 -1 0 0 0 1 3004.DAT 
1 2 810 864 600 -1 0 0 0 -1 0 0 0 1 3004.DAT 
1 2 830 864 580 -1 0 0 0 -1 0 0 0 1 3004.DAT 
1 2 820 864 620 -1 0 0 0 -1 0 0 0 1 3005.dat 
1 2 840 864 560 -1 0 0 0 -1 0 0 0 1 3005.dat 
1 2 840 864 600 -1 0 0 0 -1 0 0 0 1 3005.dat 
1 2 920 864 610 0 0 1 0 -1 0 1 0 0 3004.DAT 
1 2 920 864 650 0 0 1 0 -1 0 1 0 0 3004.DAT 
1 2 940 864 630 0 0 1 0 -1 0 1 0 0 3004.DAT 
1 2 940 864 670 0 0 1 0 -1 0 1 0 0 3004.DAT 
1 2 940 864 710 0 0 1 0 -1 0 1 0 0 3004.DAT 
1 2 960 864 650 0 0 1 0 -1 0 1 0 0 3004.DAT 
1 2 970 864 730 0 0 1 0 -1 0 1 0 0 3003.DAT 
1 2 990 864 620 -1 0 0 0 -1 0 0 0 1 3004.DAT 
1 2 1010 864 640 -1 0 0 0 -1 0 0 0 1 3004.DAT 
1 2 1010 864 720 -1 0 0 0 -1 0 0 0 1 3004.DAT 
1 2 1020 864 620 -1 0 0 0 -1 0 0 0 1 3005.dat 
1 2 1040 864 650 0 0 1 0 -1 0 1 0 0 3004.DAT 
1 2 1040 864 690 0 0 1 0 -1 0 1 0 0 3004.DAT 
1 2 1040 864 720 -1 0 0 0 -1 0 0 0 1 3005.dat 
1 8 730 864 600 -1 0 0 0 -1 0 0 0 1 3004.DAT 
1 8 720 864 790 0 0 1 0 -1 0 1 0 0 3004.DAT 
1 8 740 864 580 -1 0 0 0 -1 0 0 0 1 3005.dat 
1 8 740 864 800 -1 0 0 0 -1 0 0 0 1 3005.dat 
1 8 770 864 600 -1 0 0 0 -1 0 0 0 1 3004.DAT 
1 8 850 864 620 -1 0 0 0 -1 0 0 0 1 3004.DAT 
1 8 870 864 640 -1 0 0 0 -1 0 0 0 1 3004.DAT 
1 8 890 864 620 -1 0 0 0 -1 0 0 0 1 3004.DAT 
1 8 900 864 640 -1 0 0 0 -1 0 0 0 1 3005.dat 
1 8 920 864 680 -1 0 0 0 -1 0 0 0 1 3005.dat 
1 8 920 864 730 0 0 1 0 -1 0 1 0 0 3004.DAT 
1 8 940 864 740 -1 0 0 0 -1 0 0 0 1 3005.dat 
1 81 700 864 800 -1 0 0 0 -1 0 0 0 1 3005.dat 
1 81 730 864 820 -1 0 0 0 -1 0 0 0 1 3004.DAT 
1 81 750 864 780 -1 0 0 0 -1 0 0 0 1 3004.DAT 
1 81 760 864 800 -1 0 0 0 -1 0 0 0 1 3005.dat 
1 81 960 864 760 -1 0 0 0 -1 0 0 0 1 3005.dat 
1 288 770 864 830 0 0 1 0 -1 0 1 0 0 3003.DAT 
1 288 780 864 870 0 0 1 0 -1 0 1 0 0 3004.DAT 
1 288 800 864 890 0 0 1 0 -1 0 1 0 0 3004.DAT 
1 288 830 864 900 -1 0 0 0 -1 0 0 0 1 3004.DAT 
1 288 850 864 920 -1 0 0 0 -1 0 0 0 1 3004.DAT 
1 288 880 864 920 -1 0 0 0 -1 0 0 0 1 3005.dat 
1 288 910 864 800 -1 0 0 0 -1 0 0 0 1 3004.DAT 
1 288 900 864 890 0 0 1 0 -1 0 1 0 0 3004.DAT 
1 288 920 864 770 0 0 1 0 -1 0 1 0 0 3004.DAT 
1 288 920 864 830 0 0 1 0 -1 0 1 0 0 3004.DAT 
1 288 920 864 870 0 0 1 0 -1 0 1 0 0 3004.DAT 
1 288 940 864 790 0 0 1 0 -1 0 1 0 0 3004.DAT 
1 288 570 864 640 -1 0 0 0 -1 0 0 0 1 3004.DAT 
1 288 560 864 690 0 0 1 0 -1 0 1 0 0 3004.DAT 
1 288 590 864 620 -1 0 0 0 -1 0 0 0 1 3004.DAT 
1 288 580 864 670 0 0 1 0 -1 0 1 0 0 3004.DAT 
1 288 580 864 710 0 0 1 0 -1 0 1 0 0 3004.DAT 
1 288 590 864 740 -1 0 0 0 -1 0 0 0 1 3004.DAT 
1 288 600 864 650 0 0 1 0 -1 0 1 0 0 3004.DAT 
1 288 600 864 690 0 0 1 0 -1 0 1 0 0 3004.DAT 
1 288 600 864 720 -1 0 0 0 -1 0 0 0 1 3005.dat 
1 288 610 864 770 0 0 1 0 -1 0 1 0 0 3003.DAT 
1 288 630 864 630 0 0 1 0 -1 0 1 0 0 3003.DAT 
1 288 620 864 660 -1 0 0 0 -1 0 0 0 1 3005.dat 
1 288 660 864 630 0 0 1 0 -1 0 1 0 0 3004.DAT 
1 0 690 864 620 -1 0 0 0 -1 0 0 0 1 3004.DAT 
0 STEP
1 0 650 888 710 0 0 1 0 -1 0 1 0 0 3001.DAT 
1 0 670 888 760 -1 0 0 0 -1 0 0 0 1 3004.DAT 
1 0 710 888 650 1 0 0 0 -1 0 0 0 -1 3001.DAT 
1 0 680 888 690 0 0 1 0 -1 0 1 0 0 3004.DAT 
1 0 680 888 730 0 0 1 0 -1 0 1 0 0 3004.DAT 
1 0 770 888 650 0 0 1 0 -1 0 1 0 0 3003.DAT 
1 0 800 888 670 0 0 1 0 -1 0 1 0 0 3004.DAT 
1 2 750 888 570 0 0 1 0 -1 0 1 0 0 3001.DAT 
1 2 780 888 550 0 0 1 0 -1 0 1 0 0 3004.DAT 
1 2 780 888 610 0 0 1 0 -1 0 1 0 0 3004.DAT 
1 2 810 888 570 0 0 1 0 -1 0 1 0 0 3003.DAT 
1 2 810 888 640 -1 0 0 0 -1 0 0 0 1 3004.DAT 
1 2 820 888 610 0 0 1 0 -1 0 1 0 0 3004.DAT 
1 2 840 888 590 0 0 1 0 -1 0 1 0 0 3004.DAT 
1 2 840 888 620 -1 0 0 0 -1 0 0 0 1 3005.dat 
1 2 860 888 580 -1 0 0 0 -1 0 0 0 1 3005.dat 
1 2 940 888 620 -1 0 0 0 -1 0 0 0 1 3005.dat 
1 2 940 888 670 0 0 1 0 -1 0 1 0 0 3004.DAT 
1 2 970 888 650 0 0 1 0 -1 0 1 0 0 3003.DAT 
1 2 960 888 690 0 0 1 0 -1 0 1 0 0 3004.DAT 
1 2 980 888 710 0 0 1 0 -1 0 1 0 0 3004.DAT 
1 2 980 888 740 -1 0 0 0 -1 0 0 0 1 3005.dat 
1 2 1000 888 630 0 0 1 0 -1 0 1 0 0 3004.DAT 
1 2 1010 888 720 -1 0 0 0 -1 0 0 0 1 3004.DAT 
1 2 1020 888 650 0 0 1 0 -1 0 1 0 0 3004.DAT 
1 2 1030 888 690 0 0 1 0 -1 0 1 0 0 3003.DAT 
1 8 700 888 780 -1 0 0 0 -1 0 0 0 1 3005.dat 
1 8 820 888 660 -1 0 0 0 -1 0 0 0 1 3005.dat 
1 8 850 888 640 -1 0 0 0 -1 0 0 0 1 3004.DAT 
1 8 870 888 620 -1 0 0 0 -1 0 0 0 1 3004.DAT 
1 8 890 888 650 0 0 1 0 -1 0 1 0 0 3003.DAT 
1 8 920 888 670 0 0 1 0 -1 0 1 0 0 3004.DAT 
1 8 930 888 720 -1 0 0 0 -1 0 0 0 1 3004.DAT 
1 8 940 888 700 -1 0 0 0 -1 0 0 0 1 3005.dat 
1 8 940 888 740 -1 0 0 0 -1 0 0 0 1 3005.dat 
1 81 710 888 800 -1 0 0 0 -1 0 0 0 1 3004.DAT 
1 81 730 888 620 -1 0 0 0 -1 0 0 0 1 3004.DAT 
1 81 730 888 780 -1 0 0 0 -1 0 0 0 1 3004.DAT 
1 81 760 888 620 -1 0 0 0 -1 0 0 0 1 3005.dat 
1 288 760 888 810 0 0 1 0 -1 0 1 0 0 3004.DAT 
1 288 760 888 850 0 0 1 0 -1 0 1 0 0 3004.DAT 
1 288 780 888 870 0 0 1 0 -1 0 1 0 0 3004.DAT 
1 288 800 888 890 0 0 1 0 -1 0 1 0 0 3004.DAT 
1 288 830 888 900 -1 0 0 0 -1 0 0 0 1 3004.DAT 
1 288 850 888 920 -1 0 0 0 -1 0 0 0 1 3004.DAT 
1 288 890 888 920 -1 0 0 0 -1 0 0 0 1 3004.DAT 
1 288 920 888 770 0 0 1 0 -1 0 1 0 0 3004.DAT 
1 288 920 888 810 0 0 1 0 -1 0 1 0 0 3004.DAT 
1 288 940 888 850 0 0 1 0 -1 0 1 0 0 3004.DAT 
1 288 940 888 790 0 0 1 0 -1 0 1 0 0 3004.DAT 
1 288 580 888 670 0 0 1 0 -1 0 1 0 0 3004.DAT 
1 288 610 888 670 0 0 1 0 -1 0 1 0 0 3001.DAT 
1 288 600 888 730 0 0 1 0 -1 0 1 0 0 3004.DAT 
1 288 610 888 760 -1 0 0 0 -1 0 0 0 1 3004.DAT 
1 288 620 888 740 -1 0 0 0 -1 0 0 0 1 3005.dat 
1 288 650 888 650 0 0 1 0 -1 0 1 0 0 3003.DAT 
1 288 640 888 760 -1 0 0 0 -1 0 0 0 1 3005.dat 
0 STEP
1 0 670 912 680 -1 0 0 0 -1 0 0 0 1 3004.DAT 
1 0 690 912 660 -1 0 0 0 -1 0 0 0 1 3004.DAT 
1 0 680 912 710 0 0 1 0 -1 0 1 0 0 3004.DAT 
1 0 700 912 690 0 0 1 0 -1 0 1 0 0 3004.DAT 
1 0 700 912 730 0 0 1 0 -1 0 1 0 0 3004.DAT 
1 0 720 912 670 0 0 1 0 -1 0 1 0 0 3004.DAT 
1 2 740 912 570 0 0 1 0 -1 0 1 0 0 3004.DAT 
1 2 750 912 610 0 0 1 0 -1 0 1 0 0 3003.DAT 
1 2 770 912 550 0 0 1 0 -1 0 1 0 0 3003.DAT 
1 2 770 912 640 -1 0 0 0 -1 0 0 0 1 3004.DAT 
1 2 790 912 580 -1 0 0 0 -1 0 0 0 1 3004.DAT 
1 2 790 912 660 -1 0 0 0 -1 0 0 0 1 3004.DAT 
1 2 810 912 560 -1 0 0 0 -1 0 0 0 1 3004.DAT 
1 2 820 912 590 0 0 1 0 -1 0 1 0 0 3004.DAT 
1 2 820 912 630 0 0 1 0 -1 0 1 0 0 3004.DAT 
1 2 820 912 660 -1 0 0 0 -1 0 0 0 1 3005.dat 
1 2 840 912 610 0 0 1 0 -1 0 1 0 0 3004.DAT 
1 2 840 912 640 -1 0 0 0 -1 0 0 0 1 3005.dat 
1 2 990 912 670 0 0 1 0 -1 0 1 0 0 3003.DAT 
1 2 1000 912 710 0 0 1 0 -1 0 1 0 0 3004.DAT 
1 2 1020 912 690 0 0 1 0 -1 0 1 0 0 3004.DAT 
1 2 1020 912 720 -1 0 0 0 -1 0 0 0 1 3005.dat 
1 8 870 912 650 0 0 1 0 -1 0 1 0 0 3003.DAT 
1 8 870 912 700 -1 0 0 0 -1 0 0 0 1 3004.DAT 
1 8 890 912 720 -1 0 0 0 -1 0 0 0 1 3004.DAT 
1 8 900 912 670 0 0 1 0 -1 0 1 0 0 3004.DAT 
1 8 910 912 700 -1 0 0 0 -1 0 0 0 1 3004.DAT 
1 8 920 912 680 -1 0 0 0 -1 0 0 0 1 3005.dat 
1 8 930 912 720 -1 0 0 0 -1 0 0 0 1 3004.DAT 
1 81 710 912 770 0 0 1 0 -1 0 1 0 0 3003.DAT 
1 81 730 912 640 -1 0 0 0 -1 0 0 0 1 3004.DAT 
1 81 740 912 770 0 0 1 0 -1 0 1 0 0 3004.DAT 
1 81 760 912 660 -1 0 0 0 -1 0 0 0 1 3005.dat 
1 288 760 912 810 0 0 1 0 -1 0 1 0 0 3004.DAT 
1 288 770 912 850 0 0 1 0 -1 0 1 0 0 3003.DAT 
1 288 790 912 880 -1 0 0 0 -1 0 0 0 1 3004.DAT 
1 288 820 912 890 0 0 1 0 -1 0 1 0 0 3004.DAT 
1 288 850 912 920 -1 0 0 0 -1 0 0 0 1 3004.DAT 
1 288 890 912 740 -1 0 0 0 -1 0 0 0 1 3004.DAT 
1 82 890 912 900 -1 0 0 0 -1 0 0 0 1 3004.DAT 
1 288 910 912 760 -1 0 0 0 -1 0 0 0 1 3004.DAT 
1 288 920 912 790 0 0 1 0 -1 0 1 0 0 3004.DAT 
1 288 940 912 830 0 0 1 0 -1 0 1 0 0 3004.DAT 
1 288 620 912 690 0 0 1 0 -1 0 1 0 0 3004.DAT 
1 288 620 912 730 0 0 1 0 -1 0 1 0 0 3004.DAT 
1 288 640 912 670 0 0 1 0 -1 0 1 0 0 3004.DAT 
1 288 650 912 710 0 0 1 0 -1 0 1 0 0 3003.DAT 
1 288 640 912 740 -1 0 0 0 -1 0 0 0 1 3005.dat 
1 288 660 912 660 -1 0 0 0 -1 0 0 0 1 3005.dat 
0 STEP
1 2 740 936 590 0 0 1 0 -1 0 1 0 0 3004.DAT 
1 2 740 936 620 -1 0 0 0 -1 0 0 0 1 3005.dat 
1 2 770 936 560 -1 0 0 0 -1 0 0 0 1 3004.DAT 
1 2 760 936 650 0 0 1 0 -1 0 1 0 0 3004.DAT 
1 2 790 936 580 -1 0 0 0 -1 0 0 0 1 3004.DAT 
1 2 790 936 660 -1 0 0 0 -1 0 0 0 1 3004.DAT 
1 2 820 936 590 0 0 1 0 -1 0 1 0 0 3004.DAT 
1 2 830 936 630 0 0 1 0 -1 0 1 0 0 3003.DAT 
1 2 820 936 660 -1 0 0 0 -1 0 0 0 1 3005.dat 
1 2 860 936 620 -1 0 0 0 -1 0 0 0 1 3005.dat 
1 8 850 936 670 0 0 1 0 -1 0 1 0 0 3003.DAT 
1 8 870 936 700 -1 0 0 0 -1 0 0 0 1 3004.DAT 
1 8 890 936 680 -1 0 0 0 -1 0 0 0 1 3004.DAT 
1 8 910 936 710 0 0 1 0 -1 0 1 0 0 3003.DAT 
1 81 720 936 670 0 0 1 0 -1 0 1 0 0 3004.DAT 
1 81 720 936 710 0 0 1 0 -1 0 1 0 0 3004.DAT 
1 81 720 936 750 0 0 1 0 -1 0 1 0 0 3004.DAT 
1 81 740 936 650 0 0 1 0 -1 0 1 0 0 3004.DAT 
1 81 740 936 690 0 0 1 0 -1 0 1 0 0 3004.DAT 
1 81 750 936 770 0 0 1 0 -1 0 1 0 0 3003.DAT 
1 288 760 936 810 0 0 1 0 -1 0 1 0 0 3004.DAT 
1 288 770 936 840 -1 0 0 0 -1 0 0 0 1 3004.DAT 
1 288 780 936 820 -1 0 0 0 -1 0 0 0 1 3005.dat 
1 288 800 936 850 0 0 1 0 -1 0 1 0 0 3004.DAT 
1 82 810 936 880 -1 0 0 0 -1 0 0 0 1 3004.DAT 
1 82 830 936 900 -1 0 0 0 -1 0 0 0 1 3004.DAT 
1 288 870 936 720 -1 0 0 0 -1 0 0 0 1 3004.DAT 
1 82 870 936 900 -1 0 0 0 -1 0 0 0 1 3004.DAT 
1 288 890 936 740 -1 0 0 0 -1 0 0 0 1 3004.DAT 
1 288 910 936 760 -1 0 0 0 -1 0 0 0 1 3004.DAT 
1 82 900 936 900 -1 0 0 0 -1 0 0 0 1 3005.dat 
1 288 920 936 740 -1 0 0 0 -1 0 0 0 1 3005.dat 
1 288 940 936 790 0 0 1 0 -1 0 1 0 0 3004.DAT 
1 82 920 936 830 0 0 1 0 -1 0 1 0 0 3004.DAT 
0 STEP
1 2 740 960 590 0 0 1 0 -1 0 1 0 0 3004.DAT 
1 2 740 960 630 0 0 1 0 -1 0 1 0 0 3004.DAT 
1 2 750 960 660 -1 0 0 0 -1 0 0 0 1 3004.DAT 
1 2 770 960 570 0 0 1 0 -1 0 1 0 0 3003.DAT 
1 2 770 960 680 -1 0 0 0 -1 0 0 0 1 3004.DAT 
1 2 810 960 580 -1 0 0 0 -1 0 0 0 1 3004.DAT 
1 2 800 960 690 0 0 1 0 -1 0 1 0 0 3004.DAT 
1 2 820 960 610 0 0 1 0 -1 0 1 0 0 3004.DAT 
1 2 820 960 670 0 0 1 0 -1 0 1 0 0 3004.DAT 
1 2 820 960 700 -1 0 0 0 -1 0 0 0 1 3005.dat 
1 2 840 960 630 0 0 1 0 -1 0 1 0 0 3004.DAT 
1 8 850 960 700 -1 0 0 0 -1 0 0 0 1 3004.DAT 
1 8 860 960 680 -1 0 0 0 -1 0 0 0 1 3005.dat 
1 8 870 960 720 -1 0 0 0 -1 0 0 0 1 3004.DAT 
1 8 890 960 700 -1 0 0 0 -1 0 0 0 1 3004.DAT 
1 8 910 960 720 -1 0 0 0 -1 0 0 0 1 3004.DAT 
1 8 920 960 700 -1 0 0 0 -1 0 0 0 1 3005.dat 
1 81 730 960 730 0 0 1 0 -1 0 1 0 0 3003.DAT 
1 81 740 960 690 0 0 1 0 -1 0 1 0 0 3004.DAT 
1 81 770 960 700 -1 0 0 0 -1 0 0 0 1 3004.DAT 
1 81 770 960 750 0 0 1 0 -1 0 1 0 0 3003.DAT 
1 288 760 960 790 0 0 1 0 -1 0 1 0 0 3004.DAT 
1 288 770 960 830 0 0 1 0 -1 0 1 0 0 3003.DAT 
1 82 790 960 860 -1 0 0 0 -1 0 0 0 1 3004.DAT 
1 288 800 960 840 -1 0 0 0 -1 0 0 0 1 3005.dat 
1 82 810 960 880 -1 0 0 0 -1 0 0 0 1 3004.DAT 
1 82 830 960 900 -1 0 0 0 -1 0 0 0 1 3004.DAT 
1 288 840 960 880 -1 0 0 0 -1 0 0 0 1 3005.dat 
1 82 870 960 900 -1 0 0 0 -1 0 0 0 1 3004.DAT 
1 288 910 960 740 -1 0 0 0 -1 0 0 0 1 3004.DAT 
1 288 920 960 770 0 0 1 0 -1 0 1 0 0 3004.DAT 
1 82 910 960 810 0 0 1 0 -1 0 1 0 0 3003.DAT 
1 82 920 960 850 0 0 1 0 -1 0 1 0 0 3004.DAT 
0 STEP
1 2 740 984 610 0 0 1 0 -1 0 1 0 0 3004.DAT 
1 2 740 984 650 0 0 1 0 -1 0 1 0 0 3004.DAT 
1 2 750 984 680 -1 0 0 0 -1 0 0 0 1 3004.DAT 
1 2 790 984 590 1 0 0 0 -1 0 0 0 -1 3001.DAT 
1 2 790 984 700 -1 0 0 0 -1 0 0 0 1 3004.DAT 
1 2 810 984 720 -1 0 0 0 -1 0 0 0 1 3004.DAT 
1 2 830 984 620 -1 0 0 0 -1 0 0 0 1 3004.DAT 
1 2 820 984 670 0 0 1 0 -1 0 1 0 0 3004.DAT 
1 2 820 984 700 -1 0 0 0 -1 0 0 0 1 3005.dat 
1 2 840 984 650 0 0 1 0 -1 0 1 0 0 3004.DAT 
1 8 760 984 620 -1 0 0 0 -1 0 0 0 1 3005.dat 
1 8 880 984 720 -1 0 0 0 -1 0 0 0 1 3005.dat 
1 81 750 984 710 0 0 1 0 -1 0 1 0 0 3003.DAT 
1 81 750 984 740 -1 0 0 0 -1 0 0 0 1 3004.DAT 
1 81 780 984 730 0 0 1 0 -1 0 1 0 0 3004.DAT 
1 288 760 984 770 0 0 1 0 -1 0 1 0 0 3004.DAT 
1 288 760 984 810 0 0 1 0 -1 0 1 0 0 3004.DAT 
1 288 770 984 840 -1 0 0 0 -1 0 0 0 1 3004.DAT 
1 288 790 984 860 -1 0 0 0 -1 0 0 0 1 3004.DAT 
1 288 810 984 890 0 0 1 0 -1 0 1 0 0 3003.DAT 
1 288 830 984 920 -1 0 0 0 -1 0 0 0 1 3004.DAT 
1 288 850 984 710 0 0 1 0 -1 0 1 0 0 3003.DAT 
1 288 860 984 910 0 0 1 0 -1 0 1 0 0 3004.DAT 
1 288 890 984 900 -1 0 0 0 -1 0 0 0 1 3004.DAT 
1 288 900 984 730 0 0 1 0 -1 0 1 0 0 3004.DAT 
1 288 910 984 760 -1 0 0 0 -1 0 0 0 1 3004.DAT 
1 288 910 984 870 0 0 1 0 -1 0 1 0 0 3003.DAT 
1 288 920 984 740 -1 0 0 0 -1 0 0 0 1 3005.dat 
1 288 920 984 790 0 0 1 0 -1 0 1 0 0 3004.DAT 
1 288 930 984 830 0 0 1 0 -1 0 1 0 0 3003.DAT 
1 288 930 984 900 -1 0 0 0 -1 0 0 0 1 3004.DAT 
1 288 940 984 870 0 0 1 0 -1 0 1 0 0 3004.DAT 
0 STEP
1 2 740 1008 650 0 0 1 0 -1 0 1 0 0 3004.DAT 
1 2 750 1008 700 -1 0 0 0 -1 0 0 0 1 3004.DAT 
1 2 790 1008 610 1 0 0 0 -1 0 0 0 -1 3001.DAT 
1 2 760 1008 670 0 0 1 0 -1 0 1 0 0 3004.DAT 
1 2 780 1008 690 0 0 1 0 -1 0 1 0 0 3004.DAT 
1 2 810 1008 700 -1 0 0 0 -1 0 0 0 1 3004.DAT 
1 2 820 1008 680 -1 0 0 0 -1 0 0 0 1 3005.dat 
1 2 840 1008 630 0 0 1 0 -1 0 1 0 0 3004.DAT 
1 2 840 1008 660 -1 0 0 0 -1 0 0 0 1 3005.dat 
1 8 740 1008 620 -1 0 0 0 -1 0 0 0 1 3005.dat 
1 8 740 1008 680 -1 0 0 0 -1 0 0 0 1 3005.dat 
1 8 760 1008 640 -1 0 0 0 -1 0 0 0 1 3005.dat 
1 288 760 1008 770 0 0 1 0 -1 0 1 0 0 3004.DAT 
1 288 770 1008 800 -1 0 0 0 -1 0 0 0 1 3004.DAT 
1 288 780 1008 750 0 0 1 0 -1 0 1 0 0 3004.DAT 
1 288 780 1008 830 0 0 1 0 -1 0 1 0 0 3004.DAT 
1 288 810 1008 730 0 0 1 0 -1 0 1 0 0 3003.DAT 
1 288 800 1008 850 0 0 1 0 -1 0 1 0 0 3004.DAT 
1 288 810 1008 880 -1 0 0 0 -1 0 0 0 1 3004.DAT 
1 288 820 1008 910 0 0 1 0 -1 0 1 0 0 3004.DAT 
1 288 840 1008 730 0 0 1 0 -1 0 1 0 0 3004.DAT 
1 288 840 1008 930 0 0 1 0 -1 0 1 0 0 3004.DAT 
1 288 870 1008 720 -1 0 0 0 -1 0 0 0 1 3004.DAT 
1 288 890 1008 910 1 0 0 0 -1 0 0 0 -1 3001.DAT 
1 288 860 1008 940 -1 0 0 0 -1 0 0 0 1 3005.dat 
1 288 890 1008 740 -1 0 0 0 -1 0 0 0 1 3004.DAT 
1 288 900 1008 770 0 0 1 0 -1 0 1 0 0 3004.DAT 
1 288 920 1008 790 0 0 1 0 -1 0 1 0 0 3004.DAT 
1 288 920 1008 830 0 0 1 0 -1 0 1 0 0 3004.DAT 
1 288 930 1008 870 0 0 1 0 -1 0 1 0 0 3003.DAT 
1 288 940 1008 900 -1 0 0 0 -1 0 0 0 1 3005.dat 
0 STEP
1 2 740 1032 690 0 0 1 0 -1 0 1 0 0 3004.DAT 
1 2 790 1032 630 1 0 0 0 -1 0 0 0 -1 3001.DAT 
1 2 760 1032 670 0 0 1 0 -1 0 1 0 0 3004.DAT 
1 2 760 1032 700 -1 0 0 0 -1 0 0 0 1 3005.dat 
1 2 790 1032 680 -1 0 0 0 -1 0 0 0 1 3004.DAT 
1 2 810 1032 700 -1 0 0 0 -1 0 0 0 1 3004.DAT 
1 2 820 1032 670 0 0 1 0 -1 0 1 0 0 3004.DAT 
1 2 840 1032 630 0 0 1 0 -1 0 1 0 0 3004.DAT 
1 2 840 1032 660 -1 0 0 0 -1 0 0 0 1 3005.dat 
1 8 740 1032 650 0 0 1 0 -1 0 1 0 0 3004.DAT 
1 288 780 1032 770 0 0 1 0 -1 0 1 0 0 3004.DAT 
1 288 790 1032 800 -1 0 0 0 -1 0 0 0 1 3004.DAT 
1 288 830 1032 750 1 0 0 0 -1 0 0 0 -1 3001.DAT 
1 288 810 1032 780 -1 0 0 0 -1 0 0 0 1 3004.DAT 
1 288 800 1032 830 0 0 1 0 -1 0 1 0 0 3004.DAT 
1 288 820 1032 850 0 0 1 0 -1 0 1 0 0 3004.DAT 
1 288 820 1032 890 0 0 1 0 -1 0 1 0 0 3004.DAT 
1 288 840 1032 870 0 0 1 0 -1 0 1 0 0 3004.DAT 
1 288 840 1032 910 0 0 1 0 -1 0 1 0 0 3004.DAT 
1 288 870 1032 780 -1 0 0 0 -1 0 0 0 1 3004.DAT 
1 288 890 1032 850 1 0 0 0 -1 0 0 0 -1 3001.DAT 
1 288 860 1032 890 0 0 1 0 -1 0 1 0 0 3004.DAT 
1 288 880 1032 750 0 0 1 0 -1 0 1 0 0 3004.DAT 
1 288 890 1032 880 -1 0 0 0 -1 0 0 0 1 3004.DAT 
1 288 900 1032 770 0 0 1 0 -1 0 1 0 0 3004.DAT 
1 288 910 1032 810 0 0 1 0 -1 0 1 0 0 3003.DAT 
0 STEP
1 2 760 1056 670 0 0 1 0 -1 0 1 0 0 3004.DAT 
1 2 780 1056 650 0 0 1 0 -1 0 1 0 0 3004.DAT 
1 2 790 1056 680 -1 0 0 0 -1 0 0 0 1 3004.DAT 
1 2 800 1056 660 -1 0 0 0 -1 0 0 0 1 3005.dat 
1 2 820 1056 680 -1 0 0 0 -1 0 0 0 1 3005.dat 
1 288 800 1056 810 0 0 1 0 -1 0 1 0 0 3004.DAT 
1 288 810 1056 840 -1 0 0 0 -1 0 0 0 1 3004.DAT 
1 288 830 1056 790 0 0 1 0 -1 0 1 0 0 3003.DAT 
1 288 830 1056 820 -1 0 0 0 -1 0 0 0 1 3004.DAT 
1 288 840 1056 850 0 0 1 0 -1 0 1 0 0 3004.DAT 
1 288 860 1056 790 0 0 1 0 -1 0 1 0 0 3004.DAT 
1 288 860 1056 830 0 0 1 0 -1 0 1 0 0 3004.DAT 
1 288 880 1056 810 0 0 1 0 -1 0 1 0 0 3004.DAT 
1 81 920 288 840 -1 0 0 0 -1 0 0 0 1 3005.dat 
1 288 360 72 810 0 0 1 0 -1 0 1 0 0 3004.DAT 
1 288 360 72 840 -1 0 0 0 -1 0 0 0 1 3005.dat 
1 288 390 96 810 0 0 1 0 -1 0 1 0 0 3003.DAT 
1 288 420 96 830 0 0 1 0 -1 0 1 0 0 3004.DAT 
1 288 400 96 850 0 0 1 0 -1 0 1 0 0 3004.DAT 
1 288 440 72 830 0 0 1 0 -1 0 1 0 0 3004.DAT 
1 288 420 72 850 0 0 1 0 -1 0 1 0 0 3004.DAT 
1 288 460 48 830 0 0 1 0 -1 0 1 0 0 3004.DAT 
1 148 380 120 720 -1 0 0 0 -1 0 0 0 1 3005.dat 
1 288 780 144 40 -1 0 0 0 -1 0 0 0 1 3005.dat 
1 82 920 936 870 0 0 1 0 -1 0 1 0 0 3004.DAT 
1 82 920 912 870 0 0 1 0 -1 0 1 0 0 3004.DAT 
1 82 900 960 870 0 0 1 0 -1 0 1 0 0 3004.DAT 
1 288 890 984 920 -1 0 0 0 -1 0 0 0 1 3004.DAT 
1 288 930 984 920 -1 0 0 0 -1 0 0 0 1 3004.DAT 
1 288 940 912 790 0 0 1 0 -1 0 1 0 0 3004.DAT 
1 288 920 888 890 0 0 1 0 -1 0 1 0 0 3004.DAT 
1 288 910 984 940 -1 0 0 0 -1 0 0 0 1 3004.DAT 
1 288 870 984 940 -1 0 0 0 -1 0 0 0 1 3004.DAT 
1 81 1020 336 770 0 0 1 0 -1 0 1 0 0 3004.DAT 
1 81 460 240 780 -1 0 0 0 -1 0 0 0 1 3005.dat 
1 288 630 552 520 -1 0 0 0 -1 0 0 0 1 3004.DAT 
1 2 970 840 620 -1 0 0 0 -1 0 0 0 1 3004.DAT 
1 288 660 504 690 0 0 1 0 -1 0 1 0 0 3004.DAT 
1 288 680 480 680 -1 0 0 0 -1 0 0 0 1 3005.dat 
1 288 680 456 680 -1 0 0 0 -1 0 0 0 1 3005.dat 
1 288 640 528 710 0 0 1 0 -1 0 1 0 0 3004.DAT 
1 81 730 696 860 -1 0 0 0 -1 0 0 0 1 3004.DAT 
1 81 730 720 860 -1 0 0 0 -1 0 0 0 1 3004.DAT 
0 STEP